{"ae_train_losses": [124.78412799835205, 54.09381237030029, 48.031138801574706, 45.46883964538574, 42.1879358291626, 38.447376823425294, 35.832430076599124, 34.8243408203125, 33.91742343902588, 32.628231048583984, 30.864693546295165, 29.069068241119385, 28.23687114715576, 27.43751745223999, 27.05643424987793, 26.309197998046876, 25.79764413833618, 25.47658500671387, 25.389702796936035, 25.095239448547364, 24.985320854187012, 24.944112682342528, 24.80469455718994, 24.684081745147704, 24.560447788238527, 24.448256397247313, 24.513720893859862, 24.33426876068115, 24.665190410614013, 24.517933654785157, 24.228908920288085, 24.450661659240723, 25.036480331420897, 24.47678232192993, 24.257244777679443, 24.21269588470459, 24.021175956726076, 24.02570571899414, 23.994302558898926, 23.994862461090086, 23.825699901580812, 23.973873710632326, 23.970799732208253, 23.845022869110107, 23.779942798614503, 23.88862075805664, 23.915198802947998, 23.654541778564454, 23.758514308929442, 23.733549785614013, 23.620969104766846, 23.848193645477295, 23.79734706878662, 23.702237701416017, 23.79503116607666, 23.604010105133057, 23.673204517364503, 23.616418075561523, 23.511893939971923, 23.59691791534424, 23.589915466308593, 23.5333740234375, 23.63640546798706, 23.527162933349608, 23.60681047439575, 23.500406646728514, 23.433095073699953, 23.380497932434082, 23.353631210327148, 23.39573202133179, 23.41053762435913, 23.476593208312988, 23.444745349884034, 23.357595252990723, 23.391570854187012, 23.287214088439942, 23.3868447303772, 23.290484046936037, 23.391202640533447, 23.242773818969727, 23.298734951019288, 23.212965297698975, 23.36441926956177, 23.271661472320556, 23.14098129272461, 23.246791648864747, 23.10497417449951, 23.100458526611327, 23.014995288848876, 23.19616174697876, 23.063998317718507, 23.133042812347412, 23.07309846878052, 23.005485248565673, 23.055309867858888, 23.08696880340576, 23.224043369293213, 23.152092456817627, 22.91487064361572, 23.022859191894533], "ae_eval_losses": [96.50388622283936, 50.387584590911864, 52.9098162651062, 42.239880084991455, 40.687296867370605, 37.24733772277832, 35.10881404876709, 34.6285195350647, 33.35072040557861, 31.723598766326905, 30.19233889579773, 28.464665508270265, 27.57686038017273, 26.837921476364137, 26.499670267105103, 26.03219881057739, 25.65170292854309, 25.49460639953613, 25.032664585113526, 24.88878035545349, 24.86132869720459, 24.714959335327148, 24.496372365951537, 24.713991594314574, 24.91122031211853, 24.531400299072267, 24.246741008758544, 24.240623474121094, 24.157845211029052, 24.30881986618042, 24.438233661651612, 28.711798906326294, 24.649200248718262, 24.320311546325684, 23.920028972625733, 24.12958903312683, 24.0241819858551, 24.065234899520874, 23.89817876815796, 23.893739938735962, 23.81982274055481, 23.685841274261474, 24.29397678375244, 23.9208664894104, 23.80074806213379, 23.693025016784667, 23.72152509689331, 23.569000911712646, 23.65840702056885, 23.97284417152405, 23.55713243484497, 23.767317056655884, 23.83889217376709, 23.564615392684935, 23.66950407028198, 23.4986261844635, 23.515457344055175, 23.44188904762268, 23.80333766937256, 23.474034547805786, 23.445341396331788, 23.67005286216736, 23.52386121749878, 23.385429334640502, 23.530463409423827, 23.53995351791382, 23.5088942527771, 23.348743391036987, 23.35207347869873, 23.481055641174315, 23.340390491485596, 23.41628761291504, 23.32830400466919, 23.11965365409851, 23.15288848876953, 23.37010564804077, 23.316855812072752, 23.176571321487426, 23.36340913772583, 23.1297269821167, 23.13581428527832, 23.085304403305052, 22.95912699699402, 23.426943254470824, 23.238966941833496, 23.10878267288208, 23.225994729995726, 23.04992632865906, 23.07922625541687, 23.034490633010865, 23.016407251358032, 23.038153553009032, 22.977903509140013, 22.96964912414551, 23.038579511642457, 23.02854380607605, 23.175812005996704, 23.06554536819458, 22.999107789993285, 23.00422887802124]}