{"ae_train_losses": [133.4803819656372, 76.24157905578613, 53.47906279563904, 48.325246810913086, 44.3592369556427, 40.95247721672058, 37.76729941368103, 34.53871512413025, 32.594791412353516, 31.502410531044006, 30.339736104011536, 28.953051686286926, 27.85599458217621, 27.166916966438293, 26.736501455307007, 26.37448501586914, 25.84473705291748, 25.61369752883911, 25.460319757461548, 25.289221167564392, 25.223334670066833, 25.093612909317017, 24.96269166469574, 24.776421308517456, 24.79513728618622, 24.835017919540405, 24.625876545906067, 24.665430545806885, 24.424600481987, 24.40888476371765, 24.56262743473053, 24.462536931037903, 24.417845606803894, 24.48110842704773, 24.110889434814453, 24.25310528278351, 24.2156023979187, 24.229419112205505, 24.154942631721497, 23.934072971343994, 24.053917288780212, 24.183560252189636, 24.044532299041748, 23.95866096019745, 24.07142972946167, 23.996528029441833, 24.15447747707367, 24.19992733001709, 24.256743550300598, 24.030619859695435, 23.909711241722107, 23.95172870159149, 23.837718844413757, 24.080514907836914, 23.930792093276978, 23.74769651889801, 23.73159623146057, 23.725456595420837, 23.658705234527588, 23.79403054714203, 23.688145995140076, 23.55184805393219, 23.603515625, 23.733442783355713, 23.486331820487976, 23.597990036010742, 23.60594606399536, 23.45320701599121, 23.56153702735901, 23.54330801963806, 23.530848622322083, 23.392632126808167, 23.36954176425934, 23.473007321357727, 23.25534951686859, 23.366637587547302, 23.315273880958557, 23.20448386669159, 23.223557114601135, 23.324082851409912, 23.24814248085022, 23.482977271080017, 24.023563742637634, 24.26793384552002, 23.839255690574646, 23.713548064231873, 23.53374969959259, 23.340521693229675, 23.385541558265686, 23.25749385356903, 23.315458178520203, 23.331693053245544, 23.174201726913452, 23.423749446868896, 23.32547640800476, 23.18522012233734, 23.131193041801453, 23.07877290248871, 23.379887223243713, 23.187411904335022], "ae_eval_losses": [101.28655166625977, 71.29226169586181, 46.58425359725952, 42.93773412704468, 45.106734657287596, 40.51208000183105, 36.7275990486145, 33.81756801605225, 32.148354291915894, 31.178994750976564, 30.02106103897095, 28.41527705192566, 27.545686626434325, 26.91148223876953, 26.50257787704468, 26.069320058822633, 25.60715250968933, 25.445397520065306, 25.762193059921266, 25.28433437347412, 25.1565345287323, 25.01509771347046, 24.946348333358763, 24.76922287940979, 24.88363823890686, 24.970404624938965, 24.543687534332275, 24.40750322341919, 24.358743906021118, 24.87120690345764, 24.54533658027649, 24.49272303581238, 25.17890691757202, 24.786392498016358, 24.09555015563965, 24.37666997909546, 24.264457559585573, 24.30422706604004, 24.2093843460083, 23.84247307777405, 24.719236135482788, 23.861527824401854, 24.489858388900757, 23.90873122215271, 23.945893859863283, 24.5602427482605, 24.10889344215393, 24.26927571296692, 23.706897830963136, 23.723926973342895, 24.28361930847168, 24.198459911346436, 24.014370012283326, 23.964727115631103, 23.825785446166993, 23.61864275932312, 24.006734371185303, 23.558558416366576, 25.072000122070314, 23.95976552963257, 23.6668137550354, 23.69488320350647, 23.96384334564209, 23.733561849594118, 23.375712156295776, 23.674351072311403, 23.463475227355957, 23.43026943206787, 23.392086219787597, 23.65512948036194, 23.323125505447386, 23.329752206802368, 23.57849144935608, 23.451170253753663, 23.486337995529176, 23.37561092376709, 23.262304306030273, 23.29878649711609, 23.31831169128418, 23.419945430755615, 23.726738452911377, 23.31647834777832, 27.34069695472717, 23.61893720626831, 23.543603706359864, 23.706921100616455, 23.36778516769409, 23.438488483428955, 23.38121156692505, 23.446711015701293, 23.280114459991456, 23.24634404182434, 23.176184701919556, 23.100730419158936, 23.255912256240844, 23.270019483566283, 23.101754474639893, 23.170159435272218, 23.11226534843445, 23.335620403289795]}