{"ae_train_losses": [120.76619129180908, 58.52991580963135, 50.957496643066406, 46.69624404907226, 41.18504009246826, 36.793077850341795, 33.46424312591553, 30.71606159210205, 29.054408931732176, 27.90309658050537, 26.967443466186523, 26.33562126159668, 25.849495220184327, 25.39974594116211, 25.08493890762329, 24.89275493621826, 24.757280349731445, 24.77826061248779, 24.599600410461427, 24.62053565979004, 24.523558712005617, 24.46594934463501, 24.503037548065187, 24.36206293106079, 24.268065929412842, 24.386236667633057, 24.164521884918212, 24.031341552734375, 23.9561598777771, 24.02040376663208, 24.028159523010252, 24.06146697998047, 23.984057235717774, 24.012949752807618, 24.084701156616212, 23.981706523895262, 23.753617000579833, 23.783436012268066, 23.73063440322876, 23.75529556274414, 23.85645580291748, 23.731721115112304, 23.609211254119874, 23.718739128112794, 23.68020181655884, 23.803785037994384, 23.69212465286255, 23.612525844573973, 23.802324962615966, 23.77217569351196, 23.859584236145018, 23.634009552001952, 23.510909652709962, 23.492753982543945, 23.510357761383055, 23.568258380889894, 23.487638473510742, 23.587433528900146, 23.3615704536438, 23.517034435272215, 23.387815380096434, 23.450472354888916, 23.395553970336913, 23.320048809051514, 23.246885299682617, 23.41874990463257, 23.398436069488525, 23.20408401489258, 23.19663362503052, 23.336284160614014, 23.344084167480467, 23.21727418899536, 23.153398990631104, 23.17516384124756, 23.16035575866699, 23.153357601165773, 23.06742630004883, 23.160288524627685, 23.013087654113768, 23.08763370513916, 23.11011905670166, 23.117043113708498, 23.147351837158205, 22.976261711120607, 23.22803964614868, 23.07583303451538, 22.94988899230957, 22.972555541992186, 23.073952674865723, 23.05583782196045, 23.074673175811768, 22.890879249572755, 22.883107566833495, 23.010234069824218, 22.875573253631593, 22.86811637878418, 22.926123332977294, 22.919661617279054, 23.04303436279297, 23.070439434051515], "ae_eval_losses": [72.54715538024902, 50.703441047668456, 47.64184131622314, 45.12636842727661, 38.70837736129761, 35.57849941253662, 32.075224828720096, 30.190615224838258, 28.861897230148315, 27.316177082061767, 26.555281543731688, 26.032952642440797, 25.958958673477174, 25.293181562423705, 25.109743547439574, 25.030603694915772, 24.68812985420227, 24.753974962234498, 24.749002027511597, 24.843103075027464, 24.712908411026, 25.273699140548707, 24.963397598266603, 24.40126323699951, 24.300448274612428, 24.378123474121093, 24.137172555923463, 24.015121030807496, 23.91032495498657, 23.968367338180542, 24.381594276428224, 24.365837812423706, 24.29183144569397, 25.383648443222047, 24.067003440856933, 24.144159603118897, 23.97114019393921, 23.773414516448973, 23.907679796218872, 24.316778707504273, 23.69495987892151, 23.869109582901, 23.94256658554077, 23.823352146148682, 24.535358476638795, 23.777150917053223, 23.572580909729005, 23.73303380012512, 23.639075088500977, 24.25554394721985, 23.491863775253297, 23.5259388923645, 23.596825504302977, 23.7145779132843, 23.377310609817506, 23.452519989013673, 23.560155820846557, 23.51034994125366, 23.741743278503417, 23.662735748291016, 23.309688329696655, 23.576736211776733, 23.739233112335206, 23.320958805084228, 23.550164461135864, 23.6612380027771, 23.32248091697693, 23.156879138946532, 23.48648567199707, 23.36820411682129, 23.18662748336792, 23.134931898117067, 23.156381559371948, 23.148768138885497, 23.19449625015259, 23.157527732849122, 23.17433385848999, 23.166055059432985, 23.137437295913696, 23.074237537384032, 23.16868977546692, 23.006049251556398, 23.015178871154784, 23.103501510620116, 22.954757308959962, 23.01025824546814, 23.172071552276613, 23.222406673431397, 23.097296047210694, 22.941300535202025, 22.965299367904663, 22.943617391586304, 22.96855034828186, 22.92939200401306, 22.992976903915405, 23.000918674468995, 23.08435468673706, 23.625851774215697, 23.22809419631958, 23.76968216896057]}