{"ae_train_losses": [188.3047637939453, 163.11280822753906, 128.73460388183594, 121.15682983398438, 113.76105499267578, 111.79755401611328, 110.8553466796875, 109.16566467285156, 107.45535278320312, 106.64773559570312, 105.15552520751953, 103.7648696899414, 102.76566314697266, 101.53218841552734, 99.58745574951172, 97.94612121582031, 95.96538543701172, 93.76478576660156, 90.3815689086914, 87.14476013183594, 84.042724609375, 79.34613037109375, 75.75216674804688, 74.91497802734375, 70.23731994628906, 68.7245864868164, 64.66497039794922, 61.6335334777832, 60.46574401855469, 56.90028762817383, 56.144344329833984, 52.65367126464844, 53.25466537475586, 51.91001892089844, 51.01795196533203, 50.421913146972656, 48.72747039794922, 48.00090789794922, 47.88628387451172, 47.395076751708984, 47.71812057495117, 46.478065490722656, 45.5771369934082, 45.39292907714844, 44.988670349121094, 44.94403076171875, 45.08736801147461, 44.080535888671875, 42.605369567871094, 42.51337814331055, 43.13848876953125, 42.74527359008789, 43.67789077758789, 43.01708984375, 44.53630828857422, 44.2341194152832, 43.13823318481445, 41.7861213684082, 46.12993240356445, 42.207977294921875, 42.52402877807617, 44.4683837890625, 44.82765197753906, 42.30595016479492, 40.77833938598633, 39.71385955810547, 39.63710403442383, 44.04000473022461, 39.62906265258789, 41.35121536254883, 44.026084899902344, 44.49203109741211, 43.60148239135742, 42.59502410888672, 39.70893096923828, 38.26251983642578, 39.11831283569336, 41.49238204956055, 40.69970703125, 37.20213317871094, 38.60528564453125, 39.55784225463867, 38.00700759887695, 38.03862380981445, 38.15303039550781, 36.631832122802734, 36.06277847290039, 35.75770568847656, 35.721473693847656, 36.42984390258789, 36.46075439453125, 35.950130462646484, 34.80593490600586, 36.27536392211914, 35.25786209106445, 35.22127914428711, 35.22040557861328, 34.634727478027344, 34.774925231933594, 34.31403732299805], "ae_eval_losses": [154.37787628173828, 150.36967124938965, 138.4076457977295, 128.87578163146972, 120.84231052398681, 116.32674922943116, 113.1081413269043, 110.5208833694458, 108.4033145904541, 106.71624794006348, 105.46609020233154, 104.25255737304687, 102.91716995239258, 101.58682231903076, 100.2481092453003, 99.09404640197754, 97.69154281616211, 96.53562278747559, 95.30692234039307, 93.58642463684082, 90.7246229171753, 87.72256641387939, 85.09610519409179, 86.06133041381835, 87.98762474060058, 86.37142658233643, 79.942112159729, 73.2529128074646, 67.9794849395752, 62.80699529647827, 58.64015588760376, 54.67181816101074, 51.94217109680176, 52.62696704864502, 52.44719772338867, 53.2427417755127, 52.49162645339966, 52.3392840385437, 55.482281398773196, 58.23058080673218, 57.800646686553954, 56.25572366714478, 55.28425693511963, 54.73595924377442, 53.069197750091554, 53.07468090057373, 54.01019029617309, 53.343306159973146, 51.94018659591675, 49.83693656921387, 49.23577671051025, 48.83108901977539, 56.932532119750974, 62.71951036453247, 62.24716777801514, 56.705793952941896, 49.62418279647827, 44.7717809677124, 49.96655044555664, 54.75084228515625, 56.160867595672606, 54.81500244140625, 51.143697547912595, 45.89081220626831, 42.335857486724855, 40.96917963027954, 40.6250358581543, 42.95181884765625, 47.89073486328125, 51.29036808013916, 51.77764902114868, 49.599059677124025, 46.51785573959351, 42.719558238983154, 40.12938222885132, 39.135073852539065, 38.94439754486084, 38.684021377563475, 38.885180377960204, 40.02976245880127, 41.089966011047366, 41.307733154296876, 40.65816097259521, 39.418641567230225, 38.14789705276489, 37.55345344543457, 37.22653045654297, 37.11305980682373, 37.06124076843262, 36.89128122329712, 36.90491609573364, 37.06320781707764, 37.09214859008789, 37.069467544555664, 36.696455764770505, 36.49725151062012, 36.157163047790526, 36.0154914855957, 35.821910572052005, 35.75905838012695]}