{"ae_train_losses": [121.28569450378419, 56.36000308990479, 48.42497215270996, 41.80258655548096, 38.457639503479, 35.54248161315918, 32.118367958068845, 28.98734712600708, 26.945426368713377, 25.837590980529786, 25.24350185394287, 24.704336738586427, 24.637633991241454, 24.437552070617677, 24.4633056640625, 24.323004913330077, 24.084677124023436, 24.078635501861573, 24.0804386138916, 24.053977966308594, 24.039155197143554, 23.811795139312743, 23.883117198944092, 23.6958176612854, 23.57062120437622, 23.60723295211792, 23.47916707992554, 23.368243598937987, 23.24663438796997, 23.102949142456055, 22.879433822631835, 22.829707431793214, 22.504327869415285, 22.468536186218262, 22.365420627593995, 22.0940299987793, 22.028267478942873, 21.9222092628479, 21.800089263916014, 21.762458515167236, 21.646386528015135, 21.52745952606201, 21.44486036300659, 21.41772928237915, 21.330774307250977, 21.18775815963745, 21.162921524047853, 21.13712921142578, 21.091940784454344, 21.080348205566406, 21.003571224212646, 20.87603368759155, 20.7308331489563, 20.85785503387451, 20.78662567138672, 20.698488330841066, 20.584612369537354, 20.642714405059813, 20.589843463897704, 20.556752014160157, 20.361630821228026, 20.346454048156737, 20.404056453704833, 20.215100288391113, 20.200695323944093, 20.16206932067871, 20.165513038635254, 20.06115131378174, 20.132079315185546, 19.91596727371216, 19.96960229873657, 19.950717067718507, 19.931709384918214, 19.87618217468262, 19.841646099090575, 19.944188594818115, 19.783764839172363, 19.807730960845948, 19.74659671783447, 19.692407035827635, 19.834685802459717, 19.64277238845825, 19.641207695007324, 19.66616020202637, 19.655257987976075, 19.499576473236083, 19.53257703781128, 19.513273620605467, 19.584570121765136, 19.50114164352417, 19.551566886901856, 19.432251739501954, 19.50553207397461, 19.38733615875244, 19.374045658111573, 19.394491481781007, 19.47906312942505, 19.360011100769043, 19.305117416381837, 19.26301774978638], "ae_eval_losses": [94.93890533447265, 48.97236166000366, 46.99351644515991, 39.403865051269534, 37.21212310791016, 34.022310733795166, 31.25583658218384, 28.185498094558717, 26.32692666053772, 25.52493600845337, 24.95988826751709, 24.76660900115967, 24.561771965026857, 24.47538094520569, 24.447799015045167, 24.063159275054932, 24.035073947906493, 24.300490856170654, 24.158869361877443, 24.130748987197876, 24.043606662750243, 23.81685824394226, 24.09537591934204, 23.72545886039734, 23.632877540588378, 23.623542022705077, 23.377486324310304, 23.282345914840697, 23.066193199157716, 22.897305250167847, 22.820016384124756, 22.587606382369994, 22.488717555999756, 22.490699529647827, 22.390436983108522, 22.09291229248047, 21.97838959693909, 22.022919940948487, 21.808715295791625, 21.63891453742981, 21.776353549957275, 21.482871866226198, 21.747158575057984, 21.531730699539185, 21.347186899185182, 21.168446254730224, 21.11369471549988, 21.12077131271362, 21.012749195098877, 20.933417129516602, 20.857228899002074, 20.858779907226562, 20.78618459701538, 20.847620725631714, 20.754480171203614, 20.809130239486695, 20.617091798782347, 20.66834044456482, 20.639855480194093, 20.5084632396698, 20.5044885635376, 20.574834012985228, 20.22723522186279, 20.1816867351532, 20.19427099227905, 20.231535768508913, 20.26876606941223, 20.19595913887024, 20.112832736968993, 20.054043292999268, 20.088866090774538, 20.018255043029786, 19.95039744377136, 19.933590936660767, 20.194342041015624, 19.967424058914183, 20.03858380317688, 19.845898485183717, 19.78849062919617, 19.695420837402345, 19.740369415283205, 19.734163904190062, 19.747975540161132, 19.72883744239807, 19.605540609359743, 19.58577456474304, 19.79474449157715, 19.71843876838684, 19.640017223358154, 19.579740238189697, 19.594121789932252, 19.543097019195557, 19.567398595809937, 19.523068952560426, 19.55164270401001, 19.73469467163086, 19.552828073501587, 19.50897889137268, 19.36424446105957, 19.425690937042237]}