{"ae_train_losses": [147.63744163513184, 113.50677967071533, 76.44852876663208, 57.49471044540405, 53.77634382247925, 51.09742546081543, 51.690706729888916, 47.057323932647705, 43.79900598526001, 41.32828760147095, 39.740702629089355, 38.38838005065918, 36.8161506652832, 35.30218982696533, 33.76926040649414, 31.87087392807007, 30.354267597198486, 29.432544708251953, 28.38401198387146, 27.67597794532776, 27.05562424659729, 26.266992330551147, 25.84450650215149, 25.499114751815796, 25.202367782592773, 25.114001989364624, 25.060027360916138, 24.89686346054077, 24.670838117599487, 24.648979663848877, 24.643948793411255, 24.5549738407135, 24.41355323791504, 24.465603590011597, 24.39694046974182, 24.27450180053711, 24.525983333587646, 24.373822450637817, 24.143007278442383, 24.06379771232605, 24.046948671340942, 23.905252933502197, 24.05136513710022, 23.821207761764526, 23.993767023086548, 23.915844440460205, 23.879767179489136, 23.836193323135376, 23.735918521881104, 23.684635877609253, 23.58700466156006, 23.609760284423828, 23.412323474884033, 23.54460644721985, 23.337411165237427, 23.529664993286133, 23.683913469314575, 23.63875460624695, 23.0684814453125, 23.21294641494751, 22.977316856384277, 23.03269910812378, 23.12728786468506, 23.031343936920166, 22.931782484054565, 22.762845754623413, 22.765841245651245, 22.856309175491333, 22.730883836746216, 22.75210189819336, 22.78768491744995, 22.668395519256592, 22.576749563217163, 22.58662509918213, 22.390583992004395, 22.43909788131714, 22.4413743019104, 22.307473182678223, 22.335306644439697, 22.221007585525513, 22.423107862472534, 22.14795684814453, 22.14996862411499, 22.097081422805786, 22.007325410842896, 21.98175024986267, 22.028176307678223, 21.838239192962646, 21.87736701965332, 21.831804513931274, 21.904221057891846, 21.73554015159607, 21.69823431968689, 21.394699096679688, 21.478855848312378, 21.40961241722107, 21.36039137840271, 21.396132230758667, 21.49698781967163, 21.33799648284912], "ae_eval_losses": [123.11634902954101, 107.58102874755859, 72.17949886322022, 73.2582293510437, 53.39029207229614, 47.08300657272339, 44.9845308303833, 41.326312351226804, 40.93380651473999, 41.526998901367186, 40.595159721374515, 38.49143037796021, 36.77852811813354, 34.96758346557617, 32.98232011795044, 31.017094802856445, 29.539418029785157, 28.773746967315674, 27.841560220718385, 27.470001554489137, 26.85111246109009, 25.945085763931274, 25.574091577529906, 25.335645961761475, 25.222591495513917, 25.10018410682678, 25.08718786239624, 24.75946636199951, 24.51724829673767, 24.590392923355104, 24.462710571289062, 24.473915910720827, 24.4293053150177, 24.519592761993408, 24.303554439544676, 24.391738748550416, 24.25338225364685, 24.18623070716858, 24.169157028198242, 24.070236921310425, 23.972025632858276, 23.915532207489015, 23.936947441101076, 24.28787055015564, 23.918724298477173, 24.06439251899719, 23.766675615310668, 24.01614351272583, 23.730696773529054, 23.43497133255005, 23.419888734817505, 23.562336111068724, 23.263514232635497, 23.17917194366455, 23.402370166778564, 23.98447117805481, 23.89613981246948, 23.18964900970459, 23.120130205154418, 23.050259113311768, 23.024562978744505, 23.250369167327882, 23.19369673728943, 23.047988080978392, 22.923547410964964, 23.03104305267334, 23.193602132797242, 22.778894901275635, 22.815086793899535, 22.86762309074402, 22.655209016799926, 22.65272307395935, 22.825070810317992, 22.835969543457033, 22.499847507476808, 23.0622829914093, 22.44233841896057, 22.348735427856447, 22.273545455932616, 22.42917857170105, 22.223029804229736, 22.062504482269286, 22.184772109985353, 22.144126844406127, 22.012800407409667, 22.16889605522156, 22.523527574539184, 22.05713038444519, 21.9946496963501, 22.172396755218507, 22.148942708969116, 21.73171463012695, 21.84955472946167, 21.668859004974365, 21.54828200340271, 21.51026406288147, 21.734660196304322, 21.75278220176697, 21.651278066635133, 21.69873204231262]}