{"ae_train_losses": [142.64316495259604, 69.42750771840413, 54.345059076944985, 49.94995435078939, 48.28081957499186, 43.507107416788735, 39.93137454986572, 37.72833569844564, 36.58146540323893, 35.3861198425293, 34.462416648864746, 33.28728771209717, 31.882812182108562, 30.70906988779704, 29.863853931427002, 29.452770551045734, 28.804729461669922, 28.74656883875529, 28.41056728363037, 27.79363441467285, 27.376638253529865, 26.98357391357422, 26.612178802490234, 26.608520825703938, 26.348110516866047, 26.282637119293213, 25.87031316757202, 25.515914758046467, 25.40075969696045, 25.171840985616047, 25.04379940032959, 24.722216765085857, 24.540996710459392, 24.46725368499756, 24.378679275512695, 24.50023825963338, 24.518415451049805, 24.341010252634685, 24.173186143239338, 24.18531545003255, 24.18200922012329, 24.112539291381836, 24.17307774225871, 24.258162180582683, 24.145408789316814, 24.049223105112713, 23.936822096506756, 24.032145659128826, 23.97067658106486, 24.0230614344279, 23.90219783782959, 23.87115987141927, 23.9136643409729, 23.748263041178387, 23.799220244089764, 23.9694078763326, 23.882386207580566, 23.755719025929768, 23.785054842631023, 23.67806323369344, 23.85754680633545, 23.79501215616862, 23.809779167175293, 23.891384601593018, 23.709169387817383, 23.68171262741089, 23.82168658574422, 23.788700421651203, 23.757924397786457, 23.553576310475666, 23.712318261464436, 23.705751101175945, 23.53703260421753, 23.48676586151123, 23.547574043273926, 23.63780864079793, 23.72693411509196, 23.620322068532307, 23.486907482147217, 23.48166545232137, 23.55404758453369, 23.400419235229492, 23.392895698547363, 23.360514005025227, 23.219385782877605, 23.26140244801839, 23.44045368830363, 23.375173409779865, 23.269285360972088, 23.37897189458211, 23.225903034210205, 23.36870241165161, 23.326172987620037, 23.43632396062215, 23.450572808583576, 23.29758644104004, 23.20574696858724, 23.156458377838135, 23.213526407877605, 23.196096420288086], "ae_eval_losses": [121.98996315002441, 58.07152328491211, 51.73196744918823, 51.36848888397217, 42.80798654556274, 43.27847557067871, 39.599059677124025, 37.57048645019531, 36.16254367828369, 34.9878716468811, 34.06270608901978, 32.53420033454895, 31.09922194480896, 29.922088146209717, 29.343251276016236, 28.520117235183715, 28.90398440361023, 28.922833013534547, 27.90146279335022, 27.294258022308348, 27.468080902099608, 26.62672185897827, 26.434766817092896, 26.443136835098265, 26.528434896469115, 26.244183206558226, 25.565692806243895, 25.310390043258668, 25.35200047492981, 25.0790075302124, 25.050738716125487, 24.635674381256102, 24.86363477706909, 24.417193126678466, 24.249379634857178, 25.39629979133606, 24.266715240478515, 24.179761600494384, 24.489739084243773, 24.279287576675415, 24.268236207962037, 24.126698589324953, 24.307871341705322, 24.125376892089843, 24.274556732177736, 23.85710701942444, 23.807221364974975, 24.199170732498168, 24.040638256073, 24.004760932922363, 23.913325119018555, 24.257212352752685, 23.70343589782715, 23.707500839233397, 24.28780851364136, 23.687093448638915, 24.36457223892212, 23.42892417907715, 23.889324045181276, 24.13230185508728, 24.006999254226685, 23.79840817451477, 23.84601354598999, 24.522795057296754, 23.81092839241028, 23.564383220672607, 26.03992338180542, 24.522958326339722, 23.616662073135377, 23.642679119110106, 23.45805654525757, 23.704713582992554, 23.670669031143188, 23.4139347076416, 23.44847779273987, 23.60505394935608, 23.673802280426024, 23.511286592483522, 23.391494846343996, 23.560996866226198, 23.425598287582396, 23.36410708427429, 23.460743188858032, 23.356668853759764, 23.33386812210083, 23.370051908493043, 23.85928645133972, 23.643322229385376, 23.33222370147705, 23.336041307449342, 23.311148023605348, 24.58597078323364, 23.4552640914917, 23.3269033908844, 23.404624652862548, 23.15861110687256, 23.2395179271698, 23.171678638458253, 23.29600501060486, 23.176437520980834]}