{"ae_train_losses": [120.77894337972005, 58.60135555267334, 47.42259661356608, 42.494038581848145, 39.59807618459066, 37.76849905649821, 36.15120347340902, 34.03473663330078, 32.15034580230713, 30.696826140085857, 29.377817630767822, 28.343594710032146, 27.533342202504475, 26.859293301900227, 26.207579612731934, 25.704691410064697, 25.410340944925945, 25.257760365804035, 25.21239137649536, 24.993252754211426, 25.02458906173706, 24.730499108632404, 24.7094562848409, 24.570109367370605, 24.547452926635742, 24.293383439381916, 24.366782824198406, 24.484975337982178, 24.388635953267414, 24.22930653889974, 24.06696017583211, 24.07554292678833, 24.0219087600708, 23.904631455739338, 24.126812140146892, 24.140196323394775, 24.031531016031902, 24.084160486857098, 24.008618036905926, 23.949930667877197, 23.96370013554891, 24.016106446584065, 23.959325949350994, 23.61807092030843, 23.67456515630086, 23.83507776260376, 23.805049260457356, 24.01806338628133, 23.678883870442707, 23.69377628962199, 23.63518826166789, 23.65779399871826, 23.45839325586955, 23.489097118377686, 23.37171681722005, 23.597539107004803, 23.322326342264812, 23.466352939605713, 23.42932351430257, 23.369085629781086, 23.458916346232098, 23.204779148101807, 23.42824951807658, 23.269047896067303, 23.116029262542725, 23.35761610666911, 23.44516658782959, 23.296118418375652, 23.213197549184162, 23.352498531341553, 23.21744203567505, 23.182168006896973, 23.140459537506104, 23.2294438680013, 23.117926597595215, 23.001708507537842, 22.990029335021973, 23.031864325205486, 23.048814296722412, 22.942618529001873, 23.045544465382893, 22.81890328725179, 22.857738812764484, 22.8907151222229, 22.863163471221924, 22.76564375559489, 22.754091262817383, 22.60057322184245, 22.628308296203613, 22.508578300476074, 22.551749229431152, 22.395992437998455, 22.49330774943034, 22.367180506388348, 22.46617539723714, 22.4343417485555, 22.26156536738078, 22.223148822784424, 22.16885773340861, 22.382793426513672], "ae_eval_losses": [128.01496295928956, 52.258415603637694, 46.93473672866821, 42.177762031555176, 40.06752500534058, 38.10618677139282, 35.36088905334473, 33.42948689460754, 31.402945947647094, 30.14569182395935, 28.969499111175537, 27.824300479888915, 27.05441298484802, 26.84278874397278, 26.105369567871094, 25.402839374542236, 25.45314989089966, 25.265450859069823, 25.126674318313597, 24.931047344207762, 24.88207879066467, 24.706681632995604, 24.451948356628417, 24.589412212371826, 24.300519514083863, 24.39624137878418, 24.640151500701904, 24.511162948608398, 24.295439624786376, 24.153239011764526, 23.975559520721436, 24.078669929504393, 23.948839807510375, 24.241736888885498, 24.018832969665528, 24.031741762161253, 24.18778018951416, 24.149325466156007, 24.21664080619812, 24.457002449035645, 23.937698221206666, 24.003821563720702, 23.889744663238524, 23.64070520401001, 23.854769659042358, 23.6185094833374, 24.23316297531128, 23.78096013069153, 23.67933416366577, 23.68082242012024, 23.7563205242157, 23.69176001548767, 23.656774520874023, 23.444185400009154, 23.516810750961305, 23.424488830566407, 23.480898952484132, 23.55884075164795, 23.584201335906982, 23.556877660751343, 23.327604293823242, 23.499970197677612, 23.53484239578247, 23.386640214920043, 23.299750900268556, 23.3538761138916, 23.627476167678832, 23.28260259628296, 23.217087602615358, 23.459918689727782, 23.357635498046875, 23.354496908187866, 23.238780212402343, 23.12564001083374, 23.243129682540893, 23.13119626045227, 22.92517352104187, 22.967922019958497, 23.106364154815672, 22.88497805595398, 22.92915782928467, 22.885221672058105, 23.00209422111511, 22.955416107177733, 22.884412717819213, 22.834969997406006, 22.843994140625, 22.713636445999146, 22.632486724853514, 22.749861001968384, 22.576692962646483, 22.60474009513855, 22.664068937301636, 22.499713516235353, 22.52287006378174, 22.389678382873534, 22.421490097045897, 22.34512848854065, 22.445484924316407, 22.269829082489014]}