{"ae_train_losses": [135.50664901733398, 63.838911056518555, 54.41881060600281, 51.086819887161255, 49.03326439857483, 47.28882312774658, 47.12975597381592, 43.807685136795044, 38.46647500991821, 35.13031983375549, 32.0826358795166, 29.964733242988586, 28.908761382102966, 28.013275146484375, 27.323902487754822, 26.557820081710815, 26.146581649780273, 25.657947063446045, 25.430631279945374, 25.285732626914978, 25.143733263015747, 24.860151529312134, 24.852134466171265, 24.89967429637909, 24.715657114982605, 24.715441703796387, 24.523367643356323, 24.55246067047119, 24.39437425136566, 24.420307636260986, 24.235952734947205, 24.200032830238342, 24.24842870235443, 24.20902717113495, 24.26413071155548, 24.227614760398865, 24.136319398880005, 24.087555646896362, 23.966946721076965, 24.029927253723145, 24.069173097610474, 23.882879376411438, 23.894910097122192, 23.89134931564331, 23.863151788711548, 23.82181441783905, 23.839847564697266, 23.831891536712646, 23.823162078857422, 23.745734453201294, 23.814437866210938, 23.72843849658966, 23.62696921825409, 23.545321941375732, 23.937495231628418, 23.69908356666565, 23.812604904174805, 23.666174054145813, 23.60238218307495, 23.617724061012268, 23.572353720664978, 23.64920961856842, 23.559550881385803, 23.36419379711151, 23.566803455352783, 23.527493715286255, 23.426430463790894, 23.58907651901245, 23.540520429611206, 23.449002504348755, 23.471298217773438, 23.51760196685791, 23.580214262008667, 23.486931204795837, 23.55750334262848, 23.40076780319214, 23.25596022605896, 23.468559861183167, 23.346051573753357, 23.50067412853241, 23.25407862663269, 23.144075751304626, 23.183591842651367, 23.269402265548706, 23.451295375823975, 23.993686199188232, 23.505375146865845, 23.484749913215637, 23.27337384223938, 23.169451236724854, 23.274047374725342, 23.184550642967224, 23.323766231536865, 23.213574528694153, 23.108928203582764, 23.24531626701355, 23.069872856140137, 23.208646535873413, 23.115124940872192, 23.179901361465454], "ae_eval_losses": [125.33912467956543, 55.354981899261475, 50.56352376937866, 47.732647800445555, 50.440125942230225, 44.38385944366455, 60.65424375534057, 40.29515600204468, 36.112026405334475, 33.504211235046384, 30.588214635849, 29.376716089248657, 28.51640591621399, 27.527717304229736, 27.04414038658142, 26.44694709777832, 25.81611852645874, 25.543344068527222, 25.312561559677125, 25.17505750656128, 25.07434916496277, 24.766453409194945, 24.923990106582643, 24.90073518753052, 24.75364480018616, 24.767860078811644, 24.74190926551819, 24.43710126876831, 24.407595109939574, 24.532154083251953, 24.262002849578856, 24.413818836212158, 24.200820779800416, 24.42777075767517, 24.362517023086546, 25.779865121841432, 24.35281114578247, 23.967370176315306, 23.94229702949524, 24.05245771408081, 23.83088183403015, 24.110729122161864, 23.874560356140137, 24.10303454399109, 23.659840202331544, 23.95045623779297, 24.27992663383484, 24.00997633934021, 24.32138419151306, 24.124416255950926, 23.792659521102905, 23.85046305656433, 23.533836936950685, 23.73800039291382, 24.25509605407715, 23.752009630203247, 23.822347402572632, 23.606084871292115, 23.561406421661378, 23.728945875167845, 24.04142336845398, 23.725669431686402, 23.56528859138489, 23.637292909622193, 23.526347351074218, 23.618295097351073, 23.65127477645874, 23.741280031204223, 23.397892045974732, 23.54984760284424, 23.8343994140625, 23.48058362007141, 23.61062684059143, 23.521614694595335, 23.31791877746582, 23.480255651474, 23.54434976577759, 23.262785768508913, 23.383116579055788, 23.38391284942627, 23.471899461746215, 23.1253942489624, 23.178430700302123, 23.17485065460205, 28.69950661659241, 23.97428340911865, 23.609336137771606, 23.352611589431763, 23.310632991790772, 23.147162675857544, 23.241771507263184, 23.040525007247926, 23.355545806884766, 23.09195146560669, 23.0669958114624, 23.115926647186278, 23.153145694732665, 23.11233859062195, 23.228036642074585, 23.2602068901062]}