{"ae_train_losses": [135.07312774658203, 78.29391574859619, 50.01878261566162, 45.74424489339193, 46.97912851969401, 42.41207027435303, 39.97052923838297, 38.3601271311442, 37.45299879709879, 36.48387145996094, 34.86085510253906, 32.77516587575277, 30.477502822875977, 28.92035373051961, 27.612390359242756, 26.91257127126058, 26.324042161305744, 25.849313894907635, 25.282447814941406, 25.089706103007, 24.642885367075603, 24.55735492706299, 24.43895975748698, 24.406815846761067, 24.295398235321045, 24.241635004679363, 24.196170171101887, 24.08904504776001, 24.064693927764893, 23.968308607737224, 23.964171886444092, 23.984389305114746, 23.90872605641683, 23.79291343688965, 23.881171385447185, 23.786009947458904, 23.722825527191162, 23.672590732574463, 23.793778896331787, 23.564967155456543, 23.600464979807537, 23.604341506958008, 23.56661303838094, 23.350414594014484, 23.531682014465332, 23.42666228612264, 23.310598532358807, 23.3005797068278, 23.36172882715861, 23.223453521728516, 23.29181893666585, 23.017964998881023, 23.171434720357258, 22.996984481811523, 22.8674103418986, 22.8436697324117, 22.834288597106934, 22.73217026392619, 22.5798176129659, 22.635423978169758, 22.476562023162842, 22.521965821584065, 22.414379596710205, 22.462379773457844, 22.328165531158447, 22.263996124267578, 22.30116319656372, 22.080979347229004, 22.094622294108074, 22.05289093653361, 22.061501661936443, 21.929244995117188, 21.729867299397785, 21.78839874267578, 21.826225916544598, 21.65528090794881, 21.56156841913859, 21.727830092112224, 21.73472515741984, 21.57758617401123, 21.500908533732098, 21.494243303934734, 21.46867084503174, 21.49005190531413, 21.480213165283203, 21.36596171061198, 21.443312486012776, 21.190640131632488, 21.2542986869812, 21.10029935836792, 21.10077778498332, 21.072187105814617, 21.15219036738078, 21.0142765045166, 20.878325939178467, 20.77783139546712, 20.846065839131672, 20.798661549886067, 20.757803440093994, 20.828593889872234], "ae_eval_losses": [109.25341815948487, 59.1611891746521, 50.450063133239745, 48.451956844329835, 42.7248158454895, 40.35585927963257, 40.01622896194458, 38.5198787689209, 38.15862407684326, 35.512210273742674, 34.368795490264894, 31.42910032272339, 29.385799598693847, 28.194397497177125, 27.087368059158326, 26.61130485534668, 26.015367174148558, 25.640709257125856, 25.173519229888917, 24.70939431190491, 24.67274432182312, 24.68950548171997, 24.413472032547, 24.17404007911682, 24.343637895584106, 24.15157370567322, 24.075914335250854, 24.04165940284729, 24.163400220870972, 24.002389192581177, 23.992205476760866, 23.839346504211427, 23.860176706314085, 23.914439535140993, 23.76137137413025, 23.863700580596923, 23.7104061126709, 23.60182194709778, 23.742439126968385, 23.59872636795044, 23.64524140357971, 23.656764221191406, 23.53069672584534, 23.55103850364685, 23.341512537002565, 23.28109016418457, 23.321844720840453, 23.275687742233277, 23.27630043029785, 23.177230405807496, 23.177059841156005, 23.154014539718627, 23.05901861190796, 22.826164197921752, 22.804197454452513, 22.870473909378052, 22.845205307006836, 22.713554191589356, 22.79640860557556, 22.653162574768068, 22.649260425567626, 22.573993682861328, 22.51879553794861, 22.349730825424196, 22.29921932220459, 22.413374757766725, 22.134373044967653, 22.192406177520752, 22.119192600250244, 22.13909182548523, 22.012220096588134, 21.899964237213133, 21.827777051925658, 21.882426166534422, 21.820264530181884, 21.86396255493164, 21.90530672073364, 21.761798238754274, 21.88894839286804, 21.61658058166504, 21.70823202133179, 21.618723344802856, 21.479967069625854, 21.60111403465271, 21.40949501991272, 21.528070735931397, 21.313688850402833, 21.394574689865113, 21.373856115341187, 21.196455001831055, 21.192225694656372, 21.184106063842773, 21.13450756072998, 21.062208271026613, 20.978292989730836, 21.039319372177125, 21.08523235321045, 20.872935342788697, 20.996205854415894, 20.882650995254515]}