{"ae_train_losses": [127.00507990519206, 74.02512741088867, 53.2467877070109, 48.90278625488281, 47.83002726236979, 50.22779210408529, 44.95526568094889, 41.29505888621012, 37.70451005299886, 34.606176694234215, 32.18360948562622, 30.276437759399414, 29.023023287455242, 27.911166191101074, 27.35129753748576, 26.86739508310954, 26.356615384419758, 25.955886999766033, 25.577207406361897, 25.377918879191082, 25.25771411259969, 25.085958003997803, 24.93794870376587, 24.93489424387614, 24.80354420344035, 24.644407908121746, 24.53716770807902, 24.485457102457683, 24.44347047805786, 24.4614733060201, 24.258178393046062, 24.149263858795166, 24.28282403945923, 24.22685209910075, 24.38901154200236, 24.34380229314168, 24.258621056874592, 24.210763454437256, 24.121779918670654, 24.283228397369385, 24.240142504374187, 24.052704970041912, 23.969210147857666, 23.898039023081463, 23.771286805470783, 23.878692785898846, 23.841791947682697, 23.982990582784016, 23.900413036346436, 23.922282377878826, 23.729344844818115, 23.939355691274006, 23.776952107747395, 23.831234455108643, 23.644954840342205, 23.79749631881714, 23.656856377919514, 23.53229014078776, 23.59542989730835, 23.568544069925945, 23.669122219085693, 23.56371529897054, 23.535049279530842, 23.462822278340656, 23.565343697865803, 23.681782563527424, 23.57904640833537, 23.817015647888184, 23.823858896891277, 23.97717348734538, 23.837992191314697, 24.093526363372803, 23.7679230372111, 23.675843238830566, 23.69121026992798, 23.65342124303182, 23.414109706878662, 23.407135009765625, 23.240835825602215, 23.359783967336018, 23.274205843607586, 23.187885125478108, 23.18467442194621, 23.26394557952881, 23.221578121185303, 23.128339131673176, 22.953278064727783, 22.969400882720947, 22.80801232655843, 22.749849955240887, 22.768077850341797, 22.817611694335938, 22.769548575083416, 22.64095449447632, 22.77164427439372, 22.825771649678547, 22.81478977203369, 22.695725440979004, 22.67746655146281, 22.823358694712322], "ae_eval_losses": [103.25342864990235, 68.80051441192627, 54.757064247131346, 54.57730331420898, 52.24871826171875, 42.64082050323486, 40.201628017425534, 37.81134548187256, 37.50140228271484, 34.22317209243774, 31.225918674468993, 29.72769751548767, 28.519580841064453, 27.42569766044617, 26.916502380371092, 26.40973844528198, 26.180481004714967, 25.758113193511964, 25.318193483352662, 25.283499908447265, 25.352547216415406, 24.930877447128296, 24.963507890701294, 24.821323251724245, 24.604617166519166, 24.68721761703491, 24.484070539474487, 24.40195736885071, 24.40646061897278, 24.589292287826538, 24.312535667419432, 24.166713571548463, 24.244832944869994, 24.44355764389038, 24.18063917160034, 24.559811925888063, 24.327812004089356, 24.02706642150879, 24.283095121383667, 24.018573141098024, 23.86901149749756, 23.927702569961546, 23.94027042388916, 23.906393098831177, 23.800674867630004, 23.814702558517457, 23.72349615097046, 24.208758544921874, 23.68231019973755, 23.896008253097534, 23.630290699005126, 23.970262432098387, 23.670400762557982, 23.615542793273924, 23.70756402015686, 23.930722570419313, 23.574309730529784, 23.5874107837677, 23.607068490982055, 23.970421075820923, 23.615078115463255, 23.663277244567873, 23.814291954040527, 23.716979789733887, 23.407575845718384, 23.69598755836487, 23.454880714416504, 65.0972885131836, 26.92915472984314, 23.859490394592285, 24.020300579071044, 23.7856379032135, 24.011206579208373, 23.694935417175294, 23.578732681274413, 23.394586658477785, 23.351840019226074, 23.25186982154846, 23.26336359977722, 23.275614547729493, 23.210233306884767, 23.186673402786255, 22.934302425384523, 23.013888216018678, 23.037695169448853, 22.96502294540405, 23.227453804016115, 22.98966488838196, 22.862362003326417, 22.985767078399657, 22.697949981689455, 22.83529396057129, 22.64448504447937, 22.696694374084473, 22.604991483688355, 22.888530111312868, 22.72021050453186, 22.826531171798706, 22.652060794830323, 22.80895028114319]}