{"ae_train_losses": [74.93379878997803, 46.29187083244324, 40.97718143463135, 36.243447065353394, 32.33305549621582, 28.947885155677795, 26.32887327671051, 24.775625824928284, 23.98096191883087, 23.068188190460205, 22.42164957523346, 21.8680921792984, 21.61535608768463, 21.41875183582306, 21.365549683570862, 21.307611107826233, 21.004254817962646, 21.007576823234558, 20.89232623577118, 20.73042595386505, 20.574568271636963, 20.55861246585846, 20.619452357292175, 20.53820514678955, 20.51976191997528, 20.450429439544678, 20.23897910118103, 20.33117151260376, 20.253402709960938, 20.06451380252838, 20.255783081054688, 20.274773597717285, 20.073387026786804, 20.050103306770325, 19.892707586288452, 19.90009880065918, 19.95994007587433, 19.850788712501526, 19.915817975997925, 19.614078760147095, 19.66789710521698, 19.700018286705017, 19.704496145248413, 19.717005968093872, 19.595051646232605, 19.507448315620422, 19.65852642059326, 19.624926567077637, 19.589545130729675, 19.542813420295715, 19.7611243724823, 19.664531111717224, 19.469074726104736, 19.524269700050354, 19.4083890914917, 19.268115043640137, 19.238823294639587, 19.542282342910767, 19.336923599243164, 19.389125108718872, 19.25714945793152, 19.415202617645264, 19.28104066848755, 19.24247372150421, 19.13315451145172, 19.225452423095703, 19.304292798042297, 19.227378249168396, 19.2244154214859, 19.212840676307678, 19.113600611686707, 19.1751971244812, 19.19723677635193, 19.160093307495117, 19.162573099136353, 19.01506805419922, 19.009102940559387, 18.97926163673401, 19.0201153755188, 19.05394458770752, 18.99339997768402, 18.988807320594788, 19.01434576511383, 19.049250602722168, 18.881412506103516, 18.94906759262085, 18.902893543243408, 18.93142879009247, 18.77929425239563, 18.951927304267883, 18.951786041259766, 18.82545530796051, 18.791524648666382, 18.893412351608276, 18.86649525165558, 18.81526792049408, 18.94651234149933, 19.04120099544525, 18.847280144691467, 18.752164363861084], "ae_eval_losses": [63.32744569778443, 44.371263885498045, 38.634330940246585, 33.76521711349487, 30.344197750091553, 27.162446641921996, 25.56318016052246, 24.04419822692871, 23.478569173812865, 22.668021583557127, 22.070281076431275, 21.905612468719482, 21.524897241592406, 21.440959405899047, 21.340927934646608, 21.063346910476685, 21.02118492126465, 21.242194604873657, 20.850930881500243, 20.709877157211302, 20.68943347930908, 20.736415958404542, 20.758586740493776, 20.65651650428772, 20.65473608970642, 20.394262027740478, 20.340440797805787, 20.329144096374513, 20.207080459594728, 20.24472031593323, 20.93335371017456, 20.188304805755614, 20.52236752510071, 20.437367916107178, 20.280005598068236, 20.23670897483826, 20.097221469879152, 19.983246326446533, 20.076666927337648, 19.90079598426819, 19.987134885787963, 20.054121685028075, 20.0029634475708, 19.873916912078858, 19.747882747650145, 19.719175338745117, 19.755053281784058, 19.774147176742552, 19.635394191741945, 19.923032093048096, 20.222046279907225, 19.798553800582887, 19.519944190979004, 20.038577365875245, 19.684923553466795, 19.62801914215088, 19.72324423789978, 19.80989065170288, 19.822368764877318, 19.606256866455077, 19.860040760040285, 19.800610637664796, 19.525034141540527, 19.454839277267457, 19.537304162979126, 19.93642392158508, 19.887319231033324, 19.763256883621217, 19.470768451690674, 19.411010837554933, 19.476257181167604, 19.477830123901366, 19.624305105209352, 19.672508192062377, 19.410137033462526, 19.568481159210204, 19.465131521224976, 19.29763560295105, 19.385540819168092, 19.39884958267212, 19.33554220199585, 19.254721021652223, 19.56846137046814, 19.404987573623657, 19.29868483543396, 19.332450771331786, 19.41960754394531, 19.376613092422485, 19.391853284835815, 19.74240646362305, 19.47297782897949, 19.259569120407104, 19.584877967834473, 19.14893250465393, 19.23463397026062, 19.400615310668947, 19.207319211959838, 19.4905734539032, 19.160086965560915, 19.166873598098753]}