{"ae_train_losses": [117.83944956461589, 75.07132752736409, 52.08010768890381, 46.261094093322754, 42.842251459757485, 40.034912745157875, 37.43024826049805, 34.38797473907471, 31.310259024302166, 29.787073771158855, 28.66336154937744, 27.71235688527425, 26.908633867899578, 26.175182183583576, 25.936312516530354, 25.50948683420817, 25.09755293528239, 25.064586003621418, 24.877217451731365, 24.657050291697185, 24.475414752960205, 24.604726632436115, 24.587283929189045, 24.587551434834797, 24.424601713816326, 24.53523540496826, 24.410096168518066, 24.58318551381429, 24.423226356506348, 24.14556360244751, 24.2951504389445, 24.10940408706665, 24.139878908793133, 24.36446475982666, 23.973118623097736, 23.957100709279377, 23.90268850326538, 24.031274954477947, 23.940911928812664, 24.036428928375244, 23.892923990885418, 24.001787026723225, 23.844021161397297, 23.705592314402264, 23.804981231689453, 23.70327679316203, 23.630980968475342, 23.813249429066975, 23.59535551071167, 23.450683275858562, 23.490596771240234, 23.474268913269043, 23.495037078857422, 23.48681338628133, 23.52742862701416, 23.58730999628703, 23.295215129852295, 23.39937941233317, 23.461620489756267, 23.46033525466919, 23.49856774012248, 23.286774794260662, 23.330020745595295, 23.321393489837646, 23.49579095840454, 23.303627649943035, 23.327230135599773, 23.281415621439617, 23.334606488545734, 23.22920831044515, 23.28530486424764, 23.19432322184245, 23.169734319051106, 23.181581338246662, 23.310928026835125, 23.22058169047038, 23.28238566716512, 23.148234049479168, 23.132060686747234, 23.04454692204793, 23.35451316833496, 23.11577796936035, 23.183728377024334, 23.119222323099773, 22.869439760843914, 23.006819248199463, 23.05461327234904, 22.91549603144328, 23.068374633789062, 22.904496987660725, 23.01602538426717, 23.035259405771892, 22.875120004018147, 22.931046803792317, 22.930371284484863, 22.946241855621338, 22.971095085144043, 22.944400469462078, 22.950973987579346, 22.941242059071858], "ae_eval_losses": [92.2529426574707, 71.04318199157714, 53.9776291847229, 46.24818286895752, 41.09514055252075, 39.44782276153565, 38.39461088180542, 32.92896671295166, 30.624927377700807, 28.776754093170165, 27.978654527664183, 27.00938448905945, 26.386198854446413, 25.901837730407713, 25.616961002349854, 25.279309844970705, 25.011986446380615, 24.954438591003417, 24.72857904434204, 24.77547688484192, 24.57436785697937, 24.423990154266356, 24.569852828979492, 24.331168508529665, 24.406175231933595, 24.86421718597412, 24.30545492172241, 24.384919118881225, 24.124511861801146, 24.391750812530518, 24.149520301818846, 24.14671082496643, 24.18284559249878, 24.30800905227661, 24.110930728912354, 23.932082080841063, 24.091019535064696, 23.887692070007326, 23.941205263137817, 24.17368836402893, 24.05557589530945, 23.966552639007567, 23.814381456375123, 23.62005023956299, 23.859448766708375, 23.780370569229127, 23.839295387268066, 23.61216449737549, 23.689393520355225, 23.693043327331544, 23.523044443130495, 23.537791156768797, 23.574686193466185, 23.484849882125854, 23.36734938621521, 23.45454397201538, 23.556711864471435, 23.361999988555908, 23.546724843978883, 23.429270267486572, 23.494546747207643, 23.575789499282838, 23.52182540893555, 23.252749300003053, 23.395798110961913, 23.387007474899292, 23.44607582092285, 23.16104989051819, 23.18026671409607, 23.37401099205017, 23.157937479019164, 23.36453938484192, 23.182027339935303, 23.27394847869873, 23.368022918701172, 23.094420194625854, 23.320904350280763, 23.26506028175354, 23.23094277381897, 23.17489333152771, 23.233174085617065, 23.074649620056153, 23.08033928871155, 23.14816098213196, 23.088727712631226, 23.225643396377563, 23.168424940109254, 23.05549235343933, 23.089338541030884, 23.118504333496094, 22.997009086608887, 22.973854351043702, 23.05861368179321, 22.984761047363282, 22.96028604507446, 23.03554458618164, 23.28834662437439, 23.04860215187073, 23.186863279342653, 23.038236808776855]}