{"ae_train_losses": [124.59533643722534, 62.5319607257843, 49.57199048995972, 46.45659613609314, 43.877615451812744, 41.213337898254395, 42.40876007080078, 37.64866542816162, 34.644959926605225, 33.049904108047485, 31.406879901885986, 29.796666383743286, 28.61944019794464, 27.63089692592621, 26.716436862945557, 26.054455876350403, 25.68107569217682, 25.44495141506195, 25.105233192443848, 24.914583444595337, 24.777310967445374, 24.714786529541016, 24.70383381843567, 24.556384801864624, 24.418917417526245, 24.397049069404602, 24.2666038274765, 24.238449692726135, 24.304330468177795, 24.20357096195221, 24.14775514602661, 24.17567205429077, 24.174895763397217, 24.124785542488098, 24.12166166305542, 23.87264084815979, 23.829193592071533, 23.890148043632507, 23.92691946029663, 23.65775418281555, 23.749160170555115, 23.952484250068665, 24.012269139289856, 23.916914701461792, 23.668604254722595, 23.75914978981018, 23.709859013557434, 23.928804516792297, 23.840197324752808, 23.56061089038849, 23.631960272789, 23.650377869606018, 23.525838017463684, 23.595391988754272, 23.4652259349823, 23.698748350143433, 23.53891932964325, 23.42743420600891, 23.624230980873108, 24.161179423332214, 23.86777627468109, 23.784271121025085, 23.564884662628174, 23.63586676120758, 23.524644136428833, 23.599909901618958, 23.670230746269226, 23.450918197631836, 23.524908900260925, 23.468932271003723, 23.438100457191467, 23.372276067733765, 23.479705214500427, 23.4262433052063, 23.366586923599243, 23.2880699634552, 23.435370922088623, 23.37235462665558, 23.275561928749084, 23.248590111732483, 23.371776938438416, 23.263283371925354, 23.18418264389038, 23.25956094264984, 23.126665592193604, 23.134376406669617, 23.078871250152588, 23.176031827926636, 23.07625389099121, 23.082977771759033, 23.147095561027527, 23.149901151657104, 23.215275406837463, 23.134676218032837, 23.161593556404114, 22.940037846565247, 23.12526559829712, 23.338027000427246, 23.322846174240112, 23.179508090019226], "ae_eval_losses": [94.96988315582276, 60.73530044555664, 50.47564001083374, 44.28120384216309, 42.21139039993286, 42.17117185592652, 41.759202289581296, 36.8286395072937, 34.35016126632691, 33.04170198440552, 30.74414234161377, 29.232880926132204, 28.07839193344116, 27.00035810470581, 26.689525413513184, 25.81283230781555, 25.69196734428406, 25.35562949180603, 25.19079246520996, 25.050415372848512, 25.214472389221193, 24.769465589523314, 24.652581405639648, 24.761137437820434, 24.433103322982788, 24.37805619239807, 24.39029550552368, 24.30853228569031, 24.32344732284546, 24.079092168807982, 24.11904067993164, 24.386051177978516, 25.319210958480834, 24.220364618301392, 24.06323266029358, 24.034587478637697, 24.044716548919677, 23.849048233032228, 24.21436438560486, 23.891497564315795, 23.917368936538697, 28.926478242874147, 24.030791091918946, 23.78774404525757, 23.711871671676636, 23.75236020088196, 23.924706649780273, 24.676498699188233, 23.686760425567627, 23.719934749603272, 23.6675940990448, 23.7429238319397, 23.558953380584718, 23.70402250289917, 23.585641527175902, 23.914880180358885, 23.537847089767457, 23.469662952423096, 33.39041261672973, 24.714719533920288, 24.06349859237671, 24.16859712600708, 23.743953275680543, 23.738041639328003, 23.69070496559143, 23.877429723739624, 23.797786045074464, 23.52155179977417, 23.60710334777832, 23.586803674697876, 23.42522749900818, 23.374043703079224, 23.495658969879152, 23.379922485351564, 23.367166137695314, 23.458650827407837, 23.48254108428955, 23.347653341293334, 23.386840867996217, 23.266847085952758, 23.34679808616638, 23.205611371994017, 23.336730432510375, 23.14963788986206, 23.322163248062132, 23.249940872192383, 23.26583399772644, 23.07733807563782, 23.28410472869873, 23.190101861953735, 23.21397395133972, 23.059828567504884, 23.12262978553772, 23.21115198135376, 23.03881702423096, 23.1362220287323, 23.112204360961915, 24.395432567596437, 23.42710657119751, 23.311293649673463]}