{"ae_train_losses": [186.15042304992676, 113.52407836914062, 70.65150260925293, 58.34369659423828, 55.0256462097168, 52.13668966293335, 50.33525609970093, 48.97288990020752, 47.57863903045654, 46.39660120010376, 45.411080837249756, 44.4780011177063, 42.8985915184021, 39.435526847839355, 36.793185234069824, 35.10734939575195, 34.07028388977051, 33.20986318588257, 32.24719762802124, 31.65958261489868, 30.78255867958069, 30.23640513420105, 30.079710721969604, 29.6076762676239, 29.2570161819458, 28.730736017227173, 28.509097576141357, 28.080185890197754, 27.82623791694641, 27.537446975708008, 27.329336166381836, 27.1308331489563, 26.967244148254395, 26.8918719291687, 26.65960431098938, 26.510672569274902, 26.181003093719482, 26.098628282546997, 26.06153917312622, 25.964057445526123, 25.625535488128662, 25.51710820198059, 25.46725606918335, 25.449621200561523, 25.226855039596558, 25.06431007385254, 25.017578601837158, 24.859445810317993, 24.903019666671753, 24.668378114700317, 24.878806114196777, 24.683279275894165, 24.69258737564087, 24.6458740234375, 24.705114126205444, 24.64175271987915, 24.42878246307373, 24.401285409927368, 24.371955394744873, 24.33429265022278, 24.35053324699402, 24.2793550491333, 24.41332483291626, 24.334555864334106, 24.360816478729248, 24.23820161819458, 24.07226061820984, 24.022348165512085, 24.184101581573486, 24.215362310409546, 24.175116539001465, 24.0883686542511, 24.13143253326416, 24.173139810562134, 23.952210664749146, 23.943937301635742, 24.288451671600342, 24.11761450767517, 24.060263872146606, 24.040560960769653, 23.964054107666016, 23.86824893951416, 23.731343746185303, 23.992043018341064, 23.94170880317688, 24.011894464492798, 24.026323080062866, 23.8178448677063, 23.92514395713806, 24.174439191818237, 24.06403088569641, 23.78174114227295, 23.932127952575684, 23.992234706878662, 24.10852813720703, 23.82861828804016, 23.78768539428711, 23.909605264663696, 23.572500467300415, 23.73700189590454], "ae_eval_losses": [131.5754653930664, 105.74461307525635, 65.54614095687866, 63.45550947189331, 63.18750677108765, 51.71028299331665, 56.6640100479126, 50.00241861343384, 52.34400491714477, 52.88935222625732, 41.20933465957641, 43.95517234802246, 38.02819929122925, 37.30374689102173, 39.142367649078366, 35.55456008911133, 33.814773845672605, 33.09999241828918, 32.071369123458865, 31.248659086227416, 30.70513782501221, 30.056885242462158, 30.09059257507324, 29.384672164916992, 29.073943042755126, 28.497019147872926, 28.15005259513855, 27.87137131690979, 27.513337898254395, 27.44956612586975, 27.072527837753295, 26.835095357894897, 26.988575983047486, 27.20802059173584, 26.893929052352906, 26.176941871643066, 26.079995489120485, 25.973545837402344, 25.746117258071898, 26.420780611038207, 25.469063758850098, 25.32351689338684, 25.631071710586546, 25.41436686515808, 25.204241895675658, 24.983839321136475, 24.914074230194093, 25.220311641693115, 24.972147369384764, 24.8061644077301, 24.56645965576172, 24.625095701217653, 24.681225395202638, 24.570281076431275, 24.476174736022948, 24.62214560508728, 24.39315528869629, 24.438648080825807, 24.621866941452026, 24.597115182876585, 24.16768889427185, 24.338673973083495, 24.39646487236023, 24.373252296447752, 24.409720754623415, 24.18826208114624, 24.514674425125122, 24.10895652770996, 24.085424184799194, 24.373583030700683, 23.997230195999144, 24.158529663085936, 24.443033838272093, 24.11076364517212, 23.894221448898314, 23.94356551170349, 24.57644305229187, 24.292879343032837, 24.061212253570556, 24.126461935043334, 23.940573310852052, 23.88688106536865, 23.78213152885437, 23.93204083442688, 23.980546140670775, 24.382396173477172, 23.94449520111084, 23.94877815246582, 24.37369546890259, 24.219158363342284, 23.684959173202515, 24.00140380859375, 23.83914680480957, 23.968833780288698, 23.795693778991698, 23.801636838912962, 23.696100568771364, 23.875498056411743, 23.670989179611205, 23.70339231491089]}