{"ae_train_losses": [140.32620811462402, 92.91740608215332, 61.409852027893066, 51.71361303329468, 48.886841773986816, 46.689316749572754, 45.656704902648926, 44.345394134521484, 42.85209131240845, 40.91158390045166, 39.43866968154907, 37.77383041381836, 36.31689691543579, 34.64838743209839, 33.1956729888916, 32.02667713165283, 30.84356141090393, 30.026926279067993, 29.3236665725708, 28.805135250091553, 28.18215012550354, 27.68764591217041, 27.377991676330566, 26.86276936531067, 26.435551643371582, 26.126415252685547, 25.791998863220215, 25.781869888305664, 25.539488554000854, 25.50041103363037, 25.150521755218506, 25.053528547286987, 24.926100492477417, 24.674742221832275, 24.618966102600098, 24.57081961631775, 24.620650053024292, 24.56453013420105, 24.477323293685913, 24.34928274154663, 24.16266655921936, 24.276720762252808, 24.147737979888916, 24.24155282974243, 24.272684574127197, 24.341353178024292, 24.29574489593506, 24.33168387413025, 24.07171368598938, 23.999051094055176, 24.187400817871094, 24.00191068649292, 24.100563764572144, 24.060669660568237, 24.000457048416138, 24.05204463005066, 24.084864616394043, 24.087985277175903, 24.028697729110718, 23.72345995903015, 23.897778272628784, 23.833231210708618, 23.81776213645935, 24.091817378997803, 24.046546936035156, 23.96664547920227, 23.61661958694458, 23.728081703186035, 23.747575759887695, 23.973133325576782, 23.6986026763916, 23.519160509109497, 23.60193967819214, 23.76929759979248, 23.541728258132935, 23.857502937316895, 23.769168853759766, 23.662261962890625, 23.54097890853882, 23.33033561706543, 23.641015768051147, 23.531009197235107, 23.5852267742157, 23.65241265296936, 23.559845447540283, 23.39945363998413, 23.459697246551514, 23.50222086906433, 23.533478021621704, 23.692461729049683, 23.52019166946411, 23.383483171463013, 23.32077145576477, 23.317019939422607, 23.34748101234436, 23.275002241134644, 23.268949270248413, 23.330525875091553, 23.52519989013672, 23.230929136276245], "ae_eval_losses": [107.98804378509521, 99.53459720611572, 67.50228929519653, 59.76455984115601, 47.61231098175049, 49.40132446289063, 45.516283226013186, 45.330656337738034, 41.08065299987793, 39.08213682174683, 38.49409847259521, 37.743131732940675, 36.185027503967284, 33.762707805633546, 32.760916566848756, 31.28962254524231, 29.924983072280884, 29.61608257293701, 29.057671785354614, 28.08663411140442, 27.517529249191284, 27.800855731964113, 26.769569683074952, 26.42159390449524, 26.21712746620178, 25.9953830242157, 25.45230588912964, 25.385171318054198, 25.32776036262512, 25.17788224220276, 25.232058000564574, 24.87523236274719, 24.653124475479125, 24.779192304611207, 24.6114541053772, 24.80732741355896, 24.454575061798096, 24.485414266586304, 24.336404514312743, 24.44580054283142, 24.212650871276857, 24.19234185218811, 24.239971303939818, 24.313330936431885, 24.124799060821534, 24.433433485031127, 24.11768980026245, 24.30706205368042, 24.066863918304442, 24.03307113647461, 24.083014726638794, 24.15570306777954, 24.146255445480346, 23.825657272338866, 23.891857624053955, 24.029190444946288, 23.974973058700563, 24.0575261592865, 23.890366744995116, 23.87718324661255, 23.793542766571044, 23.98878355026245, 23.86787338256836, 23.895568943023683, 24.06479067802429, 23.728001594543457, 23.686795377731322, 23.660926055908202, 24.034100103378297, 23.923068046569824, 23.557712888717653, 23.690687131881713, 23.999842166900635, 24.204557037353517, 23.774584579467774, 23.72139530181885, 23.910080909729004, 23.743267583847047, 23.617680549621582, 23.707286739349364, 23.914449214935303, 23.65351176261902, 23.705847406387328, 23.545326232910156, 23.462217998504638, 23.751745462417603, 23.629258823394775, 23.420378589630126, 23.46823377609253, 23.54861912727356, 23.647915172576905, 23.498855209350587, 23.626184511184693, 23.734205055236817, 23.491634035110472, 23.380482625961303, 23.46024570465088, 23.63977470397949, 23.627369785308836, 23.271125888824464]}