{"ae_train_losses": [135.6800193786621, 60.767069816589355, 52.20203733444214, 49.24692726135254, 48.1029531955719, 43.058531761169434, 38.4633367061615, 34.745054483413696, 32.42013621330261, 30.86018192768097, 29.381519079208374, 28.270464062690735, 27.382429242134094, 26.784561038017273, 26.187706470489502, 25.68980348110199, 25.54702138900757, 25.273030400276184, 24.99615252017975, 25.140304565429688, 24.904122352600098, 24.692920565605164, 24.691443920135498, 24.676495790481567, 24.57567000389099, 24.593924403190613, 24.50849175453186, 24.28058660030365, 24.232168674468994, 24.477096915245056, 24.57822608947754, 24.293187737464905, 24.127108097076416, 24.219831824302673, 24.02370524406433, 24.094947457313538, 24.059095859527588, 24.03445053100586, 23.89102351665497, 23.974519848823547, 24.048036456108093, 23.88929581642151, 23.906792879104614, 23.98989176750183, 23.809420347213745, 23.820505142211914, 23.73648774623871, 23.705273866653442, 23.999879479408264, 23.866890907287598, 23.830804109573364, 23.78127431869507, 23.72866952419281, 23.817643880844116, 23.953652024269104, 23.975481748580933, 23.982438683509827, 23.885461807250977, 23.819866061210632, 23.927698612213135, 23.824454069137573, 23.709136128425598, 23.498337030410767, 23.595335721969604, 23.593655347824097, 23.652117371559143, 23.51784658432007, 23.58376407623291, 23.508824706077576, 23.45905900001526, 23.459657788276672, 23.44251048564911, 23.3911554813385, 23.587746024131775, 23.6408509016037, 23.459980964660645, 23.502325892448425, 23.434065103530884, 23.408380389213562, 23.50518023967743, 23.365244269371033, 23.279330015182495, 23.20676362514496, 23.404842853546143, 23.369351506233215, 23.34810721874237, 23.427361488342285, 23.481650471687317, 23.2691433429718, 23.332231640815735, 23.279327630996704, 23.35069966316223, 23.264917492866516, 23.180195093154907, 23.30200743675232, 23.08262300491333, 23.315956830978394, 23.247689723968506, 23.07086968421936, 23.23099172115326], "ae_eval_losses": [119.31713542938232, 62.98121738433838, 58.46270036697388, 44.02488040924072, 43.1561484336853, 38.076152324676514, 35.792306900024414, 33.87339849472046, 31.869932985305788, 30.164951372146607, 28.917285108566283, 27.720640182495117, 27.02338514328003, 26.583358383178712, 26.15588483810425, 25.51817879676819, 25.56570158004761, 25.071486949920654, 25.00131759643555, 24.92421531677246, 24.753665256500245, 24.64881296157837, 24.809508991241454, 24.76127462387085, 24.69539737701416, 24.747210121154787, 24.97051501274109, 24.66205554008484, 24.382255792617798, 24.5848557472229, 24.35185832977295, 24.182182931900023, 24.162559700012206, 24.555648183822633, 24.768685483932494, 24.09343614578247, 24.007821702957152, 24.55502347946167, 23.913359785079955, 23.923740243911745, 23.80575771331787, 23.976220035552977, 23.79680004119873, 24.087763357162476, 23.88473596572876, 23.82538013458252, 23.697847652435303, 23.81019010543823, 25.393679046630858, 23.912011337280273, 23.85568857192993, 23.71208448410034, 23.89328203201294, 24.265837574005126, 38.03725118637085, 24.692704153060912, 24.113637018203736, 23.899764251708984, 24.19380130767822, 23.877108764648437, 23.719795799255373, 23.709854888916016, 23.585342168807983, 23.475920104980467, 23.544773530960082, 23.631759548187254, 23.63317198753357, 23.791008710861206, 23.403724241256715, 23.881915807724, 23.46049976348877, 23.606422090530394, 24.104505109786988, 24.003837013244627, 23.453836536407472, 23.5193069934845, 23.556757497787476, 23.456343412399292, 23.38288745880127, 23.283972883224486, 23.639901065826415, 23.30185718536377, 23.486000537872314, 23.225174379348754, 23.42165970802307, 23.411780261993407, 23.364868927001954, 23.269318294525146, 23.269525241851806, 23.28204321861267, 23.325111198425294, 23.427915334701538, 23.237522983551024, 23.36818242073059, 23.14169101715088, 23.477176666259766, 23.324863147735595, 23.274681568145752, 23.190868759155272, 23.536887836456298]}