{"ae_train_losses": [103.56421899795532, 54.12851119041443, 47.6346549987793, 43.46678924560547, 40.243427991867065, 35.66645586490631, 30.665054202079773, 28.44110107421875, 27.32068181037903, 26.466156840324402, 25.583872318267822, 24.886469960212708, 24.65043079853058, 24.43866991996765, 24.166010975837708, 23.937306880950928, 23.951359391212463, 23.710232377052307, 23.386613368988037, 23.457444190979004, 23.296590566635132, 23.152586102485657, 22.971725821495056, 22.796403765678406, 22.6552597284317, 22.572869300842285, 22.496089339256287, 22.494972705841064, 22.246734738349915, 22.096049666404724, 22.157560348510742, 21.91569173336029, 21.794699788093567, 21.607521653175354, 21.712441444396973, 21.423344492912292, 21.31267511844635, 21.271259427070618, 21.24329948425293, 20.965396881103516, 21.13200354576111, 21.15532088279724, 21.162278652191162, 21.011033415794373, 20.842912793159485, 20.77155601978302, 20.767873644828796, 20.800728678703308, 20.71022593975067, 20.63727855682373, 20.599323868751526, 20.43651247024536, 20.557146668434143, 20.546543836593628, 20.525742769241333, 20.46991765499115, 20.3554527759552, 20.27626883983612, 20.38327169418335, 20.23947823047638, 20.290501713752747, 20.152946710586548, 20.12894332408905, 20.224727511405945, 20.105213165283203, 19.98595893383026, 19.918100118637085, 20.13470995426178, 19.977754592895508, 19.920873045921326, 19.97666907310486, 19.816473484039307, 19.795916318893433, 19.879177689552307, 19.880940556526184, 19.828996539115906, 19.849351048469543, 19.794833183288574, 19.749074339866638, 19.72076165676117, 19.724522352218628, 19.88271999359131, 19.727107286453247, 19.541152834892273, 19.491097569465637, 19.588470339775085, 19.5169335603714, 19.57567310333252, 19.589005827903748, 19.58522403240204, 19.503475189208984, 19.502739667892456, 19.46035635471344, 19.455479741096497, 19.445457220077515, 19.41307270526886, 19.4710795879364, 19.36984944343567, 19.262450098991394, 19.295704007148743], "ae_eval_losses": [85.73129386901856, 51.41142349243164, 46.30173425674438, 40.26586017608643, 47.11293973922729, 32.90380449295044, 29.834993982315062, 27.871337842941283, 27.404335165023802, 25.88305459022522, 25.290404319763184, 24.857441425323486, 24.68899574279785, 24.386253833770752, 24.42794156074524, 24.048214864730834, 23.799533748626708, 23.778022813796998, 23.52813940048218, 23.443156433105468, 23.21447162628174, 23.128933811187743, 23.015475130081178, 22.816580629348756, 22.711553239822386, 22.60075101852417, 22.37030873298645, 22.368005418777464, 22.28794460296631, 22.127729368209838, 22.22284960746765, 22.08951234817505, 21.768882608413698, 21.71834945678711, 21.72002019882202, 21.418786382675172, 21.3439980506897, 21.458885145187377, 21.16485176086426, 21.098199224472047, 21.142145204544068, 22.132716798782347, 21.35329689979553, 21.184662580490112, 20.914634275436402, 20.926779794692994, 20.69991445541382, 20.807354736328126, 20.879850673675538, 20.722441005706788, 20.59731502532959, 20.59919939041138, 20.59875817298889, 20.8061616897583, 20.748302936553955, 20.673143768310545, 20.417976570129394, 20.46746826171875, 20.355470132827758, 20.384325218200683, 20.336464977264406, 20.38450345993042, 20.322516345977782, 20.26307601928711, 20.094477128982543, 20.126942014694215, 20.378428316116334, 20.087206029891966, 20.016565465927123, 19.98121452331543, 20.14740514755249, 20.028084421157835, 20.013411617279054, 20.39304633140564, 19.893550395965576, 20.108604669570923, 19.9658447265625, 19.67422037124634, 20.17359528541565, 19.934769582748412, 19.8000892162323, 19.93162684440613, 19.89264783859253, 19.75976166725159, 19.64016890525818, 19.850435876846312, 19.767473554611207, 19.836307525634766, 19.750406122207643, 19.852387619018554, 19.64589915275574, 19.589473295211793, 19.60458083152771, 19.690484285354614, 19.589240074157715, 19.69401698112488, 19.71569128036499, 19.53494186401367, 19.5410117149353, 19.47890706062317]}