{"ae_train_losses": [129.4581356048584, 78.15358018875122, 52.3561897277832, 46.4754433631897, 43.10861682891846, 40.64567518234253, 39.3243727684021, 38.50460720062256, 37.4459023475647, 36.57007646560669, 35.37152099609375, 34.16537570953369, 32.95406103134155, 31.955434799194336, 31.16819953918457, 30.457398891448975, 29.507848024368286, 29.048717737197876, 28.555297136306763, 28.16254448890686, 27.978757619857788, 27.472670316696167, 27.326618432998657, 26.682319402694702, 26.40267562866211, 26.257718324661255, 26.020658493041992, 25.745012044906616, 25.616554737091064, 25.36600422859192, 25.185555934906006, 24.96348285675049, 24.857126235961914, 24.761651515960693, 24.78997254371643, 24.79276704788208, 24.87504243850708, 24.63955020904541, 24.561073541641235, 24.549704790115356, 24.426489114761353, 24.42384147644043, 24.37809467315674, 24.164642095565796, 24.335956811904907, 24.252140522003174, 24.163172006607056, 24.032397270202637, 24.087574005126953, 24.22490429878235, 24.1478533744812, 24.133485078811646, 24.269487619400024, 24.15478515625, 24.1707923412323, 24.177735328674316, 23.890321731567383, 23.995852947235107, 24.259748697280884, 24.198849201202393, 24.03344988822937, 23.83572506904602, 23.770303964614868, 23.826520442962646, 23.86333680152893, 23.699187755584717, 23.440773248672485, 23.543949604034424, 23.52594518661499, 23.557098388671875, 23.493139266967773, 23.767992973327637, 23.521085500717163, 23.50082015991211, 23.24687147140503, 23.209465742111206, 23.303616523742676, 23.239795923233032, 23.11241364479065, 23.027556657791138, 22.911078929901123, 23.22264575958252, 22.94437575340271, 22.982378721237183, 22.852152109146118, 22.80876064300537, 22.672003030776978, 22.77264904975891, 22.966071367263794, 23.03022575378418, 23.038309574127197, 22.851301193237305, 22.71993899345398, 22.746928691864014, 22.855715036392212, 22.58418846130371, 22.53835916519165, 22.627374410629272, 22.60647463798523, 22.478895902633667], "ae_eval_losses": [103.83457927703857, 67.21739883422852, 55.98369426727295, 46.26997032165527, 43.873597621917725, 41.087576961517335, 40.5820237159729, 38.05038318634033, 37.858599948883054, 36.06297607421875, 35.21205730438233, 33.3218635559082, 32.57322068214417, 31.087011766433715, 30.113636827468873, 29.770113229751587, 29.00137882232666, 28.898442888259886, 28.02255983352661, 27.759025430679323, 27.514317893981932, 27.494037866592407, 26.766734218597414, 26.725509786605834, 26.539341163635253, 26.42281789779663, 26.181467819213868, 25.708560752868653, 25.423110580444337, 25.32060661315918, 25.196134757995605, 25.23222961425781, 25.040724277496338, 25.107919645309448, 24.755790281295777, 24.988296794891358, 24.705939054489136, 24.70362787246704, 24.503294372558592, 24.627147436141968, 24.56027822494507, 24.429630184173583, 24.35933623313904, 24.378282213211058, 24.05470952987671, 24.18738102912903, 24.120111894607543, 24.38501372337341, 24.653587293624877, 24.168478298187257, 24.102160263061524, 24.488528633117674, 23.982114267349242, 23.95727882385254, 24.54801959991455, 24.087613821029663, 24.164796924591066, 23.91083879470825, 24.241032981872557, 24.445584869384767, 23.955230808258058, 24.025279664993285, 23.94759774208069, 23.79065909385681, 24.072084379196166, 23.879175853729247, 23.81920199394226, 23.802039337158202, 23.558685064315796, 23.635499238967896, 23.54688639640808, 23.44950795173645, 23.571970176696777, 23.33699221611023, 23.307274961471556, 23.32885823249817, 23.506059217453004, 23.18044137954712, 23.028296613693236, 23.371843528747558, 23.06305913925171, 23.214931392669676, 23.043036270141602, 23.05266728401184, 23.010058784484862, 22.885331916809083, 22.904605293273924, 22.85595898628235, 23.398463678359985, 23.20006365776062, 22.892406606674193, 22.80014600753784, 22.719416284561156, 22.863490915298463, 22.72854518890381, 22.71244306564331, 22.77980008125305, 22.614796018600465, 22.7303373336792, 22.472339391708374]}