{"ae_train_losses": [111.46677207946777, 60.02378018697103, 50.51730473836263, 46.7096643447876, 43.67154121398926, 38.98088296254476, 34.71898937225342, 31.739486853281658, 30.051225980122883, 28.684235254923504, 27.7563689549764, 26.938403447469074, 26.325236002604168, 25.731197039286297, 25.17947546641032, 24.91350285212199, 24.587129592895508, 24.249999523162842, 24.051545302073162, 23.856403350830078, 23.705832481384277, 23.538135528564453, 23.51499032974243, 23.438995679219563, 23.26361656188965, 23.299849033355713, 23.156404336293537, 23.053950150807697, 23.107605775197346, 22.715850353240967, 22.710620244344074, 22.69164784749349, 22.6243577003479, 22.585952758789062, 22.427559693654377, 22.38395071029663, 22.25440724690755, 22.236308256785076, 22.056225458780926, 22.291143894195557, 21.98453664779663, 21.933388551076252, 21.793583075205486, 21.573340892791748, 21.584498405456543, 21.484533150990803, 21.461628754933674, 21.52909008661906, 21.461629231770832, 21.352476755777996, 21.22360308965047, 21.180936495463055, 21.090957164764404, 20.942055384318035, 21.0473051071167, 21.044324556986492, 20.99351708094279, 20.833221594492596, 20.767709573109943, 20.71793031692505, 20.79332447052002, 20.777825196584065, 20.79649527867635, 20.744643529256184, 20.632368246714275, 20.509357452392578, 20.556366125742596, 20.51005458831787, 20.385108947753906, 20.418033123016357, 20.602439880371094, 20.50322659810384, 20.398490111033123, 20.440025965372723, 20.27758487065633, 20.26138210296631, 20.253021717071533, 20.123582363128662, 20.129222234090168, 20.15674591064453, 20.24052397410075, 20.107353051503498, 20.116384347279865, 20.04584312438965, 20.08090877532959, 20.044943809509277, 19.91024700800578, 19.839255968729656, 19.944886048634846, 19.88460413614909, 19.763585726420086, 19.92238187789917, 19.849828879038494, 19.92346986134847, 20.03039296468099, 19.7756822903951, 19.85205825169881, 19.86103630065918, 19.72460412979126, 19.9068185488383], "ae_eval_losses": [118.69411773681641, 53.951715278625485, 50.87889785766602, 49.29543161392212, 41.64321002960205, 36.417184352874756, 32.66747369766235, 30.49307837486267, 28.83518190383911, 28.388553619384766, 27.071395206451417, 26.419194984436036, 26.317335653305054, 25.430400705337526, 25.084834623336793, 24.9324453830719, 24.452408647537233, 24.102210140228273, 23.930940198898316, 23.697971391677857, 23.635069370269775, 23.433666801452638, 23.572077417373656, 23.430918073654176, 23.352643728256226, 23.333410787582398, 22.853075647354125, 22.973699474334715, 22.964641666412355, 22.8680908203125, 22.94260721206665, 22.73390312194824, 22.85721101760864, 22.591881036758423, 22.444960498809813, 22.580085802078248, 22.34287300109863, 22.125875377655028, 22.350117254257203, 22.111822366714478, 21.96105456352234, 22.082329416275023, 21.862325763702394, 21.775552368164064, 21.429207468032835, 21.4421856880188, 21.40508089065552, 21.386126804351807, 21.296778392791747, 21.129136657714845, 21.271645402908327, 21.410360622406007, 21.00843987464905, 20.951783895492554, 21.030792236328125, 21.04091544151306, 21.172011184692384, 20.881406450271605, 20.984719228744506, 20.76568431854248, 20.89616560935974, 21.0539644241333, 21.115264654159546, 20.784674978256227, 20.571076726913454, 20.57303867340088, 20.703026962280273, 20.888413286209108, 20.602950239181517, 20.51760368347168, 20.544450044631958, 20.580775117874147, 20.594495964050292, 20.461945676803587, 20.312635946273804, 20.235659646987916, 20.36985468864441, 20.43156599998474, 20.28119101524353, 20.43652057647705, 20.24953236579895, 20.157653427124025, 20.200409030914308, 20.295689010620116, 20.07965483665466, 20.242898988723756, 20.306689977645874, 20.132494020462037, 19.998001432418825, 20.076657867431642, 20.071043729782104, 20.1748167514801, 20.18844017982483, 20.097058296203613, 20.0494695186615, 20.100840187072755, 20.073201751708986, 20.061936855316162, 20.027752351760864, 20.144359016418456]}