{"ae_train_losses": [244.24966430664062, 208.3553466796875, 167.42050170898438, 137.938232421875, 117.5224838256836, 109.95315551757812, 105.25528717041016, 103.75952911376953, 100.5359878540039, 97.65003967285156, 95.78302764892578, 93.17564392089844, 91.57302856445312, 89.45439147949219, 88.85198211669922, 86.83587646484375, 85.2354736328125, 81.47699737548828, 78.79519653320312, 77.41547393798828, 75.1170654296875, 72.61991882324219, 71.31641387939453, 70.3632583618164, 69.66796875, 68.16441345214844, 67.17797088623047, 64.84474182128906, 62.24522399902344, 61.49352264404297, 59.39743423461914, 58.81346130371094, 56.10051727294922, 60.02980422973633, 59.32503890991211, 59.88007736206055, 57.59228515625, 56.421165466308594, 56.464637756347656, 53.28253936767578, 52.08686065673828, 53.57479476928711, 52.95132827758789, 53.18527603149414, 52.66862106323242, 52.035247802734375, 51.59319305419922, 51.45299530029297, 51.3107795715332, 49.83512496948242, 48.14570999145508, 50.88721466064453, 49.776756286621094, 50.5887451171875, 51.13663101196289, 49.1044921875, 48.3688850402832, 46.923885345458984, 48.734657287597656, 46.01490783691406, 46.71416091918945, 47.861610412597656, 47.113914489746094, 46.63517379760742, 45.413818359375, 45.6049690246582, 45.10691452026367, 45.12855529785156, 46.00428771972656, 44.875667572021484, 44.171634674072266, 44.44205093383789, 45.609130859375, 43.13562774658203, 44.38702392578125, 44.64080047607422, 43.339073181152344, 41.9721565246582, 42.12794876098633, 42.644187927246094, 40.76470947265625, 41.878456115722656, 41.09128189086914, 40.19023895263672, 41.19793701171875, 39.89113235473633, 40.14958953857422, 39.84644317626953, 38.87249755859375, 38.60915756225586, 38.96805191040039, 37.93142318725586, 38.347923278808594, 38.38197326660156, 38.57726287841797, 38.27674102783203, 37.114131927490234, 38.006961822509766, 37.336204528808594, 36.798851013183594], "ae_eval_losses": [136.7988254547119, 138.17556381225586, 124.51192417144776, 111.32928161621093, 107.80844802856446, 104.65929889678955, 101.83543376922607, 99.73485717773437, 98.05551929473877, 96.42750854492188, 95.00043525695801, 93.67431182861328, 92.64816532135009, 91.67990303039551, 90.88185081481933, 90.36254386901855, 90.43102931976318, 89.31152420043945, 85.5995439529419, 83.66131057739258, 80.63299160003662, 78.88456802368164, 78.19258766174316, 76.83060932159424, 75.4701753616333, 74.2364107131958, 72.54615936279296, 71.75581455230713, 70.35705890655518, 66.99735069274902, 63.534110355377194, 61.00370502471924, 62.83790664672851, 62.150832653045654, 64.23680534362794, 61.11771011352539, 57.52368822097778, 56.67122774124145, 55.68516263961792, 55.66220474243164, 58.37699890136719, 57.80080070495605, 54.88100929260254, 52.160437393188474, 53.62542695999146, 57.43076000213623, 60.23026857376099, 59.21034870147705, 55.3890100479126, 51.575763034820554, 49.00011653900147, 50.820845985412596, 55.25287828445435, 57.53994026184082, 55.18100175857544, 51.66593990325928, 49.01309976577759, 47.908756256103516, 48.71093988418579, 50.490872383117676, 51.52320394515991, 50.60381021499634, 48.411361598968504, 46.88413610458374, 46.32646970748901, 47.24543542861939, 49.295042991638184, 49.437870788574216, 48.01406488418579, 45.26990566253662, 44.05245141983032, 44.19531087875366, 45.378307819366455, 46.352811908721925, 47.04431123733521, 46.00314769744873, 44.05848159790039, 42.5179425239563, 41.86589450836182, 42.198066806793214, 43.4326958656311, 43.76306505203247, 43.00084371566773, 41.80941114425659, 40.934891319274904, 40.753059768676756, 40.86280088424682, 40.94237079620361, 40.927879333496094, 40.89845867156983, 40.86328182220459, 40.8881402015686, 41.00295696258545, 40.60912094116211, 39.878415203094484, 39.73263645172119, 39.56596355438232, 39.371531867980956, 39.409938144683835, 39.52935171127319]}