{"ae_train_losses": [234.97503662109375, 227.8407745361328, 192.86083984375, 167.49984741210938, 151.1083221435547, 138.71273803710938, 132.0670166015625, 130.43746948242188, 128.4961395263672, 125.85328674316406, 123.0340576171875, 119.29643249511719, 115.031005859375, 110.9954833984375, 107.44110870361328, 103.18197631835938, 102.2506332397461, 97.01567077636719, 95.97350311279297, 92.4686508178711, 83.82994079589844, 79.38774108886719, 80.60496520996094, 78.22681427001953, 72.9277114868164, 68.99225616455078, 72.54456329345703, 68.10009002685547, 66.77484130859375, 65.09532165527344, 65.11042022705078, 65.69792175292969, 63.4405517578125, 62.839569091796875, 62.19977569580078, 59.98102569580078, 59.87432098388672, 60.9360237121582, 60.65712356567383, 59.46549987792969, 58.77248764038086, 55.62979507446289, 58.67548370361328, 55.612274169921875, 57.04928970336914, 59.73080825805664, 59.27033233642578, 60.148460388183594, 56.287166595458984, 55.84700012207031, 56.4943733215332, 54.43547058105469, 57.10737609863281, 56.80076217651367, 53.25531005859375, 53.95343017578125, 56.32839584350586, 52.813777923583984, 53.62686538696289, 53.91666030883789, 52.215023040771484, 53.22174835205078, 52.51964569091797, 53.2722053527832, 55.036502838134766, 55.67888641357422, 53.72290802001953, 52.20539093017578, 54.51094055175781, 52.741302490234375, 52.05023193359375, 54.46584701538086, 53.33761978149414, 52.92123031616211, 50.97602462768555, 51.6417236328125, 51.85512161254883, 52.110008239746094, 53.11841583251953, 52.510398864746094, 51.276611328125, 49.68571090698242, 50.255252838134766, 50.4401741027832, 48.8472785949707, 49.41353225708008, 49.91164016723633, 50.33751678466797, 50.12684631347656, 53.76163864135742, 49.93051528930664, 52.27598571777344, 54.05455017089844, 52.00088882446289, 50.127899169921875, 49.63795852661133, 49.890525817871094, 48.45172882080078, 47.80997848510742, 47.140750885009766], "ae_eval_losses": [129.9038341522217, 137.6483932495117, 136.68115882873536, 134.43692359924316, 130.73646049499513, 124.98855419158936, 122.3609462738037, 121.93690223693848, 121.44282054901123, 120.33198261260986, 118.93548049926758, 116.52023181915283, 112.7680513381958, 109.0627462387085, 106.59212589263916, 105.81948528289794, 102.71838188171387, 102.52867565155029, 100.67248153686523, 96.78836631774902, 89.9252368927002, 86.05806694030761, 77.62157688140869, 70.71984615325928, 64.22080860137939, 65.69028120040893, 67.84914655685425, 72.15578966140747, 63.157028388977054, 61.045975875854495, 60.79190702438355, 61.679905796051024, 62.53861064910889, 58.44183177947998, 53.727836990356444, 54.25272407531738, 55.03088140487671, 54.54960832595825, 53.35932607650757, 51.95831775665283, 50.94277114868164, 53.176930618286136, 53.53533115386963, 52.812969875335696, 51.16252431869507, 53.73876943588257, 53.928167247772215, 53.593365859985354, 51.64780168533325, 48.87485294342041, 48.41876916885376, 51.06976871490478, 50.88477163314819, 49.58235635757446, 48.055281257629396, 47.28913946151734, 47.36378555297851, 48.79522552490234, 49.07238006591797, 48.28479127883911, 47.51174755096436, 47.05458755493164, 50.29366025924683, 54.150990104675294, 52.49207906723022, 49.995484066009524, 48.108597087860105, 46.66136779785156, 46.8172945022583, 49.74774255752563, 52.166833114624026, 51.40820341110229, 49.564311790466306, 46.7315691947937, 46.21933536529541, 47.20155086517334, 49.43109121322632, 49.85656452178955, 48.28261661529541, 45.81393604278564, 44.30418291091919, 43.544879055023195, 43.74776649475098, 45.266983318328855, 46.56815710067749, 46.850878429412845, 45.680038642883304, 44.184360122680665, 43.1720251083374, 46.28562412261963, 49.648145484924314, 49.3972583770752, 46.965455532073975, 44.91149320602417, 43.34869804382324, 42.44870748519897, 42.446258544921875, 42.94224605560303, 43.36635894775391, 43.264201641082764]}