{"ae_train_losses": [113.70981454849243, 58.846840381622314, 47.6505663394928, 43.79349899291992, 39.98775935173035, 38.220202684402466, 35.434685468673706, 32.06253468990326, 29.603673577308655, 28.111998677253723, 27.246008276939392, 26.628394842147827, 25.99418330192566, 25.64031684398651, 25.17343270778656, 24.85095477104187, 24.184009552001953, 24.218947649002075, 24.05070650577545, 23.78857672214508, 23.722018003463745, 23.62198269367218, 23.363134741783142, 23.181955337524414, 23.03499984741211, 22.885026216506958, 22.724003076553345, 22.49801003932953, 22.235591650009155, 22.101075053215027, 22.221949696540833, 21.91281485557556, 21.683809280395508, 21.6720712184906, 21.58993422985077, 21.499144196510315, 21.421374797821045, 21.36208438873291, 21.35041332244873, 21.21847438812256, 21.133068680763245, 21.026604652404785, 20.998124718666077, 20.954854130744934, 20.942509055137634, 20.803998708724976, 20.919713139533997, 20.820465803146362, 20.79971468448639, 20.726930975914, 20.812610149383545, 20.668606638908386, 20.450262546539307, 20.668975234031677, 20.55807662010193, 20.414480924606323, 20.414629697799683, 20.46199870109558, 20.267627954483032, 20.408348321914673, 20.247042775154114, 20.35151433944702, 20.237016320228577, 20.15918779373169, 20.17233645915985, 20.215177059173584, 20.110902190208435, 20.23022758960724, 20.106040835380554, 20.009025931358337, 19.96835708618164, 19.913196802139282, 20.063803791999817, 19.947331070899963, 19.81415283679962, 19.85645031929016, 19.9433913230896, 19.76542031764984, 19.792432069778442, 19.822183966636658, 19.74238395690918, 19.7347731590271, 19.806490063667297, 19.724817633628845, 19.700121879577637, 19.76124119758606, 19.711094617843628, 19.655747413635254, 19.68279528617859, 19.657153248786926, 19.76041269302368, 19.551410675048828, 19.599062085151672, 19.659058213233948, 19.49221909046173, 19.410905599594116, 19.594018697738647, 19.575698852539062, 19.496232390403748, 19.419675946235657], "ae_eval_losses": [101.27983570098877, 66.52474527359009, 47.17732400894165, 43.287997245788574, 40.49311723709106, 43.08260040283203, 32.80379190444946, 30.205268764495848, 28.712890672683717, 27.5687114238739, 26.893409776687623, 26.335161209106445, 25.763227128982543, 25.580619668960573, 25.136171579360962, 24.375086069107056, 24.21036276817322, 24.345788097381593, 23.97751131057739, 23.745121908187866, 23.563370180130004, 23.5197395324707, 23.246059370040893, 22.9696946144104, 22.825937604904176, 22.776581525802612, 22.39640712738037, 22.519428396224974, 22.248831129074098, 22.18921184539795, 22.016430950164796, 21.679163646697997, 21.733296728134157, 21.60371079444885, 21.684710597991945, 21.527873229980468, 21.59147663116455, 21.40323543548584, 21.475696516036987, 21.235800123214723, 21.422164726257325, 21.08667917251587, 21.045150899887084, 21.32689275741577, 20.850655031204223, 20.968675470352174, 20.743768739700318, 20.919667100906373, 20.738094091415405, 20.929259157180788, 21.35928931236267, 20.863000202178956, 20.45350785255432, 20.967028427124024, 20.72730460166931, 20.380580139160156, 20.805813550949097, 20.399140405654908, 20.502699661254884, 20.417161607742308, 20.317771482467652, 20.512696504592896, 20.426885080337524, 20.35695176124573, 20.235204935073853, 20.481753396987916, 20.27000904083252, 20.394973468780517, 20.18571572303772, 20.203037166595458, 20.035763454437255, 20.114292764663695, 20.11134476661682, 19.92499384880066, 20.11325874328613, 19.98499345779419, 20.049026918411254, 19.942697715759277, 19.980357360839843, 19.888763618469238, 19.820891332626342, 19.803060579299927, 20.065081357955933, 19.920479154586793, 19.85693359375, 20.01066255569458, 19.816544771194458, 19.960341262817384, 19.9434730052948, 20.14577212333679, 20.04684705734253, 19.72409019470215, 20.207962131500246, 19.700384902954102, 19.736638355255128, 19.90654649734497, 19.797757196426392, 19.862952184677123, 19.53150224685669, 19.596640014648436]}