{"ae_train_losses": [139.74929491678873, 78.41465187072754, 54.120775858561196, 48.585906982421875, 45.217742602030434, 43.08139451344808, 40.84923108418783, 39.19085375467936, 37.7916456858317, 36.36771170298258, 35.071366945902504, 33.32958507537842, 32.131597677866615, 30.810498396555584, 29.350365956624348, 28.601718266805012, 28.02401892344157, 27.586539427439373, 27.278899828592937, 26.878283977508545, 26.764675935109455, 26.35446580251058, 26.246999740600586, 26.02883768081665, 25.897835572560627, 25.31451988220215, 25.356616655985516, 25.198962529500324, 25.037673473358154, 24.697896003723145, 24.77759313583374, 24.79722770055135, 24.709182739257812, 24.42637872695923, 24.391847769419353, 24.484216054280598, 24.297677993774414, 24.274829387664795, 24.143038749694824, 24.308135509490967, 24.143999417622883, 24.11289119720459, 24.214942296346027, 24.081403255462646, 23.95844841003418, 24.131522973378498, 24.039369106292725, 24.276562213897705, 24.064186573028564, 23.967857837677002, 24.057739734649658, 23.84396521250407, 23.820335388183594, 23.9020512898763, 23.951017538706463, 23.905351320902508, 23.834075291951496, 23.735760529836018, 23.791916052500408, 23.67422914505005, 23.676584879557293, 23.66919183731079, 23.673661549886067, 23.656787395477295, 23.750657558441162, 23.68117904663086, 23.747392813364666, 23.552196661631267, 23.64323393503825, 23.57585112253825, 23.675546646118164, 23.48316017786662, 23.44415283203125, 23.333097457885742, 23.361459096272785, 23.474491596221924, 23.33481486638387, 23.485638936360676, 23.510239283243816, 23.34950606028239, 23.459752082824707, 23.39628267288208, 23.27715190251668, 23.454771836598713, 23.30752166112264, 23.350538571675617, 23.39315430323283, 23.058022499084473, 23.117480595906574, 23.188244819641113, 23.176079432169598, 23.2692133585612, 23.120381355285645, 23.268429438273113, 23.14347251256307, 23.205951690673828, 23.113242626190186, 23.09649387995402, 23.03809690475464, 23.213271141052246], "ae_eval_losses": [108.52623615264892, 63.79241409301758, 51.27623796463013, 53.321494007110594, 47.34001588821411, 44.577695751190184, 40.42929754257202, 38.6999116897583, 37.73081426620483, 35.867039108276366, 34.22245988845825, 32.74031615257263, 34.255723571777345, 29.806045961380004, 28.8265341758728, 28.126862478256225, 27.66229314804077, 27.43681173324585, 27.03130712509155, 26.75993628501892, 26.777294397354126, 26.139501333236694, 26.39336504936218, 25.876424932479857, 25.540513944625854, 25.302295112609862, 25.23573546409607, 25.076487588882447, 25.02663383483887, 24.84909873008728, 24.81573839187622, 24.712383890151976, 24.663216257095335, 24.60009789466858, 24.51424160003662, 24.3914692401886, 24.130080270767213, 24.309583806991576, 24.482712507247925, 24.243650245666505, 24.136410093307497, 24.084403848648073, 24.21982607841492, 24.29293546676636, 24.04934163093567, 23.90129599571228, 24.851899814605712, 24.664639949798584, 24.166983890533448, 23.905782079696657, 23.852054262161253, 23.97753162384033, 23.919828605651855, 23.69027934074402, 23.842030668258666, 23.719358348846434, 23.953192234039307, 23.654149961471557, 23.867567825317384, 23.711655139923096, 23.949107933044434, 23.979424810409547, 24.232592868804932, 23.608793926239013, 23.56906156539917, 23.643496704101562, 23.70359902381897, 23.836168098449708, 23.45274085998535, 23.4538471698761, 23.73494439125061, 23.6541965007782, 23.586620092391968, 23.572915029525756, 23.552945184707642, 23.45691313743591, 23.546635007858278, 23.585503005981444, 23.403703927993774, 23.455511951446532, 23.539620208740235, 23.380036878585816, 23.245528650283813, 23.926400232315064, 23.235391426086426, 23.495530939102174, 23.397673559188842, 23.397983503341674, 23.40947332382202, 23.25343804359436, 23.173342323303224, 23.273792552948, 23.214761829376222, 23.27265634536743, 23.164085960388185, 23.217586517333984, 23.216787004470824, 23.239060831069946, 23.14693913459778, 23.19934630393982]}