{"ae_train_losses": [123.09486293792725, 78.60761260986328, 56.20901823043823, 51.317766189575195, 48.47179365158081, 47.02995014190674, 44.56604480743408, 42.22315835952759, 39.70847940444946, 36.95864248275757, 35.081298828125, 34.076066970825195, 31.31080174446106, 29.734009981155396, 28.762930154800415, 27.982956886291504, 27.18753695487976, 26.559487104415894, 25.980441093444824, 25.67035961151123, 25.649728059768677, 24.99317979812622, 24.83305311203003, 24.474774599075317, 24.30734348297119, 24.12748146057129, 24.185891151428223, 23.99836564064026, 23.831099033355713, 23.740309476852417, 23.693246841430664, 23.514644145965576, 23.35625195503235, 23.188586950302124, 23.32560896873474, 23.277931928634644, 23.231972694396973, 23.00945782661438, 23.29945421218872, 23.075083017349243, 22.9130961894989, 22.815616369247437, 22.649322986602783, 22.674614667892456, 22.575480699539185, 22.25508141517639, 22.458509922027588, 22.54625415802002, 22.390199184417725, 22.15681529045105, 22.11551594734192, 22.083775758743286, 22.183865547180176, 22.02958059310913, 21.97781014442444, 22.107929468154907, 21.703592777252197, 21.718904495239258, 21.973496198654175, 21.757880449295044, 21.818763494491577, 21.654061555862427, 21.590230464935303, 21.498833179473877, 21.465121507644653, 21.429216861724854, 21.355929851531982, 21.37852644920349, 21.218178272247314, 21.59776520729065, 21.3587589263916, 21.449125051498413, 21.297852993011475, 21.340543270111084, 21.185585021972656, 21.229224920272827, 21.145253896713257, 21.115530729293823, 20.944037199020386, 20.881086826324463, 20.89763593673706, 20.90091371536255, 20.767716646194458, 20.93764877319336, 20.897705554962158, 20.78875470161438, 20.699764013290405, 20.788294076919556, 20.848870515823364, 20.621412992477417, 20.65149188041687, 20.63337254524231, 20.634326934814453, 20.639408111572266, 20.5828640460968, 20.724507808685303, 20.73307228088379, 20.6817569732666, 20.567243337631226, 20.419232845306396], "ae_eval_losses": [99.60971393585206, 78.56687393188477, 62.844838333129886, 55.00007162094116, 52.534143924713135, 50.242074966430664, 42.28897571563721, 43.13022985458374, 35.85466384887695, 35.45097007751465, 35.40433015823364, 32.051318407058716, 30.43178062438965, 29.044245862960814, 28.4628785610199, 27.54528155326843, 26.77519989013672, 26.424386930465698, 25.927470636367797, 25.822231388092042, 25.093381357192992, 25.257207918167115, 24.667329025268554, 24.407248163223265, 24.333008575439454, 24.403270626068114, 24.13110818862915, 23.76097846031189, 23.83245325088501, 23.678122091293336, 23.822604417800903, 23.515436029434206, 23.732604503631592, 23.3560706615448, 23.19665699005127, 23.2385235786438, 23.16234335899353, 23.081936836242676, 23.13375940322876, 23.19752206802368, 22.739718914031982, 22.935539722442627, 22.829394912719728, 22.679878091812135, 22.591234731674195, 22.56283826828003, 22.522391033172607, 22.40999255180359, 22.254083967208864, 22.241419744491576, 22.247506952285768, 22.320083713531496, 22.274931621551513, 22.169931173324585, 22.532413005828857, 21.917812013626097, 21.851451063156127, 21.6523024559021, 22.120064640045165, 21.761413383483887, 21.669152402877806, 22.033426141738893, 21.698911476135255, 21.593306732177734, 21.64287223815918, 21.73177981376648, 21.44670190811157, 21.62800998687744, 21.578523302078246, 21.723568058013917, 21.51135673522949, 21.553480052947997, 21.572013807296752, 21.336631298065186, 21.285564804077147, 21.38039665222168, 21.40695128440857, 20.99515037536621, 21.08302745819092, 21.158534908294676, 21.153279542922974, 21.200500822067262, 20.960149717330932, 21.169263076782226, 20.944576692581176, 21.139099025726317, 20.971624326705932, 21.014162921905516, 21.061322259902955, 21.018793964385985, 20.898447799682618, 20.8763379573822, 21.057075643539427, 20.877893924713135, 20.943130207061767, 21.00384087562561, 21.179131031036377, 20.689463520050047, 20.76196894645691, 20.6538996219635]}