{"ae_train_losses": [137.62842407226563, 99.25843048095703, 82.02293548583984, 65.48222351074219, 56.663516235351565, 52.812025451660155, 52.19999313354492, 50.086884307861325, 49.25413970947265, 47.337500762939456, 45.52088394165039, 44.607032012939456, 42.402556610107425, 41.90477752685547, 41.0671142578125, 38.37741317749023, 38.71900405883789, 36.32768630981445, 34.8336296081543, 33.55679206848144, 33.76443252563477, 33.098086547851565, 32.18432693481445, 31.357040405273438, 30.30953712463379, 30.143804931640624, 29.550799560546874, 29.78938522338867, 29.073387145996094, 29.343749618530275, 28.79192199707031, 27.961710739135743, 27.535293579101562, 27.764763641357423, 26.80361671447754, 26.608796691894533, 26.897955703735352, 26.786540603637697, 26.481518173217772, 27.348435592651366, 26.236668395996094, 26.25885353088379, 25.185186004638673, 25.485606384277343, 25.814969635009767, 25.632578659057618, 25.47192039489746, 25.69006767272949, 25.57438850402832, 25.49362106323242, 25.48473777770996, 25.954081344604493, 24.900335693359374, 26.171359252929687, 25.691360473632812, 26.30559425354004, 25.653194427490234, 25.104093170166017, 25.313236236572266, 25.210076141357423, 25.67301216125488, 24.619252014160157, 25.52609786987305, 24.630992126464843, 25.109182357788086, 24.54000053405762, 24.677587509155273, 24.397396850585938, 25.64476203918457, 24.559198760986327, 24.265785217285156, 24.572421646118165, 24.79174385070801, 25.05071678161621, 25.12590637207031, 24.886962127685546, 24.440422821044923, 25.85575637817383, 24.78316307067871, 24.420701599121095, 25.24429359436035, 24.986279678344726, 24.807658767700197, 25.39610595703125, 24.822952270507812, 25.040507888793947, 25.0835693359375, 24.58492660522461, 25.262273025512695, 24.595177841186523, 24.437282943725585, 24.488029098510744, 24.517435836791993, 24.659878158569335, 24.281561279296874, 24.328290939331055, 24.650452423095704, 24.41600799560547, 24.9922607421875, 24.05672721862793], "ae_eval_losses": [115.03807926177979, 95.71988105773926, 104.18891010284423, 64.89191131591797, 63.896551036834715, 63.529984855651854, 60.58297433853149, 54.47576541900635, 53.18261184692383, 50.4435396194458, 45.5475830078125, 47.717136192321775, 52.27036027908325, 45.7723295211792, 41.193157005310056, 37.15668616294861, 36.23508834838867, 35.82204275131225, 36.70488271713257, 33.664684534072876, 33.90893669128418, 30.90426640510559, 31.396458530426024, 31.046392488479615, 30.101284408569335, 29.747839069366456, 29.01762628555298, 29.4878089427948, 28.67855296134949, 28.449070501327515, 27.983940029144286, 27.778314447402956, 27.03286385536194, 27.13700089454651, 27.300131702423094, 26.66797866821289, 26.35737090110779, 26.300401544570924, 26.25133023262024, 26.271553993225098, 25.952313709259034, 25.734280395507813, 25.76044545173645, 25.53013343811035, 25.614506340026857, 25.749636507034303, 25.429339933395386, 25.27499852180481, 25.20265130996704, 25.040528297424316, 25.474699640274046, 25.480129528045655, 25.20168294906616, 25.241869974136353, 25.586207389831543, 25.376524353027342, 25.31458625793457, 25.135088682174683, 25.095544195175172, 25.097016716003417, 25.347727012634277, 25.125324058532716, 25.168759632110596, 25.05471816062927, 24.461039733886718, 24.483625221252442, 24.606767082214354, 24.739841794967653, 24.548638677597047, 24.762810945510864, 24.866523361206056, 24.849826860427857, 24.83908133506775, 24.994416332244874, 24.76226863861084, 24.86889715194702, 24.66146664619446, 24.582826328277587, 24.83644905090332, 24.710755109786987, 24.77908320426941, 24.804084539413452, 25.08716654777527, 24.8323956489563, 24.545325136184694, 24.682163572311403, 24.582291746139525, 24.61187825202942, 24.83621997833252, 24.277190160751342, 24.215208292007446, 24.204242324829103, 23.90705313682556, 24.198847150802614, 24.181516313552855, 24.188003301620483, 24.140494632720948, 23.92242488861084, 23.91037473678589, 24.012760210037232]}