{"ae_train_losses": [133.03371238708496, 96.64699363708496, 75.86297607421875, 57.4236364364624, 51.449559688568115, 48.539916038513184, 47.41719961166382, 45.3318133354187, 44.112446784973145, 42.12299299240112, 40.20974540710449, 38.086463928222656, 35.1514458656311, 34.230947494506836, 33.70610475540161, 33.17427062988281, 31.002928733825684, 29.60762619972229, 28.75918483734131, 28.0953106880188, 27.446892738342285, 26.728855848312378, 26.21747922897339, 25.79691171646118, 25.50901436805725, 25.311983108520508, 25.358360290527344, 25.35292148590088, 24.9582941532135, 24.763341426849365, 24.84422779083252, 24.655287504196167, 24.60981845855713, 24.495474576950073, 24.60326337814331, 24.599236249923706, 24.592289209365845, 24.733835697174072, 24.557339429855347, 24.488837957382202, 24.58263850212097, 24.344557285308838, 24.26355242729187, 24.437044620513916, 24.363290786743164, 24.230762243270874, 24.108954906463623, 24.207364082336426, 24.176406621932983, 24.063849687576294, 24.154231548309326, 24.30083203315735, 24.1948184967041, 24.049442291259766, 24.25041651725769, 24.2314555644989, 23.988694667816162, 24.0825834274292, 24.11583638191223, 24.063782691955566, 24.068787813186646, 23.98893165588379, 24.03332209587097, 23.871020078659058, 23.838403463363647, 23.741708517074585, 23.844148874282837, 23.732041358947754, 23.766310214996338, 23.81783699989319, 23.68182134628296, 23.79513907432556, 24.01441192626953, 23.79916763305664, 23.686967849731445, 23.82643485069275, 23.974782943725586, 23.92588710784912, 23.672178983688354, 23.565701007843018, 23.55942940711975, 23.60442543029785, 23.55320906639099, 23.58334517478943, 23.557911157608032, 23.552966833114624, 23.534863233566284, 23.540282487869263, 23.482331037521362, 23.458886861801147, 23.552034616470337, 23.610432386398315, 23.37453556060791, 23.55011749267578, 23.37925696372986, 23.503865480422974, 23.30753207206726, 23.408944606781006, 23.31133222579956, 23.186269521713257], "ae_eval_losses": [102.56235809326172, 88.08886432647705, 87.4066318511963, 60.4769154548645, 54.417988300323486, 44.654549503326415, 45.90750732421875, 43.63217048645019, 45.03781843185425, 41.39181528091431, 41.19812660217285, 35.533535385131835, 33.934429454803464, 34.646738052368164, 36.391771125793454, 34.6180202960968, 30.491858386993407, 29.322625064849852, 28.122521257400514, 27.775048446655273, 26.77478709220886, 26.29826488494873, 26.15959930419922, 25.50847339630127, 25.457954120635986, 25.637103605270386, 25.147962617874146, 25.15677351951599, 24.88474678993225, 25.034420776367188, 24.67037878036499, 24.712850856781007, 24.85700511932373, 24.710158157348634, 24.661200046539307, 24.51613473892212, 24.67104105949402, 24.751737451553346, 24.497337293624877, 24.747181797027586, 24.23769826889038, 24.403299570083618, 24.441576099395753, 24.941239404678345, 24.178307962417602, 24.253884696960448, 24.305135917663574, 24.420192670822143, 24.084369373321532, 24.10499687194824, 24.124651527404787, 24.355084562301634, 24.07457604408264, 24.092573976516725, 24.998408365249634, 24.145676183700562, 24.27620177268982, 24.03850131034851, 24.3930326461792, 24.416329860687256, 23.869538927078246, 24.324471044540406, 24.11315860748291, 23.878105258941652, 24.1550133228302, 23.889523220062255, 23.822410535812377, 23.94506769180298, 23.79621295928955, 23.71902189254761, 23.725590181350707, 23.871496295928956, 23.88626980781555, 23.650539255142213, 23.74872570037842, 23.70337815284729, 24.454700183868407, 23.701995277404784, 23.549660682678223, 23.765779876708983, 23.696665954589843, 23.718597888946533, 23.53184309005737, 23.66435866355896, 23.51528329849243, 23.618591451644896, 23.521491527557373, 23.85092177391052, 23.764275360107423, 23.655942296981813, 23.409533262252808, 23.503934955596925, 23.535201120376588, 23.693735694885255, 23.45693259239197, 23.470944976806642, 23.44172329902649, 23.68513903617859, 23.341220235824586, 23.273941564559937]}