{"ae_train_losses": [193.0846954345703, 130.08310089111328, 95.54403533935547, 71.92294769287109, 63.060725402832034, 58.37532501220703, 57.85577163696289, 55.23772964477539, 53.94900054931641, 54.87871627807617, 52.6449691772461, 50.91485443115234, 50.38092575073242, 49.80242004394531, 51.88512344360352, 46.50660018920898, 46.08754119873047, 44.19119033813477, 41.97292022705078, 41.446652221679685, 40.05892486572266, 39.20254287719727, 37.411284637451175, 36.66089096069336, 35.895948028564455, 34.870730590820315, 34.536180877685545, 33.48113784790039, 33.49916152954101, 31.731492233276366, 31.86690483093262, 30.943869400024415, 30.28178482055664, 29.609181213378907, 29.883922958374022, 29.46150016784668, 29.086696243286134, 29.857541275024413, 28.41913185119629, 28.6825740814209, 28.04655303955078, 27.899451065063477, 28.327947998046874, 28.76990852355957, 27.515251541137694, 27.448585510253906, 27.599072647094726, 26.890208435058593, 27.38294677734375, 27.080486297607422, 27.00566291809082, 27.392121887207033, 26.560648727416993, 26.599243545532225, 26.94828643798828, 27.16769027709961, 27.02578239440918, 27.574081039428712, 27.38682746887207, 27.64036331176758, 27.687027740478516, 27.09653968811035, 26.473991775512694, 26.766609573364256, 26.413928985595703, 26.875264358520507, 26.108275604248046, 26.818748474121094, 26.78370361328125, 26.552916717529296, 26.20559616088867, 27.241318893432616, 26.65263557434082, 25.973516845703124, 26.217409133911133, 26.08126449584961, 25.512147903442383, 25.64211502075195, 25.299065399169923, 26.309873580932617, 26.558538818359374, 27.170018005371094, 26.377980041503907, 25.493124771118165, 27.112461853027344, 26.728942108154296, 25.791035079956053, 25.80416831970215, 25.82318115234375, 26.767206954956055, 26.276120758056642, 26.278919219970703, 26.46587562561035, 26.950873565673827, 25.998454666137697, 27.32254829406738, 25.957241439819335, 26.43079719543457, 26.037483978271485, 26.828789520263673], "ae_eval_losses": [140.33713493347167, 117.74946746826171, 123.01145992279052, 68.48957042694092, 72.15299739837647, 52.80403728485108, 55.13197612762451, 52.95988206863403, 59.697787284851074, 54.51409101486206, 48.44329833984375, 55.07251863479614, 57.524650192260744, 54.77349119186401, 56.86575202941894, 48.432827663421634, 41.01627178192139, 41.12646532058716, 41.34902257919312, 39.085263633728026, 42.17550792694092, 47.52233915328979, 41.71312007904053, 37.358446502685545, 37.9510009765625, 34.30622539520264, 33.98350372314453, 32.83069429397583, 32.64172720909119, 31.98650803565979, 30.80120792388916, 30.923732852935792, 30.491464805603027, 30.44465026855469, 29.865600109100342, 29.79051094055176, 28.99094476699829, 29.12175350189209, 28.51985478401184, 29.12125678062439, 27.790640926361085, 28.31157832145691, 28.293251514434814, 27.757848930358886, 27.66066732406616, 27.592622995376587, 27.41641435623169, 27.471009826660158, 27.59129891395569, 27.322515869140624, 27.140716075897217, 27.253640508651735, 26.850989007949828, 27.14465684890747, 27.067681646347047, 27.03431816101074, 28.116765165328978, 27.448818397521972, 27.251703357696535, 27.448048448562623, 26.718830394744874, 26.804849529266356, 26.90467095375061, 26.622062969207764, 26.499189138412476, 26.34063587188721, 26.61368923187256, 26.838287115097046, 26.7628080368042, 26.035533046722414, 25.980291223526002, 26.40762758255005, 25.961899185180663, 26.389224338531495, 26.0306556224823, 26.478256702423096, 27.445487022399902, 25.800604343414307, 25.98890404701233, 26.524427223205567, 26.27734308242798, 26.75372967720032, 26.270585536956787, 27.02244625091553, 26.765580463409425, 26.15177230834961, 25.853734397888182, 25.733188438415528, 25.518079614639284, 27.516051006317138, 37.6127628326416, 31.08102593421936, 28.951366424560547, 26.626846647262575, 27.933638763427734, 26.54787974357605, 26.489051628112794, 26.46359510421753, 26.703253984451294, 26.696418666839598]}