{"ae_train_losses": [158.2878713607788, 102.39389896392822, 64.39897632598877, 55.57225847244263, 52.71851348876953, 49.59377193450928, 47.036882400512695, 45.271260261535645, 43.14822435379028, 40.66553497314453, 38.83171558380127, 37.79903554916382, 37.11971044540405, 36.25965118408203, 35.6558256149292, 34.883617877960205, 34.02808666229248, 33.10401391983032, 31.931936502456665, 31.20882296562195, 30.542566537857056, 30.13091254234314, 29.586109161376953, 29.218238592147827, 28.81594944000244, 28.665737867355347, 28.401039123535156, 28.605642080307007, 28.661409378051758, 27.817869663238525, 27.69456195831299, 27.339293241500854, 26.929938316345215, 27.098210096359253, 26.57680654525757, 26.44473123550415, 26.49941086769104, 26.50454330444336, 26.220006704330444, 25.961467742919922, 25.716764450073242, 25.570972681045532, 25.52032232284546, 25.197170734405518, 25.0689799785614, 24.973680019378662, 24.9566068649292, 24.766748666763306, 24.654886722564697, 24.456785917282104, 24.563642978668213, 24.724808931350708, 24.531541347503662, 24.56884264945984, 24.220332384109497, 24.595407247543335, 24.304217100143433, 24.242520809173584, 24.06944751739502, 24.04353618621826, 23.941593170166016, 24.199148416519165, 24.164851427078247, 24.217679977416992, 24.09661364555359, 24.13123393058777, 24.194178819656372, 24.05823588371277, 24.04103994369507, 24.235032081604004, 24.058062314987183, 23.98906111717224, 24.10835599899292, 24.163561582565308, 23.95306658744812, 24.002418041229248, 24.04999852180481, 23.90303111076355, 23.909137725830078, 23.591872930526733, 23.7157564163208, 23.972604513168335, 23.934516668319702, 23.86478853225708, 23.79891300201416, 23.72109055519104, 24.01066493988037, 23.94511866569519, 23.77352476119995, 23.56851291656494, 23.626721143722534, 23.72762417793274, 23.778350114822388, 23.618995428085327, 23.734617233276367, 23.730599880218506, 23.470961570739746, 23.79529356956482, 23.905352115631104, 23.742297887802124], "ae_eval_losses": [124.05925140380859, 109.8266098022461, 66.7168529510498, 55.55909795761109, 61.36756887435913, 50.38390817642212, 46.06912784576416, 49.55158472061157, 41.05096263885498, 39.14524974822998, 38.10515775680542, 37.6561821937561, 36.85207176208496, 36.27019329071045, 35.80671577453613, 34.627469873428346, 33.56959915161133, 32.407926368713376, 31.48062868118286, 30.362692260742186, 30.21576919555664, 30.06930742263794, 29.076403379440308, 28.565853214263917, 28.715172719955444, 28.51085534095764, 28.02898325920105, 27.85037088394165, 27.914782810211182, 27.69375786781311, 27.046774005889894, 26.725680208206178, 26.92048349380493, 26.611029195785523, 26.664025640487672, 26.319643783569337, 26.702989101409912, 25.800479650497437, 26.022390127182007, 26.060974454879762, 25.46158847808838, 25.548704433441163, 25.563842391967775, 25.139622831344603, 25.031283807754516, 24.802068281173707, 24.800902700424196, 24.90465898513794, 24.607489919662477, 24.60569453239441, 24.65779619216919, 24.675030612945555, 24.347345781326293, 24.150837421417236, 24.288925552368163, 24.633883047103883, 24.576246070861817, 24.185732316970824, 24.162050628662108, 24.102602529525758, 23.963252973556518, 24.592670726776124, 24.348747777938843, 24.06001658439636, 24.098686075210573, 24.548772382736207, 24.31575779914856, 24.090707302093506, 23.937617015838622, 24.0222252368927, 24.013836574554443, 24.36365623474121, 24.240573024749757, 23.878631019592284, 23.865990352630615, 25.870668125152587, 24.31253147125244, 23.731014823913576, 23.989548015594483, 23.860880661010743, 23.74181685447693, 23.819273519515992, 23.898723745346068, 23.760399770736694, 23.761686658859254, 24.15565824508667, 23.990148878097536, 24.038249826431276, 23.740448236465454, 23.69944019317627, 23.701336765289305, 24.36422266960144, 23.71425642967224, 23.597251749038698, 23.78723258972168, 23.713621664047242, 23.541263341903687, 23.58573408126831, 25.026467180252077, 23.87830271720886]}