{"ae_train_losses": [156.37463188171387, 100.49674129486084, 73.9150013923645, 58.92000102996826, 54.30264377593994, 51.148874282836914, 48.89884662628174, 47.73721742630005, 46.73960256576538, 45.49543237686157, 45.71057748794556, 43.18602800369263, 41.57547950744629, 39.36051273345947, 37.78798866271973, 35.730215549468994, 33.95790958404541, 32.64874053001404, 31.5571928024292, 30.530211687088013, 29.670732498168945, 28.95071506500244, 28.519652366638184, 27.91523027420044, 27.690812826156616, 27.524900436401367, 27.14544701576233, 26.80929207801819, 26.481919288635254, 26.29933762550354, 25.88223624229431, 25.795626640319824, 25.75793147087097, 25.776932954788208, 25.68490743637085, 25.462755918502808, 25.24825358390808, 25.30626130104065, 25.16173219680786, 25.09403896331787, 25.162541389465332, 24.982696533203125, 24.949151039123535, 25.049306392669678, 25.113059520721436, 24.722078323364258, 24.661920070648193, 24.85201597213745, 24.79282784461975, 24.448056936264038, 24.754754781723022, 24.508522272109985, 24.490968465805054, 24.379443168640137, 24.683080673217773, 24.556581497192383, 24.29082989692688, 24.381471633911133, 24.293150901794434, 24.343400478363037, 24.309684991836548, 24.261619329452515, 24.22830581665039, 24.192240715026855, 24.244441509246826, 23.974810123443604, 24.30963969230652, 24.149876356124878, 24.23465061187744, 24.279316663742065, 24.19137144088745, 24.138115167617798, 24.344018936157227, 24.220399856567383, 24.114423274993896, 24.05920433998108, 24.277414321899414, 24.01565408706665, 24.03015637397766, 23.87138271331787, 23.89289426803589, 23.81545853614807, 23.990002870559692, 23.889118671417236, 24.025997161865234, 23.763511419296265, 23.885082244873047, 23.751145839691162, 23.89551544189453, 23.75716280937195, 23.719348907470703, 23.733574390411377, 23.730737924575806, 23.75329351425171, 23.742680311203003, 24.06110668182373, 23.834566116333008, 23.87994933128357, 23.83717679977417, 23.678247928619385], "ae_eval_losses": [113.70492191314698, 105.05653228759766, 87.4579397201538, 60.41567420959473, 51.43463582992554, 51.10291891098022, 48.60284633636475, 46.62567758560181, 45.27378482818604, 43.55315084457398, 40.883497619628905, 41.60884866714478, 38.90840091705322, 37.100984287261966, 39.3043496131897, 35.023306894302365, 33.92182540893555, 31.89123091697693, 30.971530199050903, 30.19575595855713, 29.86575222015381, 28.955253314971923, 28.27831826210022, 27.77664542198181, 27.57065591812134, 27.384109783172608, 27.08681116104126, 26.557442045211793, 26.328462839126587, 25.930205392837525, 25.739639234542846, 25.92805528640747, 25.593192100524902, 25.716498136520386, 25.729516363143922, 25.357583236694335, 25.114092540740966, 25.010548877716065, 25.16077995300293, 25.19903655052185, 25.07237787246704, 24.843393993377685, 24.73831000328064, 25.08156795501709, 24.960918569564818, 24.612261009216308, 24.522258043289185, 25.441623783111574, 24.78719563484192, 24.6410933971405, 24.58811664581299, 24.506024074554443, 24.447760677337648, 24.55511393547058, 24.766664457321166, 24.273754024505614, 24.315188884735107, 24.3011203289032, 24.32301640510559, 24.30881772041321, 24.451630449295045, 24.160862112045287, 24.214910650253294, 24.23102173805237, 24.069837141036988, 24.403194618225097, 24.19627962112427, 24.55457811355591, 24.331722450256347, 24.547148990631104, 24.169293642044067, 25.66885714530945, 25.356270599365235, 24.313856649398804, 24.32866539955139, 24.00667757987976, 23.976223278045655, 23.968816423416136, 23.833228206634523, 24.007972383499144, 23.96472759246826, 23.98461799621582, 23.965454721450804, 24.074224853515624, 23.861435985565187, 23.87180166244507, 23.87613000869751, 24.17384629249573, 23.90794539451599, 23.755213451385497, 23.899077033996583, 23.83353171348572, 24.134085941314698, 23.787303590774535, 24.05053768157959, 23.94610023498535, 23.8941002368927, 24.038148355484008, 23.75018663406372, 23.791265392303465]}