{"ae_train_losses": [168.547607421875, 179.61558532714844, 133.85154724121094, 121.55570983886719, 116.33161163330078, 113.44346618652344, 109.69953155517578, 106.44476318359375, 102.57903289794922, 98.61486053466797, 95.16870880126953, 93.79946899414062, 92.31884765625, 91.14421844482422, 91.16156005859375, 89.35575866699219, 86.82593536376953, 85.71309661865234, 82.84807586669922, 79.51084899902344, 77.23509979248047, 76.26547241210938, 73.7996597290039, 71.96466827392578, 70.64424896240234, 67.71576690673828, 66.3118896484375, 62.62857437133789, 60.78622817993164, 56.71527099609375, 54.7554817199707, 55.498992919921875, 53.506195068359375, 52.72313690185547, 51.59024429321289, 49.76206970214844, 48.83931350708008, 48.162147521972656, 47.56226348876953, 48.06055450439453, 47.558841705322266, 47.20623016357422, 46.56560516357422, 45.75444412231445, 46.37784957885742, 45.29361343383789, 43.36284637451172, 44.11976623535156, 44.31310272216797, 44.499794006347656, 43.07483673095703, 42.84659194946289, 43.16091537475586, 42.18448257446289, 43.01710891723633, 42.408451080322266, 41.010955810546875, 40.499473571777344, 40.98427200317383, 40.8685417175293, 40.61050033569336, 39.00349426269531, 39.20820617675781, 40.23749542236328, 38.74539566040039, 39.289756774902344, 38.547019958496094, 37.748046875, 38.12668991088867, 38.137290954589844, 36.88467788696289, 36.81867599487305, 37.26884078979492, 36.873191833496094, 36.83041000366211, 35.18195343017578, 34.7669563293457, 34.488487243652344, 34.65480041503906, 33.39113998413086, 33.62842559814453, 33.653358459472656, 34.149539947509766, 33.57823181152344, 31.9338321685791, 32.39240646362305, 32.82289123535156, 31.6954288482666, 32.502193450927734, 32.80740737915039, 31.47810173034668, 32.082393646240234, 30.477035522460938, 32.26412582397461, 30.348012924194336, 30.580413818359375, 30.096614837646484, 30.2720947265625, 30.72320556640625, 30.00605583190918], "ae_eval_losses": [117.35798816680908, 120.20938014984131, 118.03920764923096, 115.40552921295166, 113.11384983062744, 111.11416645050049, 108.33235759735108, 103.68155193328857, 98.64988479614257, 95.39925994873047, 94.16384468078613, 93.62111186981201, 92.95474052429199, 92.15148754119873, 91.47837829589844, 90.42301025390626, 88.99981842041015, 87.31224517822265, 85.43875541687012, 83.24838562011719, 81.26032600402831, 80.05169620513917, 78.55510997772217, 76.92402038574218, 75.82705135345459, 75.26451663970947, 74.8004051208496, 71.60325565338135, 68.21662178039551, 65.06537618637086, 60.511760520935056, 58.84200754165649, 56.259936809539795, 55.83730401992798, 55.36629686355591, 53.27905225753784, 52.07458200454712, 50.47582321166992, 49.841959953308105, 49.836899757385254, 50.34165573120117, 50.30520067214966, 50.63131170272827, 50.16841373443604, 49.28385953903198, 48.3034930229187, 47.62648859024048, 51.45605583190918, 52.09518890380859, 49.92165298461914, 47.23456754684448, 46.15289316177368, 47.22863578796387, 48.28269519805908, 46.562635803222655, 44.38420791625977, 42.723518180847165, 42.73737897872925, 44.99582366943359, 45.045609664916995, 43.220905208587645, 41.49641456604004, 41.04522867202759, 43.11853075027466, 44.62446556091309, 43.7364990234375, 40.961493492126465, 39.07158117294311, 38.55035285949707, 39.123742771148684, 39.81802539825439, 39.19607057571411, 38.61106719970703, 38.04313716888428, 37.729931640625, 37.82366008758545, 37.79157409667969, 37.32230796813965, 36.68947057723999, 36.26647243499756, 36.06653118133545, 35.58817458152771, 35.611614513397214, 35.72993087768555, 35.21824083328247, 35.03672161102295, 34.77571306228638, 34.587828540802, 34.38022813796997, 34.60486917495727, 34.362722396850586, 33.828941917419435, 33.625601577758786, 33.565446090698245, 33.02496180534363, 32.885873556137085, 33.09699926376343, 33.26570329666138, 33.01903009414673, 32.95279421806335]}