{"ae_train_losses": [131.3744535446167, 92.18721199035645, 60.98997116088867, 51.424402713775635, 48.529038429260254, 46.54243087768555, 45.91517925262451, 50.716437339782715, 51.33458137512207, 44.93419122695923, 42.638131618499756, 39.86721706390381, 37.81417274475098, 35.32428598403931, 33.024295806884766, 31.347816944122314, 30.324114322662354, 29.385167837142944, 28.481311321258545, 27.955493211746216, 27.43724822998047, 26.73488998413086, 25.886890411376953, 25.407843828201294, 25.12632989883423, 24.93530511856079, 24.77513098716736, 24.69082021713257, 24.482849836349487, 24.426981210708618, 24.481389045715332, 24.29444646835327, 24.199054956436157, 24.062464475631714, 24.09403157234192, 24.03280735015869, 24.088019847869873, 24.03109073638916, 23.81108283996582, 23.990639209747314, 23.942373037338257, 23.9653103351593, 23.826443910598755, 24.01301121711731, 23.80536913871765, 23.73479652404785, 23.71674108505249, 23.527995109558105, 23.509812593460083, 23.47520136833191, 23.32520318031311, 23.428610801696777, 23.43713116645813, 23.28442144393921, 23.699638843536377, 23.62605309486389, 23.168786764144897, 23.20676875114441, 23.54172110557556, 23.220139741897583, 23.084194660186768, 23.239272832870483, 23.13051128387451, 22.87469792366028, 23.004555463790894, 23.10999321937561, 22.792693614959717, 22.841185092926025, 22.77553939819336, 22.81351613998413, 22.778977155685425, 22.751315355300903, 22.847479581832886, 22.614003658294678, 22.580678701400757, 22.701193809509277, 22.688205242156982, 22.557520627975464, 22.574453115463257, 22.481759548187256, 22.411770343780518, 22.370370388031006, 22.358966588974, 22.282309770584106, 22.17871117591858, 22.097431659698486, 22.22720718383789, 22.221949338912964, 22.09374475479126, 22.185810804367065, 21.97585916519165, 21.998308181762695, 21.906997442245483, 21.72493600845337, 21.946868896484375, 21.784351587295532, 21.848477840423584, 21.736412525177002, 21.663004159927368, 21.616761207580566], "ae_eval_losses": [110.09180660247803, 96.5710220336914, 78.84820041656494, 54.824532699584964, 49.95380792617798, 45.22803792953491, 57.25023527145386, 74.02767066955566, 42.824728107452394, 40.69423942565918, 42.346969318389895, 40.852386474609375, 36.55700912475586, 33.238390636444095, 31.78872184753418, 30.612625932693483, 29.52684679031372, 28.535442876815797, 28.09311695098877, 27.569286489486693, 26.74546012878418, 26.11900577545166, 25.642651319503784, 25.187511253356934, 25.047358369827272, 25.12089285850525, 24.72771668434143, 24.586837100982667, 24.55038743019104, 24.501886224746706, 24.364966678619385, 24.269899892807008, 24.300786542892457, 24.2395649433136, 24.13125319480896, 24.032784938812256, 24.049332332611083, 23.946567153930665, 23.965416431427002, 24.246658420562746, 23.99382529258728, 23.896991300582886, 23.904831647872925, 23.86928105354309, 23.790470123291016, 23.708807277679444, 23.575550508499145, 23.885868406295778, 23.6887508392334, 23.542729806900024, 23.470723962783815, 23.44227714538574, 23.517997789382935, 23.546823501586914, 23.80824131965637, 23.25494818687439, 23.35887441635132, 23.38960313796997, 23.617577981948852, 23.484233808517455, 23.102658891677855, 23.59013605117798, 23.141332864761353, 22.981805562973022, 23.29075050354004, 23.119830274581908, 22.921773433685303, 22.771639776229858, 22.924892282485963, 23.071100187301635, 22.728805589675904, 22.979788637161256, 22.785678577423095, 22.67259454727173, 22.62938075065613, 22.76782512664795, 22.632465839385986, 22.55446901321411, 22.60745449066162, 22.50340642929077, 22.62758865356445, 22.657228183746337, 22.40597457885742, 22.32955150604248, 22.30334119796753, 22.55832667350769, 22.390169668197633, 22.227979135513305, 22.267924976348876, 22.270037317276, 22.046586084365845, 22.058973932266234, 22.007718420028688, 22.16135468482971, 21.97730975151062, 21.999698066711424, 21.980590724945067, 21.71931128501892, 21.72162766456604, 21.667236661911012]}