{"ae_train_losses": [84.09411970774333, 46.659555753072105, 40.259982426961265, 36.33919747670492, 32.99230273564657, 30.315330346425373, 28.251591046651203, 26.638409932454426, 25.416266918182373, 24.536344051361084, 23.956793944040935, 23.45643377304077, 22.889646371205647, 22.58278465270996, 22.187731107076008, 21.907957712809246, 21.54980230331421, 21.273004690806072, 21.15585724512736, 21.06226348876953, 20.989657719930012, 20.85426950454712, 20.836828231811523, 20.65758482615153, 20.74530824025472, 20.547443389892578, 20.56151596705119, 20.621476809183758, 20.518144448598225, 20.3812518119812, 20.305859247843426, 20.42069101333618, 20.34076674779256, 20.352802594502766, 20.197908719380695, 20.25655698776245, 20.159855047861736, 20.205922921498615, 20.074334144592285, 20.18114709854126, 19.922741095225017, 19.913013617197674, 19.9944273630778, 19.965038617451984, 19.980511983235676, 19.92871363957723, 19.86219374338786, 19.91358455022176, 19.805046558380127, 19.824175198872883, 19.81600046157837, 19.676942189534504, 19.654198964436848, 19.600510120391846, 19.747257232666016, 19.837658564249676, 19.57749350865682, 19.564815044403076, 19.594863096872967, 19.563174565633137, 19.500758171081543, 19.699880917867024, 19.69527006149292, 19.49398708343506, 19.4386731783549, 19.48836310704549, 19.52875550587972, 19.491779327392578, 19.492807070414226, 19.487276077270508, 19.709307352701824, 19.50306765238444, 19.311429500579834, 19.323540051778156, 19.269086837768555, 19.357219696044922, 19.271315574645996, 19.333099047342937, 19.185295740763348, 19.27377923329671, 19.328877925872803, 19.201040585835774, 19.255895296732586, 19.24640115102132, 19.291982968648274, 19.35203488667806, 19.111844380696613, 19.114458401997883, 19.110047181447346, 19.16706069310506, 19.18106730779012, 19.10162655512492, 19.272830645243328, 19.23881657918294, 19.118721167246502, 19.114721934000652, 19.070255438486736, 19.10118007659912, 19.00664981206258, 19.15623664855957], "ae_eval_losses": [73.59922351837159, 46.52423858642578, 37.76843004226684, 33.75101480484009, 31.314895153045654, 29.625870132446288, 27.316839075088502, 25.754135131835938, 25.12495150566101, 24.049395895004274, 23.740568494796754, 23.562326288223268, 23.213078594207765, 22.62956299781799, 22.209967947006227, 21.82185301780701, 21.443198490142823, 21.17632040977478, 21.460970211029053, 21.15975103378296, 21.139305686950685, 21.106937646865845, 20.723545265197753, 20.821856355667116, 21.23530077934265, 20.72985520362854, 20.642972421646117, 20.507501363754272, 20.658451271057128, 20.647423839569093, 20.493872022628786, 20.72349796295166, 20.364492464065552, 20.605815124511718, 20.59385142326355, 20.52143692970276, 20.33907833099365, 20.477738189697266, 20.281878423690795, 20.409904384613036, 20.196901845932008, 20.149326705932616, 20.351598262786865, 20.1820077419281, 20.155888509750366, 19.8991849899292, 19.999756193161012, 20.019675159454344, 20.134007263183594, 19.90956292152405, 20.008958864212037, 20.06459617614746, 19.764181566238403, 19.936590003967286, 19.96350932121277, 20.025105905532836, 19.867239904403686, 19.89485845565796, 19.880060052871706, 19.849252033233643, 19.9728120803833, 20.141375207901, 19.8142671585083, 19.759895849227906, 19.793569993972778, 19.82290678024292, 19.765672588348387, 20.28590669631958, 20.260589838027954, 19.875617122650148, 19.830680704116823, 19.985349130630492, 19.85565814971924, 19.881260871887207, 19.68235445022583, 19.613081073760988, 19.558955097198485, 19.68833456039429, 19.716381883621217, 19.685062217712403, 19.651463985443115, 19.485387754440307, 19.66879348754883, 20.04889750480652, 19.663726806640625, 19.68763861656189, 19.840447473526, 19.74472222328186, 19.628812313079834, 19.61484546661377, 19.62723731994629, 19.57271466255188, 19.94789400100708, 19.68838882446289, 19.50970959663391, 19.846243333816528, 19.773657894134523, 19.547723293304443, 19.64053068161011, 19.565257501602172]}