{"ae_train_losses": [135.89829444885254, 74.31406529744466, 52.779348373413086, 48.95358975728353, 48.27625751495361, 45.39829476674398, 42.203118642171226, 39.65624109903971, 37.63593578338623, 35.77966753641764, 34.08554871877035, 32.96341896057129, 31.89082098007202, 30.894781589508057, 29.984049320220947, 29.090993881225586, 28.642808119455974, 27.926339467366535, 27.476147333780926, 26.782625675201416, 26.547492504119873, 26.19562880198161, 25.825876235961914, 25.62349732716878, 25.51958990097046, 25.34889046351115, 25.104315280914307, 25.105737050374348, 25.01091718673706, 24.826597213745117, 24.683351516723633, 24.63534927368164, 24.524653434753418, 24.56272300084432, 24.47456471125285, 24.356397310892742, 24.336439609527588, 24.21027708053589, 24.31653340657552, 24.482704798380535, 24.395415782928467, 24.387378056844074, 24.35685666402181, 24.13026189804077, 24.060560544331867, 24.25694529215495, 24.21465492248535, 24.150284131368, 24.143441836039226, 24.160143693288166, 24.135883649190266, 23.966756025950115, 23.903835932413738, 23.91853396097819, 23.841354370117188, 24.083085378011067, 23.80806318918864, 23.850184440612793, 23.92323176066081, 23.929187456766766, 23.88052781422933, 23.71547269821167, 23.670573075612385, 23.79386027654012, 23.62854067484538, 23.52813466389974, 23.722481727600098, 23.667253971099854, 23.56646951039632, 23.706153233846027, 23.738981405893963, 23.72096602121989, 23.545745690663654, 23.42502562204997, 23.528728644053142, 23.468785285949707, 23.638274669647217, 23.49401044845581, 23.433966954549152, 23.538690249125164, 23.56141455968221, 23.437578678131104, 23.36562204360962, 23.51583655675252, 23.323851267496746, 23.413472175598145, 23.582184473673504, 23.53649155298869, 23.578955332438152, 23.50640598932902, 23.24924087524414, 23.375840663909912, 23.441158771514893, 23.45508050918579, 23.656922499338787, 23.6898193359375, 23.675772349039715, 23.657732168833416, 23.533725420633953, 23.497873783111572], "ae_eval_losses": [102.33936138153076, 66.79361362457276, 52.53105764389038, 45.71011486053467, 47.04614887237549, 44.79671459197998, 42.39375534057617, 38.37852220535278, 37.22031307220459, 35.62438840866089, 33.77081670761108, 32.89907774925232, 32.10074005126953, 30.710470056533815, 29.69192271232605, 28.905543947219847, 28.135497665405275, 27.866440057754517, 27.283658361434938, 26.639981985092163, 26.59589080810547, 26.08958125114441, 25.715611839294432, 25.765960931777954, 25.58197479248047, 25.45322184562683, 25.208345079421996, 24.852636957168578, 24.703595638275146, 24.65379366874695, 24.59365921020508, 24.844609546661378, 27.075615692138673, 24.89532527923584, 24.499259567260744, 24.553702545166015, 24.295611238479616, 24.31065936088562, 24.515657472610474, 24.561818075180053, 24.287648820877074, 24.16441640853882, 24.276051187515257, 24.356828212738037, 24.16840605735779, 24.04591655731201, 24.689868927001953, 24.16312532424927, 24.599993324279787, 23.888555192947386, 24.049740171432497, 23.89267692565918, 23.987563705444337, 23.870821475982666, 24.204794216156007, 23.80570869445801, 23.91937565803528, 23.77368769645691, 24.32088704109192, 24.430048131942748, 23.904050207138063, 23.91149139404297, 24.137205362319946, 23.605197811126708, 23.569674682617187, 23.848862981796266, 23.78897981643677, 23.82358589172363, 23.519909477233888, 23.672245597839357, 23.71493935585022, 23.97363042831421, 23.55916509628296, 23.520495796203612, 23.340843200683594, 23.509176683425903, 23.867242527008056, 23.581480741500854, 23.55518207550049, 23.469391870498658, 23.754819011688234, 23.427493238449095, 23.347881269454955, 23.560465621948243, 23.508350086212157, 23.792002058029176, 23.702676677703856, 24.033543968200682, 23.895322608947755, 23.648347425460816, 23.322924423217774, 23.429273223876955, 23.35072178840637, 26.376925945281982, 24.352579069137573, 24.068325328826905, 23.717057943344116, 24.000513553619385, 23.76070566177368, 23.695767402648926]}