{"ae_train_losses": [131.30694516499838, 79.5717814763387, 55.59021027882894, 49.22103309631348, 45.40691248575846, 43.560105641682945, 43.504154205322266, 42.39796670277914, 39.9638942082723, 36.684070905049644, 34.23202101389567, 32.27000125249227, 31.062500476837158, 30.26844835281372, 29.73132785161336, 28.97640101114909, 28.088359038035076, 27.645394166310627, 26.857550621032715, 26.649396737416584, 26.380905946095783, 25.94834820429484, 25.727988243103027, 25.418410778045654, 25.447978496551514, 24.94717788696289, 24.994696458180744, 24.887004057566326, 24.60408051808675, 24.549053986867268, 24.444386959075928, 24.42716391881307, 24.486010869344074, 24.386236031850178, 24.590027332305908, 24.306807041168213, 24.315650939941406, 24.203889846801758, 24.14972448348999, 24.198597113291424, 24.14911429087321, 24.04070472717285, 24.058056831359863, 24.02712599436442, 23.95982042948405, 23.953350067138672, 24.12238089243571, 23.905383586883545, 23.77258586883545, 23.920052369435627, 23.823450247446697, 23.9231276512146, 24.035583972930908, 24.32029088338216, 24.181079864501953, 24.037034511566162, 23.944256623586018, 23.8607759475708, 23.78091589609782, 23.624407291412354, 23.588659127553303, 23.733885129292805, 23.687890370686848, 23.594256083170574, 23.677843411763508, 23.501981735229492, 23.438261191050213, 23.674413204193115, 23.657058080037434, 23.574918746948242, 23.611732641855877, 23.584744135538738, 23.574607690175373, 23.4595472017924, 23.48155975341797, 23.263808409372967, 23.35466543833415, 23.228195985158283, 23.23222271601359, 23.312376499176025, 23.406689643859863, 23.154298146565754, 23.043968200683594, 23.221155802408855, 23.35110330581665, 23.1619709332784, 23.089356740315754, 23.006478150685627, 23.166358788808186, 22.990129152933758, 22.96713638305664, 22.80453062057495, 22.825483957926433, 22.74444278081258, 22.94824234644572, 22.878947893778484, 22.845953305562336, 22.7112455368042, 23.103271802266438, 23.119560559590656], "ae_eval_losses": [105.26906127929688, 91.7865671157837, 62.39145984649658, 46.55169420242309, 44.14809331893921, 43.21787157058716, 41.15521879196167, 42.57811460494995, 40.366547679901124, 35.458692932128905, 33.37962970733643, 32.15054621696472, 30.600096464157104, 29.379636764526367, 30.19161901473999, 27.98865795135498, 27.573161363601685, 27.337701559066772, 26.689460802078248, 26.49321813583374, 26.150225496292116, 25.686239767074586, 25.503456830978394, 25.3960590839386, 25.23621873855591, 25.09748148918152, 25.151603317260744, 24.493979454040527, 24.451418256759645, 24.6227077960968, 24.36625838279724, 24.37429585456848, 24.29350538253784, 24.34103388786316, 24.49455714225769, 24.19009108543396, 24.2983859539032, 24.07222032546997, 24.125357818603515, 24.199483966827394, 23.91540241241455, 23.86968731880188, 24.08111414909363, 23.973830938339233, 23.940266418457032, 24.12092523574829, 23.7427969455719, 23.79660348892212, 23.947455501556398, 23.89853491783142, 23.799673128128052, 23.996492290496825, 26.129235076904298, 27.39590711593628, 24.148678970336913, 23.877139711380003, 24.292564725875856, 23.74174647331238, 23.791443824768066, 23.557313632965087, 23.523278331756593, 23.60587348937988, 23.629445600509644, 23.486070299148558, 23.435081195831298, 23.669032955169676, 23.473431062698364, 23.75318307876587, 23.473974561691286, 23.460751724243163, 23.549679899215697, 23.477684211730956, 23.4839910030365, 23.425417280197145, 23.411745262145995, 23.307953214645387, 23.568878889083862, 23.276730442047118, 23.198614597320557, 23.193962240219115, 23.31469330787659, 23.001787376403808, 23.37812285423279, 23.075848054885864, 23.241934776306152, 23.186426639556885, 23.09279270172119, 22.95804181098938, 23.084235382080077, 22.973505830764772, 22.847302532196046, 22.81549644470215, 22.80096745491028, 22.678907346725463, 22.799181985855103, 23.131724214553834, 22.82506341934204, 22.849929285049438, 23.778084659576415, 22.950413513183594]}