{"ae_train_losses": [145.38946437835693, 98.51198863983154, 74.56292581558228, 56.03411817550659, 50.44139528274536, 48.07634258270264, 46.24462413787842, 44.43290567398071, 44.98508024215698, 52.87174129486084, 44.91779565811157, 41.90635395050049, 39.44659423828125, 37.42763042449951, 35.85890531539917, 34.53681516647339, 33.35246515274048, 32.66946077346802, 31.661980390548706, 30.799155235290527, 30.18741464614868, 29.796346426010132, 29.103952884674072, 28.64896059036255, 28.084273099899292, 27.605233430862427, 27.319901943206787, 27.046819925308228, 26.685304880142212, 26.511733770370483, 26.05347228050232, 26.072335958480835, 25.861024618148804, 25.702146291732788, 25.535167694091797, 25.28687334060669, 25.07224416732788, 25.13864827156067, 24.88887596130371, 24.9003746509552, 24.692189693450928, 24.57113790512085, 24.60374903678894, 24.640338897705078, 24.657246589660645, 24.522167682647705, 24.529282569885254, 24.454964876174927, 24.52339744567871, 24.539573431015015, 24.52402091026306, 24.251976490020752, 24.310585021972656, 24.455071687698364, 24.525278329849243, 24.470165491104126, 24.378124237060547, 24.173367023468018, 24.16153883934021, 24.22798991203308, 24.18035078048706, 24.29810094833374, 23.98383331298828, 23.986427545547485, 23.943068742752075, 24.025920152664185, 24.203734874725342, 24.093903303146362, 23.91093945503235, 24.171316623687744, 24.12851309776306, 23.845662832260132, 23.971678733825684, 23.953057765960693, 23.886857986450195, 23.879546642303467, 24.028526782989502, 23.883360624313354, 23.800045490264893, 23.623631477355957, 23.716641664505005, 24.000540733337402, 23.840993642807007, 23.8863627910614, 23.73302459716797, 23.83413052558899, 23.576319932937622, 23.679601907730103, 23.510180950164795, 23.649999856948853, 23.72697424888611, 23.643827438354492, 23.563424587249756, 23.57788634300232, 23.709822416305542, 23.742121696472168, 23.579030990600586, 23.626353979110718, 23.664180755615234, 23.511597871780396], "ae_eval_losses": [108.98826541900635, 96.95768928527832, 86.65650444030761, 60.16488637924194, 50.762158489227296, 47.37836847305298, 47.50026273727417, 44.897678756713866, 55.701266288757324, 41.47998151779175, 40.40849571228027, 41.88210687637329, 38.78423738479614, 39.011962699890134, 36.36008186340332, 34.801722812652585, 33.46531610488891, 32.219279289245605, 31.44538073539734, 30.430178546905516, 30.170683002471925, 28.85954957008362, 28.55383062362671, 27.933292436599732, 27.849021673202515, 27.489344835281372, 26.94958038330078, 26.68662052154541, 26.39011158943176, 26.270055627822877, 26.11116781234741, 26.012967014312743, 26.029660654067992, 25.97263059616089, 25.470790719985963, 25.27247643470764, 25.016205644607545, 24.852122497558593, 25.04402322769165, 24.772180032730102, 24.59635305404663, 24.64788293838501, 24.810725355148314, 24.725911712646486, 24.717567443847656, 24.508851146698, 24.550603103637695, 24.68980484008789, 24.682315397262574, 25.35869436264038, 24.446437692642213, 24.52146725654602, 24.434573793411253, 24.512019538879393, 24.75386424064636, 24.717608642578124, 24.261829566955566, 24.17725353240967, 24.21932716369629, 24.21099853515625, 24.08619542121887, 24.39630060195923, 24.03270721435547, 24.395722961425783, 23.89161624908447, 24.24063377380371, 24.235672616958617, 24.02469148635864, 24.775047302246094, 24.13398265838623, 23.82843475341797, 24.276970958709718, 24.09017562866211, 23.917803525924683, 23.902074766159057, 23.820936250686646, 23.806022024154665, 23.879979610443115, 23.854224729537965, 23.88227596282959, 23.918331575393676, 24.04624934196472, 23.98270254135132, 24.114605712890626, 23.981063461303712, 23.956591796875, 23.862720346450807, 23.880782318115234, 23.720131349563598, 23.76153244972229, 23.63296160697937, 23.63663601875305, 23.6969211101532, 23.39310007095337, 23.868904399871827, 24.03470358848572, 23.640276432037354, 24.833080959320068, 23.593725204467773, 23.632756519317628]}