{"ae_train_losses": [117.12766599655151, 57.90900230407715, 47.253398180007935, 44.717365741729736, 41.50622582435608, 38.346219301223755, 34.823068618774414, 32.17421317100525, 29.708073496818542, 28.228069067001343, 27.13910484313965, 26.33628797531128, 25.804977893829346, 25.308769464492798, 25.014485836029053, 24.778810262680054, 24.543708205223083, 24.379030466079712, 24.372785210609436, 24.38650941848755, 24.423703908920288, 24.217798113822937, 24.263721823692322, 24.23896074295044, 24.07937502861023, 24.034690141677856, 24.10183870792389, 23.999600410461426, 23.958608031272888, 23.927027940750122, 23.96809458732605, 24.059568166732788, 23.875422596931458, 23.830005526542664, 23.672869563102722, 23.807457208633423, 23.624148964881897, 23.675930619239807, 23.723958134651184, 23.570425033569336, 23.747408151626587, 23.628780841827393, 23.513855814933777, 23.51890504360199, 23.42508590221405, 23.317180395126343, 23.417812824249268, 23.398342847824097, 23.11756420135498, 23.049033880233765, 23.146931290626526, 22.81190836429596, 22.926310420036316, 22.877410054206848, 22.76280415058136, 22.72985601425171, 22.636293411254883, 22.65151023864746, 22.560837745666504, 22.345566987991333, 22.214909076690674, 22.183323740959167, 22.26379632949829, 22.00584065914154, 21.90667963027954, 22.006843209266663, 21.883571982383728, 21.744264245033264, 21.655307292938232, 21.52953052520752, 21.5241459608078, 21.575947284698486, 21.43660068511963, 21.37651526927948, 21.273375391960144, 21.39275825023651, 21.173834085464478, 21.241026043891907, 21.126070380210876, 21.1928608417511, 21.008976817131042, 20.894219756126404, 20.855666637420654, 20.90038824081421, 20.709559440612793, 20.680320739746094, 20.710128664970398, 20.675949454307556, 20.662107467651367, 20.54789412021637, 20.527463912963867, 20.455209136009216, 20.534928917884827, 20.45353353023529, 20.351102113723755, 20.278502345085144, 20.29768419265747, 20.215333700180054, 20.21743106842041, 20.30441975593567], "ae_eval_losses": [85.62272644042969, 55.89139595031738, 49.34105796813965, 42.14668397903442, 39.981898593902585, 36.15513744354248, 34.382137298583984, 31.35654044151306, 28.934110260009767, 27.460924434661866, 26.480469703674316, 26.217187118530273, 25.542938232421875, 25.227469635009765, 24.943043184280395, 24.618678998947143, 24.653510332107544, 24.48647780418396, 24.375561475753784, 24.67510504722595, 24.49698724746704, 24.40101475715637, 24.202355003356935, 24.003970003128053, 24.115197086334227, 24.014142274856567, 24.403671979904175, 24.908171463012696, 24.14122257232666, 23.965277338027953, 24.202791500091553, 23.814641094207765, 23.815831899642944, 24.001692008972167, 23.658331871032715, 23.590406465530396, 23.814051961898805, 23.64293885231018, 23.598645782470705, 23.656566095352172, 23.393973302841186, 23.63480854034424, 24.049655771255495, 23.47068738937378, 23.25744309425354, 24.06668562889099, 23.3277184009552, 23.38839907646179, 23.17621660232544, 23.039626359939575, 22.894268608093263, 22.887913179397582, 22.822488498687743, 22.870410680770874, 22.7975811958313, 22.976975536346437, 22.828365898132326, 22.69541835784912, 22.464368438720705, 22.4429012298584, 22.303863763809204, 22.333333110809328, 22.232122468948365, 21.940316247940064, 22.052657699584962, 22.117689228057863, 21.953466272354127, 21.679048204421996, 21.65865044593811, 21.71314482688904, 21.774356174468995, 21.660127639770508, 21.38684525489807, 21.454853677749632, 21.3181058883667, 21.30301704406738, 21.316470623016357, 21.181982231140136, 21.249416255950926, 21.10018982887268, 21.185056066513063, 20.937548303604125, 20.91253342628479, 20.80057759284973, 20.74050817489624, 20.802575206756593, 20.71025891304016, 20.707992362976075, 20.701234292984008, 20.700245714187623, 20.673132610321044, 20.491970586776734, 20.6232892036438, 20.525691652297972, 20.431734085083008, 20.398792219161987, 20.408521509170534, 20.455451202392577, 20.433259868621825, 20.746281766891478]}