{"ae_train_losses": [111.35597944259644, 64.36067819595337, 49.675820112228394, 46.56897854804993, 44.62539482116699, 41.86055564880371, 36.7388756275177, 34.36301922798157, 32.86207175254822, 31.915589809417725, 31.142831683158875, 29.97017729282379, 28.47543466091156, 27.434596180915833, 26.459076046943665, 25.87395179271698, 25.79383957386017, 25.306483268737793, 24.950372099876404, 24.963755249977112, 24.889660716056824, 24.67321753501892, 24.68151295185089, 24.5559800863266, 24.502376437187195, 24.41493594646454, 24.42661416530609, 24.316264271736145, 24.256223678588867, 24.199943780899048, 24.147079944610596, 24.114168643951416, 24.114466905593872, 24.021518230438232, 24.134978771209717, 24.015414118766785, 23.98426866531372, 23.85789155960083, 23.862024784088135, 23.94726300239563, 23.9816392660141, 23.962539553642273, 23.887633323669434, 23.858704566955566, 23.863072752952576, 23.75917148590088, 23.97913885116577, 24.0479896068573, 23.753997802734375, 23.67935800552368, 23.468397617340088, 23.58716070652008, 23.594646334648132, 23.594698429107666, 23.581472039222717, 23.573134899139404, 23.468108654022217, 23.436519980430603, 23.482540369033813, 23.75635027885437, 23.493595361709595, 23.475624203681946, 23.453495144844055, 23.356396198272705, 23.449620723724365, 23.40490698814392, 23.557896494865417, 23.452283263206482, 23.37499499320984, 23.223188281059265, 23.348644733428955, 23.223312497138977, 23.197773814201355, 23.23568820953369, 23.160683751106262, 23.25076186656952, 23.198192596435547, 23.3198504447937, 23.170022130012512, 23.094343781471252, 23.13811981678009, 23.230981826782227, 23.26168203353882, 23.137593388557434, 23.19119143486023, 23.060025811195374, 23.063095211982727, 23.096445441246033, 23.001911640167236, 23.033020973205566, 23.12094485759735, 22.992456078529358, 23.090455174446106, 23.14853584766388, 23.02325975894928, 23.08087658882141, 23.004284858703613, 23.354619026184082, 23.28835940361023, 23.05615520477295], "ae_eval_losses": [85.97484111785889, 56.71846656799316, 47.34670429229736, 46.884722995758054, 50.141419410705566, 39.29202709197998, 36.404567909240725, 34.17399444580078, 32.82999315261841, 31.894307613372803, 31.073482751846313, 29.23506627082825, 28.146393823623658, 27.09192886352539, 26.375282859802248, 25.89685649871826, 25.662716770172118, 25.267238903045655, 25.12951250076294, 25.054524612426757, 24.86335368156433, 25.085375261306762, 25.233383655548096, 25.014467811584474, 24.5245240688324, 24.599124050140382, 24.504371213912965, 24.17434525489807, 24.514082622528075, 24.29999632835388, 24.12063088417053, 24.28839282989502, 24.17765417098999, 24.26674404144287, 23.994171953201295, 25.350420427322387, 23.894163942337038, 23.804049491882324, 24.07217721939087, 25.5729549407959, 23.946222496032714, 24.250366401672363, 23.951272916793823, 24.176783418655397, 23.96125340461731, 24.119549465179443, 24.102119493484498, 24.361230325698852, 24.34981427192688, 23.653009700775147, 23.634635257720948, 23.643197965621948, 23.600860929489137, 23.57776756286621, 23.745807123184203, 23.56309814453125, 23.713161039352418, 23.59487380981445, 26.231161212921144, 23.58217282295227, 23.64833359718323, 23.7586790561676, 23.688510417938232, 23.40992980003357, 23.565419816970824, 23.66067624092102, 23.815198516845705, 23.419547033309936, 23.40784001350403, 23.46995053291321, 23.258762788772582, 23.28787760734558, 23.55054669380188, 23.357471561431886, 23.342338466644286, 23.433661031723023, 23.30693244934082, 23.235427474975587, 23.242040491104127, 23.042650842666625, 23.191315364837646, 23.409441709518433, 23.229356575012208, 23.0484570980072, 23.183185195922853, 23.14657688140869, 23.21899542808533, 23.116401958465577, 23.12292947769165, 23.14508261680603, 23.2546058177948, 23.06025834083557, 23.108802795410156, 23.12674398422241, 23.01078133583069, 23.058397674560545, 23.131492805480956, 23.54556393623352, 23.154106760025023, 23.15070261955261]}