{"ae_train_losses": [109.77829837799072, 62.21116542816162, 48.21552538871765, 44.83076596260071, 41.43580746650696, 37.30315613746643, 33.04094135761261, 29.779825806617737, 28.020751476287842, 27.03114128112793, 26.18320345878601, 25.574031114578247, 25.204843282699585, 25.150742173194885, 24.897528290748596, 24.809059739112854, 24.614413619041443, 24.481931805610657, 24.405220985412598, 24.453232049942017, 24.436083555221558, 24.204989314079285, 24.298620104789734, 24.36659336090088, 24.090540766716003, 24.14266347885132, 24.119168758392334, 24.033085703849792, 23.93506121635437, 23.893827199935913, 23.974042057991028, 24.028154253959656, 23.844999313354492, 23.94245421886444, 23.920575737953186, 24.05845069885254, 23.83602750301361, 23.714900016784668, 23.77480638027191, 23.69961726665497, 23.60853135585785, 23.77967393398285, 23.778867840766907, 23.546539068222046, 23.612751841545105, 23.461688995361328, 23.49355983734131, 23.53518581390381, 23.48946464061737, 23.662524700164795, 23.606777787208557, 23.354435682296753, 23.33515977859497, 23.48515272140503, 23.45709753036499, 23.223584055900574, 23.341152667999268, 23.312992811203003, 23.276419043540955, 23.342535734176636, 23.328338027000427, 23.270657181739807, 23.228894352912903, 23.381652355194092, 23.160953283309937, 23.230812788009644, 23.192704439163208, 23.116299152374268, 23.250235080718994, 23.068180441856384, 23.096482276916504, 23.079495072364807, 23.116261839866638, 23.060078024864197, 23.059815168380737, 23.084542989730835, 22.94238567352295, 23.042733192443848, 23.037461757659912, 22.97824537754059, 22.858116269111633, 22.98995852470398, 22.867349863052368, 22.885048270225525, 22.77798306941986, 22.78129780292511, 22.925602197647095, 22.893505454063416, 22.809033274650574, 22.77952468395233, 22.940519213676453, 22.872334599494934, 22.80437672138214, 22.798010110855103, 22.95511817932129, 22.744500279426575, 22.692447900772095, 22.672412872314453, 22.64330017566681, 22.568686366081238], "ae_eval_losses": [89.73774719238281, 58.896812915802, 47.879672813415525, 42.2357253074646, 41.4977744102478, 34.54614419937134, 31.536622858047487, 28.92768168449402, 27.714734840393067, 26.455362844467164, 25.932437419891357, 25.367438745498657, 25.01045150756836, 25.062604570388793, 24.95518841743469, 24.686525678634645, 24.689168834686278, 24.354070091247557, 24.56186237335205, 24.344292402267456, 24.321586322784423, 24.259600925445557, 24.776349115371705, 24.07671375274658, 24.077970886230467, 24.145310592651366, 24.708509111404418, 24.506631469726564, 23.97733931541443, 23.91523642539978, 24.321134948730467, 24.346337509155273, 23.59341940879822, 24.308442497253417, 23.91389207839966, 24.031891536712646, 23.902451467514037, 23.614680910110472, 23.846191740036012, 23.790334701538086, 23.60336971282959, 23.55447998046875, 24.060737323760986, 23.5067759513855, 23.491292476654053, 23.598276138305664, 23.71634268760681, 23.439310598373414, 24.148831939697267, 23.758520555496215, 23.437043857574462, 23.773571252822876, 23.317028856277467, 24.456804609298707, 23.663392543792725, 23.861943435668945, 23.4207004070282, 23.5510498046875, 23.33634090423584, 23.363260316848756, 23.92938623428345, 23.426255083084108, 23.964764833450317, 23.27993869781494, 23.112999534606935, 23.322359895706178, 23.251235485076904, 23.322455501556398, 23.12962875366211, 23.197084426879883, 23.116488552093507, 23.075813865661623, 23.268928289413452, 23.174715757369995, 23.009660959243774, 23.05776791572571, 23.001072931289674, 22.964938974380495, 23.064001893997194, 22.91560254096985, 22.97850022315979, 22.933343410491943, 22.962747812271118, 22.838271284103392, 22.82830228805542, 22.911659479141235, 23.069639682769775, 22.944709873199464, 22.89355597496033, 23.01074652671814, 22.822328996658324, 22.834707069396973, 22.901381015777588, 22.930719661712647, 22.64762387275696, 22.836641311645508, 22.69091601371765, 22.6226863861084, 22.565656757354738, 22.559869527816772]}