{"ae_train_losses": [107.78213195800781, 56.49487800598145, 47.24986114501953, 48.077961921691895, 39.41884002685547, 32.97483377456665, 29.602057647705077, 28.009625911712646, 26.474063873291016, 25.511918449401854, 25.2617787361145, 24.893338680267334, 24.698692798614502, 24.65108060836792, 24.394112205505373, 24.282298946380614, 24.14265556335449, 24.137031078338623, 24.20070848464966, 24.169602394104004, 24.02894535064697, 23.97013807296753, 23.963782405853273, 23.749808025360107, 23.854523754119874, 23.86058053970337, 23.773177909851075, 23.786473178863524, 23.718723392486574, 23.75941972732544, 23.873510074615478, 23.569013786315917, 23.66987476348877, 23.484287357330324, 23.507217693328858, 23.49982280731201, 23.454777908325195, 23.406987571716307, 23.522270298004152, 23.445500373840332, 23.404263401031493, 23.369468402862548, 23.37659854888916, 23.258170413970948, 23.299202823638915, 23.296507549285888, 23.319662475585936, 23.13220500946045, 23.109443759918214, 23.154769706726075, 23.00856523513794, 23.25495500564575, 23.125168132781983, 23.0724627494812, 23.04002923965454, 23.15388240814209, 23.088204765319823, 22.967798805236818, 23.01606216430664, 22.91995496749878, 22.931885051727296, 22.908821201324464, 23.04945878982544, 23.015835094451905, 22.945150566101074, 22.910632610321045, 22.933000469207762, 22.97047538757324, 23.093936443328857, 23.088992595672607, 22.921436405181886, 22.79554100036621, 22.737268257141114, 22.789113807678223, 22.76098871231079, 22.659773349761963, 22.776444339752196, 22.653828620910645, 22.696202659606932, 22.737538528442382, 22.560235691070556, 22.60656156539917, 22.652150249481203, 22.57643070220947, 22.534743309020996, 22.51999568939209, 22.426407432556154, 22.448529720306396, 22.437051486968993, 22.381484985351562, 22.174092102050782, 22.118533229827882, 22.174910736083984, 22.082671070098876, 21.87557258605957, 21.870438385009766, 21.913996124267577, 21.770362854003906, 21.788842391967773, 21.719262504577635], "ae_eval_losses": [84.76192779541016, 53.86367015838623, 61.94026527404785, 56.393960285186765, 36.11450004577637, 31.043149137496947, 28.92166953086853, 27.389242601394653, 26.077045249938966, 25.378220653533937, 25.06590838432312, 24.851140642166136, 24.81715908050537, 24.697470283508302, 24.4092969417572, 24.233013153076172, 24.300745058059693, 24.63872399330139, 24.13232798576355, 24.185307216644286, 24.24675049781799, 24.073479318618773, 24.035498762130736, 23.929026699066164, 23.79774570465088, 23.842948055267335, 23.74669804573059, 23.92873959541321, 23.920374870300293, 23.840576457977296, 23.85286192893982, 23.857145404815675, 23.520023155212403, 23.690370655059816, 23.81802816390991, 23.5846923828125, 23.831377696990966, 23.44312105178833, 23.574452686309815, 23.525271272659303, 23.421489667892455, 23.33748378753662, 23.631552076339723, 23.654799032211304, 23.42415428161621, 23.36377959251404, 23.140292835235595, 23.346261835098268, 23.382631874084474, 23.183433389663698, 23.233231449127196, 23.429059267044067, 23.034014654159545, 23.258018350601198, 23.24092617034912, 23.26919765472412, 23.11679425239563, 23.0497416973114, 23.18319082260132, 23.006530618667604, 23.151712894439697, 23.233680963516235, 23.059822607040406, 22.998985862731935, 22.994136381149293, 23.06252703666687, 23.006317567825317, 23.0904589176178, 23.388612031936646, 23.043297052383423, 22.872436046600342, 22.96080889701843, 22.925686168670655, 22.846422338485716, 22.792285108566283, 22.84658718109131, 22.735104751586913, 22.89788990020752, 22.760099792480467, 22.755088996887206, 22.754559326171876, 22.56286382675171, 22.724126005172728, 22.666136741638184, 22.579411935806274, 22.57209234237671, 22.52081952095032, 22.459399223327637, 22.331519174575806, 22.43991389274597, 22.23444218635559, 22.11288709640503, 22.170865631103517, 22.058218669891357, 21.97199454307556, 21.99005284309387, 21.989690589904786, 22.00896716117859, 21.82890191078186, 21.67470726966858]}