{"ae_train_losses": [193.72906494140625, 213.80015563964844, 162.6686248779297, 132.81886291503906, 124.8714599609375, 119.7201919555664, 114.40608978271484, 110.51290893554688, 108.60696411132812, 106.396484375, 103.4356918334961, 100.40773010253906, 97.64421844482422, 94.00508880615234, 90.99463653564453, 87.53550720214844, 84.1783218383789, 82.0408706665039, 80.09520721435547, 78.40763854980469, 76.78899383544922, 73.60359191894531, 71.44576263427734, 69.77220916748047, 67.10417175292969, 65.54096221923828, 62.07946014404297, 59.65709686279297, 57.93751907348633, 56.85329055786133, 55.68766403198242, 54.15306854248047, 52.989627838134766, 50.78859329223633, 51.491512298583984, 49.30038833618164, 50.406307220458984, 50.36550521850586, 49.7650146484375, 49.06550979614258, 49.93552780151367, 48.32353973388672, 47.880252838134766, 48.19019317626953, 47.51150131225586, 47.84408187866211, 47.81867980957031, 47.00823974609375, 46.60493850708008, 46.296844482421875, 47.02639389038086, 45.8145751953125, 46.37443923950195, 46.52907943725586, 46.302635192871094, 44.98249816894531, 46.6253547668457, 45.14310073852539, 45.03129196166992, 44.84328079223633, 45.25401306152344, 45.066341400146484, 44.51937484741211, 45.32802963256836, 45.166404724121094, 46.401859283447266, 46.12111282348633, 43.607872009277344, 45.15300750732422, 43.59352493286133, 43.947044372558594, 43.11346435546875, 42.738059997558594, 42.35590744018555, 42.55181121826172, 41.60511779785156, 41.65087127685547, 42.08018493652344, 42.019657135009766, 40.39826202392578, 40.65909194946289, 41.12797927856445, 41.86472702026367, 40.98959732055664, 40.85239791870117, 41.27467727661133, 40.11289978027344, 39.42787551879883, 38.56678771972656, 40.476619720458984, 39.33662033081055, 39.44636535644531, 40.127811431884766, 40.72289276123047, 40.555091857910156, 39.32898712158203, 39.12525939941406, 38.869258880615234, 38.861534118652344, 39.52269744873047], "ae_eval_losses": [127.9118896484375, 125.63780479431152, 118.25901489257812, 113.76400661468506, 110.98105010986328, 108.94582138061523, 107.12717628479004, 105.51764640808105, 104.16918621063232, 102.35093212127686, 99.93929634094238, 97.56666526794433, 94.68753318786621, 91.61022491455078, 88.6263463973999, 86.3473346710205, 85.37971668243408, 84.47675151824951, 83.35601501464843, 82.0998405456543, 80.57459621429443, 78.07731914520264, 76.32489948272705, 74.65946502685547, 73.06386528015136, 71.38931312561036, 68.64839897155761, 66.9434133529663, 65.55195207595825, 62.76600713729859, 60.21055135726929, 58.51343145370483, 55.54215431213379, 54.66226387023926, 53.15811071395874, 52.223501682281494, 51.62094964981079, 52.171806716918944, 52.207847118377686, 49.77935924530029, 49.768323230743405, 50.35541524887085, 49.035445308685304, 47.79919567108154, 48.10529928207397, 49.22120208740235, 47.460860347747804, 46.738876533508304, 46.641527843475345, 47.17810010910034, 47.264548015594485, 47.06703081130981, 45.94304704666138, 46.04623718261719, 46.72466745376587, 47.429786109924315, 46.095551109313966, 45.51857442855835, 45.93262615203857, 46.75691385269165, 46.40768203735352, 46.13021860122681, 45.966029739379884, 47.42705850601196, 49.23056383132935, 47.7214695930481, 44.34251041412354, 43.51144113540649, 43.61805171966553, 44.497222328186034, 44.304792404174805, 43.736620807647704, 43.216881942749026, 42.716819763183594, 42.45826263427735, 42.445366096496585, 42.67610845565796, 42.831685829162595, 42.8421272277832, 42.32676315307617, 42.2860631942749, 42.3563401222229, 43.67151346206665, 43.85857458114624, 42.12083702087402, 41.50800619125366, 41.285633659362794, 41.46759872436523, 42.075777530670166, 41.201170921325684, 40.390071105957034, 40.584232807159424, 41.11518716812134, 40.75894050598144, 39.97882871627807, 39.73910551071167, 39.535538005828855, 40.48933753967285, 40.57728652954101, 39.496513271331786]}