{"ae_train_losses": [174.33941650390625, 176.99313354492188, 131.32388305664062, 116.48467254638672, 107.49806213378906, 102.00474548339844, 99.72113800048828, 98.38591766357422, 97.2284164428711, 96.45501708984375, 95.56111145019531, 94.90696716308594, 94.57283020019531, 93.59302520751953, 93.45561981201172, 92.16993713378906, 91.21265411376953, 90.21537780761719, 88.07579803466797, 86.86412048339844, 84.33479309082031, 82.2528076171875, 78.22784423828125, 76.77191162109375, 73.8680191040039, 72.02859497070312, 70.47539520263672, 69.85525512695312, 66.5522232055664, 64.60912322998047, 61.510833740234375, 60.5692024230957, 58.11522674560547, 58.59810256958008, 56.28953170776367, 56.03678512573242, 52.68977355957031, 53.61264419555664, 50.56461715698242, 50.56262969970703, 49.791507720947266, 51.096492767333984, 50.92272186279297, 48.684505462646484, 47.093505859375, 47.71224594116211, 47.33582305908203, 46.414920806884766, 45.13239288330078, 48.082908630371094, 46.494300842285156, 46.540550231933594, 45.6336555480957, 44.876136779785156, 46.282440185546875, 44.8244514465332, 45.54108428955078, 45.05411148071289, 43.94919967651367, 43.34610366821289, 45.09191131591797, 43.06013488769531, 43.873008728027344, 44.183189392089844, 41.84040451049805, 40.577213287353516, 42.30100631713867, 40.808555603027344, 40.353675842285156, 41.0289306640625, 40.428585052490234, 40.30390167236328, 39.99501419067383, 39.538047790527344, 38.80318832397461, 39.54646301269531, 38.98965072631836, 37.98500061035156, 39.260955810546875, 37.24788284301758, 37.06962966918945, 38.17382049560547, 37.42918014526367, 36.175777435302734, 37.295101165771484, 37.019203186035156, 35.44521713256836, 34.490360260009766, 34.629512786865234, 35.98438262939453, 33.89567947387695, 34.15904998779297, 33.11674880981445, 33.71609878540039, 32.220237731933594, 31.875186920166016, 32.89691925048828, 32.39279556274414, 31.520164489746094, 31.168180465698242], "ae_eval_losses": [136.0313819885254, 123.15063934326172, 115.87390842437745, 109.23067150115966, 104.55510578155517, 100.60554313659668, 97.891672706604, 96.26167755126953, 95.00686550140381, 94.03987541198731, 93.51411170959473, 93.14055881500244, 92.89656028747558, 92.49592475891113, 92.29702987670899, 91.94325408935546, 91.20400466918946, 90.07791004180908, 88.56640300750732, 86.83364372253418, 85.74321403503419, 83.35919513702393, 80.65858345031738, 78.32101669311524, 77.37732601165771, 76.20103378295899, 74.03105335235595, 71.92239990234376, 69.69019641876221, 67.62573337554932, 64.8098388671875, 62.70359945297241, 61.84601001739502, 58.2042534828186, 56.960251808166504, 54.67020711898804, 53.7283034324646, 50.77878971099854, 50.68787221908569, 50.33445701599121, 50.67399320602417, 52.02327356338501, 49.98563680648804, 48.02171621322632, 46.77385549545288, 47.01142778396606, 47.25777053833008, 46.67742652893067, 47.31830043792725, 50.1046706199646, 48.7182523727417, 46.481450748443606, 43.99757308959961, 42.94999389648437, 43.16117057800293, 43.70621471405029, 43.5934778213501, 43.117131900787356, 42.60868167877197, 42.037504291534425, 42.65670976638794, 43.411126899719235, 43.09612674713135, 41.77581758499146, 40.48828477859497, 40.36906185150146, 40.921043968200685, 41.157367610931395, 40.49415283203125, 39.4316764831543, 38.71187219619751, 38.449350643157956, 38.66481237411499, 39.34971857070923, 39.886544418334964, 38.62034158706665, 37.189917373657224, 37.028975868225096, 37.30928077697754, 39.603976249694824, 41.31237030029297, 38.86161317825317, 36.016206645965575, 35.922243309021, 35.984451103210446, 34.94051370620728, 34.59788732528686, 34.97910165786743, 34.992548084259035, 34.71459465026855, 34.17566080093384, 33.454270362854004, 33.091277503967284, 33.07586717605591, 33.246441745758055, 33.52552790641785, 33.535397624969484, 33.18925323486328, 32.74823703765869, 32.135707473754884]}