{"ae_train_losses": [169.60846996307373, 99.39340782165527, 71.1488676071167, 56.600067138671875, 52.09259223937988, 50.825605392456055, 48.91406297683716, 48.19830131530762, 50.904786109924316, 46.774516105651855, 44.59225797653198, 43.40175247192383, 42.01265621185303, 40.62842130661011, 38.96466827392578, 37.23449945449829, 35.82124948501587, 34.973286151885986, 33.8578724861145, 33.07030534744263, 32.11345839500427, 30.97248148918152, 30.295530080795288, 29.53774333000183, 29.088532209396362, 28.73111391067505, 28.6280198097229, 27.896697521209717, 27.555307865142822, 27.21382737159729, 27.042632341384888, 26.771392822265625, 26.49381160736084, 26.38054060935974, 26.115237712860107, 25.725999116897583, 25.55394673347473, 25.54479956626892, 25.207238912582397, 25.074546813964844, 25.062902688980103, 24.936620712280273, 24.951318502426147, 25.000925540924072, 25.00149965286255, 24.941997051239014, 24.814998626708984, 24.817504405975342, 24.5704402923584, 24.57691788673401, 24.627046823501587, 24.502288579940796, 24.616748332977295, 24.636784553527832, 24.363725423812866, 24.349733352661133, 24.605132341384888, 24.620402336120605, 24.413039445877075, 24.600602388381958, 24.429923057556152, 24.212782621383667, 24.228323698043823, 24.131564617156982, 24.098952293395996, 24.1013605594635, 24.20726728439331, 23.943352222442627, 24.223058700561523, 24.077876567840576, 24.09333825111389, 24.151314735412598, 24.102177381515503, 23.947022914886475, 24.209307432174683, 23.943238735198975, 24.05229091644287, 24.020097732543945, 24.020138025283813, 24.018970012664795, 24.03688645362854, 23.895638942718506, 23.93503212928772, 23.90080237388611, 23.82669186592102, 23.664072275161743, 23.751980781555176, 23.82437491416931, 23.76350688934326, 23.873705625534058, 23.87999677658081, 23.868491888046265, 23.72498321533203, 23.67673945426941, 24.02289319038391, 23.689409971237183, 23.936980962753296, 23.754542589187622, 23.716294765472412, 23.672664403915405], "ae_eval_losses": [114.75023918151855, 101.55331039428711, 82.32823753356934, 59.37913799285889, 52.13557348251343, 54.49356346130371, 49.47868137359619, 57.88924531936645, 45.5245041847229, 47.169308757781984, 42.45001916885376, 43.26321973800659, 41.7301100730896, 40.61773128509522, 39.09803009033203, 36.8843915939331, 35.85570735931397, 34.79060535430908, 33.47776508331299, 32.611549949646, 31.718785047531128, 30.444942474365234, 30.079006052017213, 29.369217014312746, 28.62491888999939, 28.623412084579467, 28.007969236373903, 27.633708715438843, 27.31422381401062, 26.994024991989136, 26.88796377182007, 26.4664644241333, 26.931909561157227, 26.40282506942749, 25.841942501068115, 25.619853353500368, 25.56727304458618, 25.204386234283447, 25.36932029724121, 25.059487962722777, 24.926830863952638, 25.03646583557129, 24.954244375228882, 24.900854063034057, 24.815185499191283, 24.777165555953978, 24.623468017578126, 25.204748487472536, 24.597509384155273, 24.46816792488098, 24.503041172027586, 24.822642660140993, 24.617286586761473, 24.35818772315979, 24.66698980331421, 24.597012424468993, 24.421265268325804, 24.498486709594726, 24.787375831604002, 24.428262996673585, 24.312661552429198, 24.39937400817871, 24.342040824890137, 24.243190670013426, 24.22120819091797, 24.44429392814636, 24.115421295166016, 24.28997883796692, 24.160599279403687, 24.059563159942627, 24.037509155273437, 24.215498685836792, 24.154656982421876, 23.933094787597657, 24.03470869064331, 24.089873838424683, 24.082349014282226, 23.832625150680542, 24.107933616638185, 24.018241691589356, 23.97814793586731, 24.384036540985107, 23.904069805145262, 23.883189630508422, 23.707696294784547, 23.962791681289673, 23.837929725646973, 23.84120330810547, 23.853526163101197, 24.115823888778685, 23.822325897216796, 23.83434739112854, 23.992889833450317, 23.787969541549682, 24.025080156326293, 23.819842958450316, 23.95707678794861, 23.865307140350343, 23.703949165344238, 23.842330980300904]}