{"ae_train_losses": [131.53803539276123, 106.84129619598389, 81.8887996673584, 57.977839946746826, 52.42899703979492, 54.48077583312988, 49.99089288711548, 47.08341693878174, 45.109057903289795, 42.9101037979126, 40.8252010345459, 38.68371772766113, 36.20261859893799, 33.79172945022583, 31.905667781829834, 30.5132999420166, 29.58778738975525, 28.68200373649597, 27.85769486427307, 27.151941537857056, 26.509365797042847, 26.356508493423462, 25.881229162216187, 25.468624591827393, 25.180065155029297, 25.15271306037903, 24.70310926437378, 24.48805069923401, 24.584757804870605, 24.197731971740723, 24.147010564804077, 24.127459287643433, 24.068840265274048, 24.118200302124023, 23.869869470596313, 23.66645574569702, 23.591968059539795, 23.623491764068604, 23.482122898101807, 23.275981187820435, 23.33297848701477, 23.231438398361206, 23.08525538444519, 23.13521671295166, 23.024994134902954, 22.949228286743164, 22.659088134765625, 22.510781049728394, 22.711495399475098, 22.625718593597412, 22.25142192840576, 22.226696252822876, 22.246099710464478, 22.269148111343384, 22.149563789367676, 22.101105213165283, 21.95752191543579, 21.934086322784424, 21.947646141052246, 21.84727120399475, 21.884911060333252, 21.836444854736328, 21.64545702934265, 21.574259281158447, 21.663088083267212, 21.480857372283936, 21.46543860435486, 21.553014516830444, 21.470691442489624, 21.434658765792847, 21.436804056167603, 21.377765893936157, 21.442520141601562, 21.357467651367188, 21.3336443901062, 21.271454334259033, 21.218225479125977, 21.06753373146057, 21.4498028755188, 21.02120327949524, 20.936275243759155, 21.041302919387817, 21.036078453063965, 21.004486083984375, 20.84255838394165, 20.75018835067749, 20.7854483127594, 20.67753314971924, 20.713538646697998, 20.656037092208862, 20.661425590515137, 20.661067724227905, 20.607096910476685, 20.599984645843506, 20.723745822906494, 20.786820888519287, 20.629665851593018, 20.480796575546265, 20.462714910507202, 20.467078924179077], "ae_eval_losses": [112.17568244934083, 103.2599687576294, 80.09277362823487, 94.7640941619873, 72.21836376190186, 63.93332395553589, 45.84555330276489, 43.73355140686035, 44.44341707229614, 41.64980850219727, 42.49054346084595, 37.12535934448242, 34.46814432144165, 33.45550088882446, 30.924679470062255, 30.276241970062255, 29.252372455596923, 28.057797527313234, 27.40212483406067, 26.72329878807068, 26.33369359970093, 25.882335662841797, 25.997235441207884, 25.37764310836792, 25.259597969055175, 24.746375799179077, 24.8090576171875, 24.57714056968689, 24.303944778442382, 24.215596008300782, 24.05911793708801, 24.06964612007141, 24.302380418777467, 24.220163822174072, 23.86430420875549, 23.75079870223999, 23.533680295944215, 23.573231267929078, 23.3726806640625, 23.618627500534057, 23.447558784484862, 23.164161491394044, 23.1236291885376, 23.02629175186157, 23.006787252426147, 22.81476745605469, 22.689727354049683, 22.788325595855714, 22.592496156692505, 22.517853879928587, 22.63004674911499, 22.493439960479737, 22.164237642288207, 22.26659107208252, 22.145754671096803, 22.07652187347412, 22.128370380401613, 22.082339572906495, 21.96933274269104, 21.875488090515137, 21.896267938613892, 21.96223211288452, 21.73351583480835, 21.632530450820923, 21.55668215751648, 21.6668616771698, 21.655259084701537, 21.777041578292845, 21.763868713378905, 21.631680154800414, 21.652556037902833, 21.537701177597047, 21.610232400894166, 21.37794942855835, 21.43331923484802, 21.554349517822267, 21.282340145111085, 21.201206159591674, 21.398765993118285, 21.175284957885744, 21.196454954147338, 21.11034789085388, 21.212682485580444, 20.878317403793336, 20.95637192726135, 21.164955568313598, 21.042529678344728, 20.993580532073974, 20.810450935363768, 20.898834657669067, 20.962279987335204, 20.917595434188843, 20.88104615211487, 20.75914888381958, 20.948335933685303, 21.12654891014099, 20.919081115722655, 20.90522994995117, 20.744552993774413, 20.66533489227295]}