{"ae_train_losses": [121.30992889404297, 155.21034240722656, 5606.1904296875, 117.20843505859375, 101.08482360839844, 88.10227966308594, 77.41993713378906, 72.73573303222656, 66.7967300415039, 63.43768310546875, 60.15309524536133, 57.73391342163086, 56.743553161621094, 54.27499771118164, 53.04594421386719, 50.55476760864258, 51.33364486694336, 50.33896255493164, 48.94597625732422, 48.94557571411133, 47.99152374267578, 47.65215301513672, 47.20481491088867, 46.551170349121094, 45.77912902832031, 44.10717010498047, 44.79063415527344, 43.00335693359375, 42.909305572509766, 42.29044723510742, 41.241180419921875, 40.46226501464844, 40.62728500366211, 39.9724006652832, 38.562191009521484, 39.16828155517578, 37.74593734741211, 36.753475189208984, 37.300621032714844, 36.78095626831055, 36.26108169555664, 35.92488479614258, 35.982418060302734, 35.19076156616211, 35.10262680053711, 34.086448669433594, 34.16571807861328, 32.876277923583984, 32.14651107788086, 32.26087188720703, 33.52900695800781, 33.12102508544922, 30.496694564819336, 30.09824562072754, 31.0855712890625, 30.284469604492188, 29.765548706054688, 28.78437614440918, 28.861766815185547, 29.287986755371094, 28.159446716308594, 27.985170364379883, 26.60556411743164, 27.38101577758789, 27.19611358642578, 26.208251953125, 27.53617286682129, 25.85948944091797, 26.12169075012207, 25.909940719604492, 25.36591339111328, 26.0150146484375, 26.399169921875, 24.379953384399414, 25.66802978515625, 24.50225067138672, 24.785888671875, 24.595300674438477, 24.043460845947266, 23.668415069580078, 24.20046615600586, 23.360736846923828, 23.25442886352539, 23.867422103881836, 23.55811882019043, 23.170204162597656, 23.933542251586914, 23.047931671142578, 22.934560775756836, 22.96269416809082, 23.17101287841797, 22.70784568786621, 21.720428466796875, 22.524616241455078, 21.62630844116211, 22.125, 21.76082420349121, 22.158206939697266, 21.90705108642578, 21.115814208984375], "ae_eval_losses": [148.83991508483888, 155.32318992614745, 144.9822555541992, 123.36878986358643, 101.0220552444458, 85.04988899230958, 74.65518913269042, 67.04195041656494, 61.65742464065552, 57.0665961265564, 53.38974409103393, 51.27071313858032, 49.65378427505493, 48.21601047515869, 47.52538976669312, 46.783064460754396, 46.24189968109131, 45.545128154754636, 45.08458423614502, 45.105018615722656, 45.0715612411499, 44.73402099609375, 44.18649091720581, 43.331621932983396, 42.88357515335083, 42.66920070648193, 42.054273223876955, 41.76306123733521, 41.304777240753175, 41.04020881652832, 40.61007862091064, 40.12972993850708, 39.7670802116394, 39.72932767868042, 39.11399354934692, 38.640279388427736, 38.258426666259766, 37.89951410293579, 37.46352138519287, 37.407050895690915, 36.99658551216125, 36.76861438751221, 36.44821395874023, 36.318530559539795, 36.22588033676148, 36.08845157623291, 35.6597797870636, 35.51468801498413, 35.0698163986206, 34.89886951446533, 34.57838678359985, 34.31127557754517, 33.75536551475525, 33.5258957862854, 33.56253528594971, 33.23276600837708, 32.82025218009949, 32.23380799293518, 32.00998544692993, 31.77686095237732, 31.670075464248658, 31.796389007568358, 31.505531978607177, 31.12069993019104, 30.941225242614745, 30.870819902420045, 30.82401576042175, 30.74443817138672, 30.58213577270508, 30.495234298706055, 30.300885915756226, 30.133295631408693, 30.021762132644653, 29.654722499847413, 29.698214721679687, 29.669873237609863, 29.569991636276246, 29.51780686378479, 29.310219383239748, 29.210059022903444, 29.289271926879884, 29.05963177680969, 29.057678413391113, 29.093519163131713, 28.99324803352356, 29.07719430923462, 29.11559662818909, 29.12248578071594, 29.09807448387146, 28.938429880142213, 28.500503635406496, 28.23675365447998, 28.327904653549194, 28.43279881477356, 28.723322868347168, 28.774173736572266, 28.55712561607361, 28.41800456047058, 28.189356660842897, 28.137664985656738]}