{"ae_train_losses": [93.71763362884522, 49.78459014892578, 44.47567977905273, 39.82410717010498, 35.3723087310791, 32.19328346252441, 30.27903356552124, 28.4604510307312, 26.801366806030273, 25.993185329437257, 25.343687725067138, 24.824128913879395, 24.70612678527832, 24.578744411468506, 24.46305751800537, 24.36532163619995, 24.209026050567626, 24.190853691101076, 24.158254146575928, 24.161791038513183, 23.966659450531004, 23.92179355621338, 23.759636020660402, 23.6100341796875, 23.59156017303467, 23.29562826156616, 23.15110025405884, 22.98874959945679, 22.963868045806883, 22.917266941070558, 22.810920238494873, 22.69593553543091, 22.63599863052368, 22.467425060272216, 22.418487358093262, 22.27200412750244, 22.15089693069458, 22.081327533721925, 22.15007495880127, 21.86119623184204, 21.802884101867676, 21.80143690109253, 21.664107418060304, 21.68504285812378, 21.428249168395997, 21.39384717941284, 21.41048936843872, 21.290961933135986, 21.287353610992433, 21.25997953414917, 21.122922039031984, 21.03343086242676, 20.991627502441407, 20.93117151260376, 20.837771320343016, 20.852908611297607, 20.775507545471193, 20.721446418762206, 20.664258670806884, 20.58245916366577, 20.614315605163576, 20.556962108612062, 20.531108570098876, 20.395848655700682, 20.329337692260744, 20.307747554779052, 20.257228755950926, 20.26959362030029, 20.22746572494507, 20.215475845336915, 20.254013061523438, 20.18581552505493, 20.13827714920044, 20.06633253097534, 20.113218784332275, 20.181972408294676, 20.049984645843505, 20.013072681427, 19.878633975982666, 19.95338907241821, 19.98326473236084, 19.843020725250245, 19.81485252380371, 19.889547634124757, 19.804679298400877, 19.818171119689943, 19.72297611236572, 19.674625587463378, 19.569914150238038, 19.65892267227173, 19.746299839019777, 19.64279375076294, 19.59547538757324, 19.664703845977783, 19.532584285736085, 19.572684478759765, 19.556104850769042, 19.526658725738525, 19.46072874069214, 19.405241870880126], "ae_eval_losses": [71.45189628601074, 46.44129648208618, 41.86881103515625, 38.19930896759033, 33.841090488433835, 31.849132680892943, 28.89168586730957, 27.418682384490968, 26.251165437698365, 25.497852563858032, 24.79693455696106, 24.753407335281373, 24.66872682571411, 24.28626880645752, 24.46404175758362, 24.337968158721925, 24.147918272018433, 24.1987256526947, 24.1941565990448, 23.93479437828064, 23.803691339492797, 23.65134253501892, 23.794138860702514, 23.48263611793518, 23.739239597320555, 23.338011264801025, 23.039564514160155, 22.790251350402833, 22.683007335662843, 22.673691987991333, 22.940015268325805, 22.902872323989868, 22.28298363685608, 22.464541578292845, 22.16222825050354, 22.278534269332887, 22.28965892791748, 21.987970209121706, 21.978311014175414, 21.83256788253784, 21.693292951583864, 21.93082127571106, 21.69120011329651, 21.48447527885437, 21.220535707473754, 21.309804105758666, 21.06309175491333, 21.134249448776245, 21.173094511032104, 21.120210647583008, 20.91245493888855, 20.862351894378662, 20.778859615325928, 20.78572883605957, 20.76047224998474, 20.71765022277832, 20.757322120666505, 20.736628150939943, 20.536273288726807, 20.668179321289063, 20.570616674423217, 20.63258352279663, 20.44623785018921, 20.431202459335328, 20.336433792114256, 20.39046220779419, 20.19195098876953, 20.209576082229614, 20.115746307373048, 20.32812104225159, 20.107254695892333, 20.227984762191774, 20.072601556777954, 20.062904596328735, 20.03337459564209, 20.029554843902588, 19.896926736831666, 19.882175397872924, 19.934544706344603, 19.871464681625366, 19.947651672363282, 19.8570809841156, 19.779154539108276, 20.001192903518678, 19.78109769821167, 19.772562313079835, 19.72761516571045, 19.67906312942505, 19.81309571266174, 19.645128297805787, 19.66766095161438, 19.760241174697875, 19.721154975891114, 19.608758163452148, 19.655126428604127, 19.655828142166136, 19.619757890701294, 19.59802007675171, 19.571813106536865, 19.61105079650879]}