{"ae_train_losses": [181.2020263671875, 179.0374298095703, 152.09307861328125, 140.50750732421875, 135.7531280517578, 131.3417510986328, 126.75826263427734, 122.61357116699219, 120.9610595703125, 120.01371002197266, 118.8425064086914, 118.09671783447266, 116.5100326538086, 115.52734375, 113.86396026611328, 112.15486145019531, 110.62843322753906, 108.41400909423828, 105.7245101928711, 102.77171325683594, 99.1028823852539, 96.06816101074219, 90.84500122070312, 85.95927429199219, 82.54218292236328, 76.93659210205078, 74.63367462158203, 70.5459976196289, 68.69229125976562, 64.05510711669922, 63.805423736572266, 59.99313735961914, 60.72484588623047, 59.320613861083984, 58.75537872314453, 56.13829040527344, 56.52119827270508, 54.59873962402344, 54.18685531616211, 53.20365905761719, 52.31769561767578, 50.82168960571289, 50.03005599975586, 50.09613037109375, 49.548362731933594, 49.59578323364258, 49.674129486083984, 46.60259246826172, 47.79560089111328, 48.36046600341797, 46.81769561767578, 47.12470626831055, 47.23115921020508, 46.940067291259766, 45.57997131347656, 44.451683044433594, 46.43974685668945, 46.30911636352539, 45.71025848388672, 44.79599380493164, 44.52901840209961, 44.60523223876953, 43.70882797241211, 43.35792541503906, 45.81245040893555, 42.833675384521484, 43.1183967590332, 42.13967514038086, 42.46308898925781, 41.58851623535156, 41.37445068359375, 42.437744140625, 41.54043960571289, 41.15326690673828, 41.616634368896484, 41.01316833496094, 40.32368469238281, 40.86983871459961, 40.17264175415039, 40.67026138305664, 42.10391616821289, 40.19200897216797, 40.823875427246094, 39.686893463134766, 40.06672668457031, 39.6052360534668, 39.39202117919922, 39.4019660949707, 40.016780853271484, 38.5220832824707, 40.08161163330078, 39.5463981628418, 38.941612243652344, 38.4034423828125, 38.20685958862305, 37.644954681396484, 38.41132736206055, 39.82903289794922, 37.56644058227539, 37.133235931396484], "ae_eval_losses": [129.76144676208497, 143.47097091674806, 144.27338676452638, 141.7608112335205, 136.53975715637208, 129.68362731933593, 123.4936040878296, 121.2059112548828, 120.16786842346191, 118.96895694732666, 117.55040702819824, 116.3263542175293, 115.13230514526367, 113.88004398345947, 112.61817417144775, 111.00338191986084, 109.45526275634765, 107.67786560058593, 105.58597564697266, 103.41900787353515, 100.23165740966797, 96.63288764953613, 92.2869794845581, 88.36577262878419, 85.26969947814942, 82.95174255371094, 79.87121047973633, 75.39389972686767, 69.74445781707763, 64.65372323989868, 59.41975154876709, 57.24223804473877, 55.87425699234009, 55.78901643753052, 55.42152643203735, 56.47304363250733, 57.666862869262694, 57.513347911834714, 57.452805805206296, 58.095759105682376, 57.55453987121582, 56.64779090881348, 57.490598583221434, 58.30938949584961, 54.981918525695804, 50.89766025543213, 50.64401760101318, 50.804329013824464, 49.950806617736816, 49.910211658477785, 48.697243309021, 47.80041084289551, 46.226476955413816, 45.59190301895141, 46.81687641143799, 48.2102707862854, 47.93559122085571, 44.65579271316528, 44.0121283531189, 44.13027334213257, 43.857469177246095, 43.563067531585695, 42.95672130584717, 42.60244731903076, 43.787382411956784, 44.05506830215454, 42.61393165588379, 41.249921798706055, 41.07616529464722, 41.138149166107176, 41.29087915420532, 41.45162343978882, 41.5536545753479, 41.039298629760744, 41.40402975082397, 41.31856679916382, 40.66513156890869, 40.611736965179446, 40.31302633285522, 40.03255443572998, 40.47122440338135, 40.308336067199704, 40.087003993988034, 40.392137718200686, 40.182950782775876, 40.14530429840088, 40.25664463043213, 40.8655345916748, 41.863734340667726, 41.212872409820555, 40.126441669464114, 39.122868824005124, 38.845583248138425, 38.88815746307373, 39.156309604644775, 39.204265689849855, 38.83890991210937, 38.21728706359863, 37.926045417785645, 37.72550497055054]}