{"ae_train_losses": [245.55213928222656, 225.0980224609375, 177.68948364257812, 156.4562530517578, 145.6070098876953, 139.21400451660156, 135.74832153320312, 133.4269256591797, 130.718505859375, 126.91341400146484, 120.50060272216797, 116.04447174072266, 111.8036880493164, 106.74748992919922, 102.9150390625, 99.67281341552734, 93.51905059814453, 85.79667663574219, 81.64258575439453, 83.08312225341797, 75.02407836914062, 72.7457504272461, 72.09716033935547, 68.44783782958984, 67.27996063232422, 66.64469909667969, 68.67461395263672, 67.22478485107422, 63.471824645996094, 59.63235092163086, 63.616355895996094, 59.553123474121094, 61.28913497924805, 62.052303314208984, 61.60557556152344, 58.355403900146484, 54.733192443847656, 59.87977981567383, 55.25994110107422, 55.60043716430664, 55.43914031982422, 52.97312927246094, 52.00242233276367, 51.63564682006836, 54.05874252319336, 51.650272369384766, 54.6386604309082, 51.52711486816406, 50.07921600341797, 51.42320251464844, 50.668235778808594, 50.13437271118164, 51.48387145996094, 52.070457458496094, 49.80165100097656, 48.224666595458984, 49.475120544433594, 48.06713104248047, 47.66558837890625, 47.60374450683594, 46.961181640625, 46.68136978149414, 44.98617935180664, 46.52231216430664, 45.928855895996094, 45.562767028808594, 46.69376754760742, 46.01520919799805, 45.28129959106445, 42.6779670715332, 43.95840072631836, 43.822723388671875, 42.375648498535156, 42.09059143066406, 42.448875427246094, 42.24378204345703, 41.96704864501953, 40.362876892089844, 41.81998062133789, 39.88255310058594, 39.81930923461914, 39.06196975708008, 39.399539947509766, 39.176841735839844, 37.88808059692383, 38.57216262817383, 37.29286575317383, 36.636661529541016, 36.519744873046875, 36.40406036376953, 35.82875061035156, 37.177913665771484, 36.44123458862305, 36.3511848449707, 35.713932037353516, 34.358856201171875, 34.552162170410156, 36.208274841308594, 34.05097198486328, 35.6025390625], "ae_eval_losses": [154.5207546234131, 151.38036346435547, 148.6339511871338, 142.8839946746826, 137.5625087738037, 133.3062873840332, 130.30665435791016, 128.2083511352539, 126.28671321868896, 123.50641803741455, 119.12993774414062, 113.74334926605225, 109.44791183471679, 107.42357292175294, 105.5886827468872, 106.8337064743042, 103.64590282440186, 95.76681308746338, 92.57301769256591, 79.9719627380371, 78.95692100524903, 73.74113521575927, 60.30649499893188, 59.843552875518796, 58.66594743728638, 56.807131671905516, 54.28755102157593, 51.55838260650635, 49.55040502548218, 49.40334606170654, 54.26496286392212, 58.51799125671387, 58.22368783950806, 55.777742099761966, 52.59317026138306, 50.36789093017578, 50.27957925796509, 57.60310277938843, 60.47586145401001, 57.73549852371216, 52.395436954498294, 49.8674674987793, 48.42752952575684, 48.562103271484375, 55.46284055709839, 58.78490104675293, 53.90090112686157, 48.58162679672241, 46.34940795898437, 45.72720880508423, 45.25909605026245, 48.86304330825806, 52.233608913421634, 50.63469533920288, 46.682279109954834, 44.96215057373047, 44.40593461990356, 44.44857378005982, 46.54430465698242, 48.65103368759155, 47.75803356170654, 45.94066781997681, 43.94812593460083, 43.23727321624756, 43.19794073104858, 43.12335290908813, 43.04312686920166, 42.38226451873779, 42.027548503875735, 41.6774923324585, 41.71240997314453, 41.300011444091794, 41.651961994171145, 40.99283866882324, 40.617596340179446, 40.21532545089722, 39.86866359710693, 39.721249675750734, 39.75436668395996, 39.797822666168216, 39.92144060134888, 39.794403839111325, 38.936026382446286, 38.20885553359985, 37.68596334457398, 37.86934652328491, 37.974653244018555, 37.93989973068237, 37.94197607040405, 37.375304794311525, 36.67931995391846, 36.31947898864746, 36.265496826171876, 36.374244689941406, 35.960754013061525, 35.819654655456546, 35.743532276153566, 35.84615612030029, 35.586279487609865, 35.26663618087768]}