{"ae_train_losses": [133.6898365020752, 61.0172004699707, 50.79244542121887, 48.534950733184814, 45.684239625930786, 43.294053077697754, 41.16208624839783, 38.07413172721863, 35.53120517730713, 33.62451672554016, 32.024755120277405, 30.383360743522644, 28.9984393119812, 28.363731622695923, 27.745896697044373, 27.22592341899872, 26.585832715034485, 26.15431559085846, 25.809640407562256, 25.383525013923645, 25.388195157051086, 25.098652839660645, 25.222283601760864, 24.821894884109497, 24.85055935382843, 24.799451231956482, 24.71237564086914, 24.65373945236206, 24.521644353866577, 24.58120894432068, 24.543538808822632, 24.652117371559143, 24.37223732471466, 24.307894349098206, 24.206087708473206, 24.297881841659546, 24.323683500289917, 24.248113751411438, 24.12080752849579, 24.012887120246887, 24.165541648864746, 24.11625850200653, 24.009277820587158, 24.03935980796814, 23.929630637168884, 23.88142466545105, 23.901877760887146, 23.874865412712097, 23.803928017616272, 23.87448787689209, 23.97292947769165, 24.045477747917175, 23.81075918674469, 23.89667773246765, 23.82440197467804, 23.738779306411743, 23.708972573280334, 23.698774576187134, 23.580650687217712, 23.972582459449768, 23.693578004837036, 23.615177869796753, 23.41290271282196, 23.662660360336304, 23.519445300102234, 23.675124168395996, 23.533748984336853, 23.628103733062744, 23.499744534492493, 23.486197113990784, 23.54731571674347, 23.492084503173828, 23.339751362800598, 23.474385499954224, 23.49136781692505, 23.329643845558167, 23.403637051582336, 23.354645490646362, 23.462578177452087, 23.375841856002808, 23.564393281936646, 23.85898470878601, 23.57907474040985, 23.386826157569885, 23.403188347816467, 23.34421980381012, 23.26810896396637, 23.172435641288757, 23.471029043197632, 23.145735502243042, 23.357432961463928, 23.22313117980957, 23.098277688026428, 23.255402445793152, 23.307157397270203, 23.343215703964233, 23.237783312797546, 23.23088550567627, 23.225518584251404, 23.403316974639893], "ae_eval_losses": [107.87819271087646, 61.400086879730225, 51.40831422805786, 50.91980237960816, 43.04476890563965, 43.34311742782593, 39.44341020584106, 37.42402286529541, 34.541405868530276, 32.51520829200744, 31.03584942817688, 29.67707257270813, 28.463528156280518, 27.84600920677185, 27.457531881332397, 26.92698950767517, 26.36292734146118, 25.70258960723877, 25.381042814254762, 25.20060830116272, 25.1109890460968, 25.227836275100707, 24.934937477111816, 24.79131360054016, 24.655315542221068, 25.235651206970214, 24.44547462463379, 24.250261878967287, 24.492660427093504, 25.036170196533202, 24.551491737365723, 24.94899950027466, 24.3562762260437, 24.553241777420045, 24.5070631980896, 24.119153881072997, 24.947348594665527, 23.968185043334962, 23.999514865875245, 24.25120873451233, 24.433397674560545, 23.89968662261963, 23.86366539001465, 23.899740552902223, 23.790229988098144, 23.93786425590515, 23.737705326080324, 24.301653337478637, 23.808642578125, 23.552102279663085, 24.374633932113646, 23.70864248275757, 23.777869987487794, 23.818824672698973, 23.860865831375122, 23.673355770111083, 23.92700343132019, 23.455290699005126, 24.25914063453674, 23.94928903579712, 23.84716601371765, 24.02011489868164, 23.784553003311157, 23.647474002838134, 23.55816044807434, 23.622636127471925, 23.516984081268312, 23.479658317565917, 23.54582486152649, 23.458203840255738, 23.346684074401857, 23.346029233932494, 23.439058303833008, 23.31864356994629, 23.3459481716156, 23.803066778182984, 23.213336849212645, 23.38626699447632, 23.30483808517456, 23.320963382720947, 24.67164001464844, 23.587578105926514, 23.203345203399657, 23.276837396621705, 23.213397836685182, 23.197222089767457, 23.313189125061037, 23.434653568267823, 23.54436707496643, 23.460540199279784, 23.257057476043702, 23.24235157966614, 23.120874643325806, 23.118551111221315, 23.332026481628418, 23.080827903747558, 23.276448583602907, 23.30467572212219, 23.145034980773925, 23.246484231948852]}