{"ae_train_losses": [121.42331647872925, 64.74862170219421, 50.068148612976074, 45.93460202217102, 49.322474002838135, 44.113736391067505, 38.06700372695923, 35.22742247581482, 32.98795020580292, 31.141199111938477, 29.872387766838074, 28.867637515068054, 27.874903082847595, 27.305757641792297, 26.874123692512512, 26.53354001045227, 26.063745856285095, 25.68335711956024, 25.285823106765747, 25.040456295013428, 24.868830680847168, 24.894749760627747, 24.603971123695374, 24.55479073524475, 24.470695853233337, 24.569521069526672, 24.470582246780396, 24.299881100654602, 24.1787531375885, 24.075190782546997, 24.271749138832092, 24.273046612739563, 24.25257396697998, 24.11478054523468, 23.95061957836151, 23.95018768310547, 23.924188375473022, 23.935279607772827, 23.878560781478882, 23.73834800720215, 23.84272038936615, 23.953582882881165, 23.867663025856018, 23.776240348815918, 23.90016782283783, 23.691150307655334, 23.639994382858276, 23.71141004562378, 23.634114980697632, 23.62817418575287, 23.716452598571777, 23.645711183547974, 23.67047429084778, 23.766932487487793, 23.535557746887207, 23.65947937965393, 23.48729169368744, 23.53700280189514, 23.45159924030304, 23.669341683387756, 23.561941385269165, 23.586071610450745, 23.5191490650177, 23.4766845703125, 23.33596932888031, 23.427198886871338, 23.32726752758026, 23.395185232162476, 23.38140082359314, 23.29901432991028, 23.261508226394653, 23.267987370491028, 23.34195601940155, 23.302093505859375, 23.188485145568848, 23.255587339401245, 23.11974823474884, 23.206780433654785, 23.116729617118835, 23.05402100086212, 23.170612692832947, 23.13736879825592, 23.153041005134583, 23.187739729881287, 23.212170004844666, 23.122982382774353, 23.141764044761658, 23.186219930648804, 23.081145405769348, 23.063639283180237, 23.237984895706177, 23.022918701171875, 23.093782424926758, 23.23749828338623, 23.08023464679718, 22.955105304718018, 22.902231097221375, 23.042271852493286, 22.872568726539612, 22.945568561553955], "ae_eval_losses": [94.33483219146729, 59.99866790771485, 46.565777969360354, 45.939741134643555, 66.90571422576905, 41.32063655853271, 38.32737083435059, 35.11948223114014, 31.81648178100586, 30.5287296295166, 29.57960214614868, 28.128222942352295, 27.459291315078737, 26.84213948249817, 26.542824935913085, 26.135580015182494, 25.724985599517822, 25.367511177062987, 25.16832799911499, 24.919401597976684, 24.743078231811523, 24.707431936264037, 24.594723176956176, 24.706605625152587, 24.50857858657837, 24.4059278011322, 24.20155429840088, 24.285343647003174, 24.214004707336425, 24.506074571609496, 24.00790343284607, 24.180948400497435, 24.040081644058226, 23.974691963195802, 23.866645050048827, 24.279020833969117, 23.972447156906128, 23.824272537231444, 23.77053370475769, 23.830688619613646, 24.06810345649719, 23.89854779243469, 23.802025604248048, 23.702136611938478, 24.09128518104553, 23.57263798713684, 23.459378814697267, 23.97184739112854, 23.494276094436646, 23.583062267303468, 23.588620471954346, 24.29746413230896, 23.45513186454773, 23.422080707550048, 24.027808713912965, 23.49957709312439, 23.56973476409912, 23.27971601486206, 24.753702259063722, 23.56049838066101, 23.5585307598114, 23.514810371398926, 23.543388843536377, 23.347467708587647, 23.21918706893921, 23.41922616958618, 23.36168384552002, 23.274156665802003, 23.318230152130127, 23.828412580490113, 23.27308921813965, 23.35479416847229, 23.437571001052856, 23.16897120475769, 23.46595182418823, 23.26926383972168, 23.086285400390626, 23.113493251800538, 23.210242795944215, 23.27074751853943, 23.203906774520874, 22.971882772445678, 23.05422959327698, 23.18667540550232, 23.04350666999817, 23.030643272399903, 23.05430736541748, 23.117503261566164, 23.049072599411012, 23.19894208908081, 23.20379877090454, 22.993825960159302, 23.156334257125856, 23.22649965286255, 23.186010217666627, 23.07232027053833, 23.025818824768066, 22.949040126800536, 22.95962972640991, 22.968212127685547]}