{"ae_train_losses": [174.37413330078124, 104.76787567138672, 93.78177947998047, 79.9178482055664, 67.31318359375, 57.86399841308594, 55.290093994140626, 53.78841934204102, 51.81395797729492, 51.118890380859376, 49.4490478515625, 50.50969314575195, 48.518011474609374, 46.772463989257815, 44.83969573974609, 43.40751571655274, 42.32238235473633, 41.25188980102539, 39.84129791259765, 38.71804504394531, 37.91887435913086, 37.62984390258789, 36.20990905761719, 35.22635955810547, 34.626363372802736, 33.363149642944336, 32.83148040771484, 32.49576530456543, 33.16252403259277, 31.331776809692382, 31.429076766967775, 31.61602020263672, 30.49828681945801, 29.65201606750488, 30.019085693359376, 29.897034454345704, 29.113645935058592, 29.53496208190918, 28.46049575805664, 28.205558013916015, 28.195442581176756, 27.231015396118163, 27.70459403991699, 27.872180557250978, 26.881605911254884, 26.998887634277345, 26.944166946411134, 26.498197555541992, 26.979000091552734, 26.75015754699707, 26.912992477416992, 26.94455451965332, 26.529314041137695, 26.165696334838866, 26.790447235107422, 26.530001068115233, 26.32590560913086, 26.696564865112304, 26.771507263183594, 26.386475372314454, 27.426337432861327, 26.61833381652832, 26.382427597045897, 27.01177215576172, 26.33835334777832, 26.43039207458496, 25.882508850097658, 26.943069076538087, 26.565230941772462, 25.961154174804687, 25.770496368408203, 26.764005661010742, 26.12812156677246, 25.301955795288087, 25.44096565246582, 25.63746871948242, 24.793748092651366, 25.695487213134765, 25.43762664794922, 26.02429962158203, 26.55550422668457, 27.19176788330078, 25.895149612426756, 25.164426040649413, 26.16733322143555, 25.409556579589843, 25.398050689697264, 25.365763854980468, 25.423089599609376, 26.921615219116212, 26.0782169342041, 26.285983657836915, 25.462251281738283, 25.580033111572266, 25.253114700317383, 26.053664016723634, 25.039653396606447, 25.580202484130858, 25.473818206787108, 25.640051651000977], "ae_eval_losses": [103.21194477081299, 97.66350212097169, 91.13540554046631, 88.37988243103027, 74.03383293151856, 61.92603778839111, 66.13108224868775, 55.40100259780884, 52.61906509399414, 48.47613763809204, 52.398326587677005, 57.15323305130005, 47.15885009765625, 42.56133766174317, 43.00666904449463, 43.05277862548828, 44.13036403656006, 40.85268497467041, 39.016827774047854, 38.11658363342285, 37.60787086486816, 38.98587121963501, 38.001220512390134, 37.03481826782227, 34.1312973022461, 33.501793479919435, 33.194331359863284, 32.942311668395995, 32.62945656776428, 31.451857376098634, 31.8784779548645, 31.088056659698488, 30.513898372650146, 29.97288990020752, 30.033149576187135, 29.541885471343996, 29.324101543426515, 29.205486059188843, 28.40162100791931, 28.3767550945282, 27.766150426864623, 28.047080945968627, 27.50019268989563, 27.755313777923583, 27.463258600234987, 27.32026767730713, 26.882683753967285, 26.98656873703003, 27.08194179534912, 27.158918619155884, 27.272026777267456, 27.33186731338501, 26.656053018569946, 26.445249032974242, 26.78340039253235, 26.261306047439575, 26.58268976211548, 26.88837676048279, 26.244005966186524, 26.667408895492553, 26.08970150947571, 26.438994026184083, 26.46867537498474, 26.86170325279236, 26.82845010757446, 26.41241612434387, 26.408409595489502, 26.059358835220337, 26.01239995956421, 26.345193529129027, 26.637018394470214, 26.135966491699218, 26.013755083084106, 25.460618019104004, 25.32507872581482, 25.614683437347413, 25.825223922729492, 25.698357629776, 25.875171375274657, 26.328971910476685, 26.246291589736938, 27.060074758529662, 26.0227117061615, 25.936727380752565, 25.824957609176636, 25.79163818359375, 25.404577350616456, 25.490495347976683, 25.304660177230836, 26.349764347076416, 29.692547225952147, 27.79045886993408, 27.063992547988892, 26.183371019363403, 25.395921373367308, 25.404015016555785, 25.55698719024658, 25.426141881942748, 25.178686380386353, 26.161296701431276]}