{"ae_train_losses": [120.74218826293945, 57.201931381225585, 51.99537467956543, 49.421344947814944, 45.93147296905518, 43.58334217071533, 40.57021656036377, 35.3146993637085, 31.706721210479735, 29.477802658081053, 28.291490936279295, 27.15573968887329, 26.304572772979736, 25.936774730682373, 25.46491470336914, 25.22560796737671, 25.173972129821777, 24.855596828460694, 24.73137435913086, 24.67196912765503, 24.599273777008058, 24.639912605285645, 24.60738573074341, 24.39481019973755, 24.277274799346923, 24.33041582107544, 24.341279602050783, 24.193741130828858, 24.110997676849365, 24.04203882217407, 24.043759632110596, 23.894906520843506, 24.018217372894288, 23.920547771453858, 23.976722049713135, 23.91359176635742, 23.830027103424072, 23.785960102081297, 23.782655429840087, 23.89793453216553, 23.846486568450928, 23.612734222412108, 23.82272939682007, 24.029596424102785, 23.88699073791504, 23.89462900161743, 23.694443225860596, 23.80524616241455, 24.284756183624268, 24.394085121154784, 23.964831638336182, 23.88371696472168, 23.681355571746828, 23.706284999847412, 23.659099769592284, 23.69961805343628, 23.620824813842773, 23.767158412933348, 23.615831470489503, 23.596042442321778, 23.629559898376463, 23.671580410003664, 23.505286312103273, 23.331654834747315, 23.372647762298584, 23.493650245666505, 23.468203735351562, 23.35158500671387, 23.39438533782959, 23.20130386352539, 23.40715980529785, 23.290436935424804, 23.462626647949218, 23.262476921081543, 23.20145845413208, 23.24280548095703, 23.345661926269532, 23.308060264587404, 23.2642520904541, 23.144670391082762, 23.31597766876221, 23.318547439575195, 23.16080551147461, 23.19214572906494, 23.2311767578125, 23.113406562805174, 23.04600601196289, 23.130828857421875, 23.207323169708253, 23.124837589263915, 23.027932357788085, 23.08185558319092, 23.087651920318603, 23.08935327529907, 23.07957229614258, 23.198278617858886, 23.06051206588745, 23.14116554260254, 22.968560314178468, 22.99525890350342], "ae_eval_losses": [91.18005027770997, 56.37307300567627, 51.28783664703369, 44.10103340148926, 44.47115859985352, 39.20350875854492, 38.85541086196899, 36.30344142913818, 30.40375175476074, 28.824153661727905, 27.902644205093384, 26.663295555114747, 26.18647680282593, 25.539091396331788, 25.356822443008422, 25.275817346572875, 25.20203399658203, 24.893859148025513, 24.645753335952758, 24.822738361358642, 24.78551025390625, 24.813496351242065, 24.471759700775145, 24.223196744918823, 24.20293483734131, 24.57397894859314, 24.25233860015869, 24.148908185958863, 24.062224245071413, 24.354793357849122, 24.201976537704468, 24.206557416915892, 24.04690079689026, 23.895809507369997, 24.162875747680665, 24.522336149215697, 23.812389755249022, 23.585707187652588, 23.81385703086853, 24.276593112945555, 23.848322486877443, 24.08751525878906, 28.965227031707762, 23.861365509033202, 23.752366256713866, 23.60025873184204, 23.45758228302002, 24.64347128868103, 25.006640338897704, 23.985799980163574, 23.952875947952272, 23.850672054290772, 23.61431927680969, 23.798573970794678, 23.8520987033844, 23.531822395324706, 23.476353693008424, 23.607931518554686, 23.773537397384644, 23.932141399383546, 23.692752647399903, 23.78399438858032, 23.613833379745483, 23.416212844848634, 23.36733250617981, 23.725678825378417, 23.647641801834105, 23.182199478149414, 23.49749550819397, 23.386757040023802, 23.284767436981202, 23.24045000076294, 23.704113245010376, 23.239295196533202, 23.093828439712524, 23.246272373199464, 23.277997064590455, 23.273785829544067, 23.208948707580568, 23.2436044216156, 23.232833242416383, 23.29599485397339, 23.019094228744507, 23.111247491836547, 23.148267126083375, 23.14236807823181, 23.119093894958496, 23.196314144134522, 23.166711378097535, 23.142689800262453, 23.13973116874695, 22.95451674461365, 23.101557588577272, 23.17578959465027, 22.961096143722536, 23.07983660697937, 23.123210859298705, 23.57480592727661, 23.129984617233276, 23.17097635269165]}