{"ae_train_losses": [93.17015342712402, 50.654930114746094, 45.18889236450195, 38.613220596313475, 32.02599544525147, 29.07113046646118, 27.51025447845459, 26.190421199798585, 25.394501399993896, 24.998788356781006, 24.48051404953003, 24.178608894348145, 23.94303340911865, 23.952414512634277, 23.67002077102661, 23.750150775909425, 23.59241247177124, 23.33721227645874, 23.18994379043579, 22.928643703460693, 22.70278129577637, 22.657108783721924, 22.477525424957275, 22.238041496276857, 22.210303211212157, 22.111830043792725, 21.968197917938234, 21.784356212615968, 21.647985172271728, 21.675042343139648, 21.589493179321288, 21.420316314697267, 21.302426147460938, 21.169799613952637, 21.13445348739624, 20.957911491394043, 20.909951591491698, 20.876730060577394, 20.913813400268555, 20.822499179840086, 20.81296100616455, 20.579472732543945, 20.567565727233887, 20.523125457763673, 20.420457458496095, 20.349882125854492, 20.308426666259766, 20.302030563354492, 20.248751831054687, 20.17109842300415, 20.22001428604126, 20.21515655517578, 20.11628999710083, 20.115999507904053, 20.07880506515503, 20.093946743011475, 19.962044620513915, 19.889597129821777, 19.867475318908692, 19.829967308044434, 19.838873863220215, 19.720338535308837, 19.766186809539796, 19.786863803863525, 19.651369285583495, 19.802917575836183, 19.869297409057616, 19.636872386932374, 19.58330068588257, 19.608277893066408, 19.562542819976805, 19.535973644256593, 19.547990131378175, 19.400000667572023, 19.28298635482788, 19.3971040725708, 19.362558460235597, 19.29171142578125, 19.279179096221924, 19.221158027648926, 19.299395179748537, 19.374673938751222, 19.230287551879883, 19.350576305389403, 19.43464241027832, 19.42690944671631, 19.29019412994385, 19.211888980865478, 19.21845464706421, 19.22181797027588, 19.099426460266113, 19.182234382629396, 19.096488285064698, 19.010001277923585, 19.07730360031128, 19.04349765777588, 19.042349529266357, 19.028360843658447, 19.040058422088624, 18.933951950073244], "ae_eval_losses": [73.92208938598633, 55.03157997131348, 40.996624660491946, 34.9243405342102, 30.52100372314453, 28.31170787811279, 27.02814898490906, 25.72106876373291, 25.31490364074707, 24.70563678741455, 24.42585563659668, 24.11826729774475, 24.222638750076293, 23.84656777381897, 23.851658582687378, 23.637359142303467, 23.433119583129884, 23.539538669586182, 23.254330587387084, 22.83278775215149, 22.76869559288025, 22.565790700912476, 22.5757333278656, 22.516737937927246, 22.221664714813233, 22.15686254501343, 21.741087007522584, 21.804598093032837, 21.663754510879517, 21.67340292930603, 21.62396020889282, 21.27141170501709, 21.23049283027649, 21.507524538040162, 21.17347183227539, 21.114539289474486, 21.011971759796143, 20.838740158081055, 20.881486415863037, 20.77576789855957, 20.65774507522583, 20.690936040878295, 20.76375284194946, 20.53223052024841, 20.72943272590637, 20.471341848373413, 20.37163372039795, 20.442497301101685, 20.30721707344055, 20.199046230316164, 20.498855304718017, 20.313224935531615, 20.089206838607787, 20.177070951461793, 20.11532588005066, 20.032324647903444, 20.013177013397218, 19.97633647918701, 20.03240051269531, 19.912587928771973, 19.803926372528075, 19.920162534713747, 19.969493913650513, 19.94063115119934, 19.68544821739197, 19.800402402877808, 19.82710189819336, 19.86182141304016, 19.706849670410158, 19.690030336380005, 19.699370050430296, 19.56060128211975, 19.626586198806763, 19.54057397842407, 19.536281013488768, 19.554557847976685, 19.5536066532135, 19.422073888778687, 19.424131536483763, 19.43731107711792, 19.53742918968201, 19.547761583328246, 19.42842936515808, 19.42680687904358, 19.529055070877074, 19.64654107093811, 19.370987510681154, 19.30774517059326, 19.372625589370728, 19.258817148208617, 19.361464548110963, 19.30107021331787, 19.219560432434083, 19.305406904220582, 19.183768272399902, 19.264157724380492, 19.366524076461793, 19.339297676086424, 19.264506912231447, 19.18259902000427]}