{"ae_train_losses": [134.12444814046225, 75.75858847300212, 55.399886767069496, 49.930970191955566, 48.00648339589437, 47.7498197555542, 45.33129278818766, 42.0753288269043, 39.72744274139404, 37.25161679585775, 34.97550551096598, 32.54236110051473, 30.769498030344646, 29.484838485717773, 28.7519268989563, 28.283549149831135, 27.775638262430828, 27.158721288045246, 26.740927696228027, 26.521637439727783, 26.068149089813232, 25.869293848673504, 25.582623799641926, 25.45427481333415, 25.19301764170329, 24.953805764516193, 24.868515491485596, 24.92724895477295, 24.798300902048748, 24.606746196746826, 24.616344451904297, 24.511799812316895, 24.463237444559734, 24.6012765566508, 24.426822185516357, 24.546138763427734, 24.340303421020508, 24.469715277353924, 24.185329914093018, 24.393539269765217, 24.277179718017578, 24.253029664357502, 24.132817427317303, 24.065858205159504, 24.11874262491862, 23.989046891530354, 24.09738890329997, 24.009305000305176, 24.129147211710613, 24.056867281595867, 23.972790241241455, 23.99217478434245, 23.93442503611247, 23.902594884236652, 23.871692339579266, 24.09642457962036, 23.906633853912354, 23.69715929031372, 23.77533197402954, 23.659204641977947, 23.81271266937256, 23.567386150360107, 23.76197322209676, 23.631521066029865, 23.78276030222575, 23.680007457733154, 23.732377370198567, 23.764160950978596, 23.81402587890625, 23.772712866465252, 23.630444049835205, 23.769822756449383, 23.75622049967448, 23.54896052678426, 23.477237542470295, 23.60298188527425, 23.590101718902588, 23.811033089955647, 23.44661744435628, 23.52402098973592, 23.529648780822754, 23.47070042292277, 23.374940077463787, 23.405274232228596, 23.514280637105305, 23.638479391733807, 23.599805037180584, 23.454030513763428, 23.79044008255005, 23.485650380452473, 23.477302074432373, 23.386349042256672, 23.36866807937622, 23.381847699483234, 23.34759791692098, 23.473712921142578, 23.446348190307617, 23.348029613494873, 23.322892665863037, 23.54939079284668], "ae_eval_losses": [95.36946239471436, 79.71050567626953, 53.75979051589966, 47.338966083526614, 64.96475772857666, 42.66744337081909, 43.70111055374146, 40.358743572235106, 39.48125905990601, 36.206234550476076, 33.803504371643065, 31.546736240386963, 30.096061754226685, 28.923712158203124, 28.433393239974976, 27.677497720718385, 27.29927945137024, 26.766166973114014, 26.398715782165528, 26.236984968185425, 26.16978487968445, 25.964102697372436, 25.251815271377563, 25.309868478775023, 25.185799407958985, 24.968996000289916, 25.047395181655883, 24.866249227523802, 24.606594562530518, 24.6127986907959, 24.472861099243165, 24.42534956932068, 24.217793273925782, 24.481569480895995, 24.4570969581604, 24.675690174102783, 24.686011219024657, 24.101651906967163, 24.10760717391968, 24.696942234039305, 24.07118821144104, 24.04074501991272, 23.97372579574585, 24.103048372268677, 24.036591958999633, 23.911565637588502, 23.900884294509886, 24.57299222946167, 24.407997608184814, 23.795094966888428, 23.823831796646118, 24.187393474578858, 23.806312227249144, 23.797113704681397, 23.726920413970948, 23.80859594345093, 23.857421588897704, 23.706813049316406, 23.749818801879883, 24.011659336090087, 23.75068016052246, 24.25161180496216, 23.762559556961058, 23.841626739501955, 23.612672805786133, 23.836257219314575, 23.51195182800293, 25.981241989135743, 24.03449192047119, 23.448117113113405, 23.517565393447875, 23.46666350364685, 23.378987407684328, 23.357138872146606, 23.648616075515747, 23.375828981399536, 23.613638639450073, 24.051196479797362, 23.39786043167114, 23.29881000518799, 23.47487955093384, 23.206361770629883, 23.421482133865357, 23.132174825668336, 24.267965412139894, 23.476104736328125, 25.15532479286194, 23.634569549560545, 23.4289192199707, 23.53981966972351, 23.4300537109375, 23.33956813812256, 23.23442726135254, 23.563050937652587, 23.169900941848756, 23.528735876083374, 23.30555167198181, 23.376564931869506, 23.40125665664673, 24.48635401725769]}