{"ae_train_losses": [120.84391975402832, 84.52520656585693, 60.18041467666626, 50.6797890663147, 47.718971252441406, 45.89920616149902, 44.295852184295654, 42.759331703186035, 40.67500972747803, 38.76309537887573, 36.64351177215576, 34.87139415740967, 33.277183532714844, 31.944972038269043, 30.78800654411316, 29.991450548171997, 29.19117569923401, 28.73287844657898, 28.038000106811523, 27.522552967071533, 27.119967460632324, 26.62613320350647, 26.448030710220337, 25.866777658462524, 25.598292112350464, 25.160054683685303, 25.045053243637085, 24.770315647125244, 24.863120317459106, 24.555212020874023, 24.48999333381653, 24.46023416519165, 24.57123613357544, 24.47894263267517, 24.50328016281128, 24.27818250656128, 24.23050093650818, 24.230667114257812, 24.333104610443115, 24.301069021224976, 24.312323808670044, 24.07318377494812, 24.19370722770691, 24.152748346328735, 24.228440523147583, 23.7481791973114, 23.95441961288452, 23.688602209091187, 23.975750207901, 23.963833332061768, 23.873005628585815, 23.827720403671265, 23.65134358406067, 23.521286249160767, 23.426747798919678, 23.561824798583984, 23.402300119400024, 23.37997794151306, 23.159520387649536, 23.325151443481445, 23.42882227897644, 23.299269676208496, 23.220274686813354, 23.218166828155518, 23.168022394180298, 22.95592188835144, 23.024267435073853, 22.985762119293213, 23.11992883682251, 22.735928297042847, 22.81649947166443, 22.835196018218994, 22.803929090499878, 22.854339838027954, 22.715392351150513, 22.557995080947876, 22.62409734725952, 22.77374029159546, 22.465102434158325, 22.361278772354126, 22.295482397079468, 22.43038535118103, 22.24738836288452, 22.26242709159851, 22.30711317062378, 22.05300235748291, 22.102195024490356, 22.145131826400757, 21.906930446624756, 21.995967626571655, 21.807108163833618, 21.869327306747437, 21.617769479751587, 21.672110557556152, 21.68108367919922, 21.88020658493042, 21.644562244415283, 21.57032585144043, 21.807393789291382, 21.625030040740967], "ae_eval_losses": [95.04708232879639, 92.7189287185669, 74.07366275787354, 63.64376192092895, 49.23938646316528, 43.27585611343384, 47.26551361083985, 41.28434972763061, 40.91662750244141, 38.36014089584351, 35.84881887435913, 34.21835317611694, 32.75041174888611, 31.39107675552368, 30.339914989471435, 29.277043771743774, 28.411714124679566, 28.430719327926635, 27.69949278831482, 27.14648118019104, 26.87845597267151, 26.260624265670778, 26.496761512756347, 25.90139298439026, 25.570013809204102, 25.154029750823973, 24.758735179901123, 24.873693466186523, 24.560803508758546, 24.598919010162355, 24.73787522315979, 24.540171527862547, 24.59618091583252, 24.87929763793945, 24.325952529907227, 24.216084909439086, 24.144590044021605, 24.41622462272644, 24.145766735076904, 24.412766790390016, 24.209207677841185, 24.149895191192627, 24.203063106536867, 23.99929804801941, 23.853492546081544, 23.86177749633789, 23.66138849258423, 24.060833263397218, 23.84598226547241, 23.95102458000183, 23.989224672317505, 23.734026670455933, 23.730339574813843, 23.697601127624512, 23.648569869995118, 23.535350942611693, 23.622045040130615, 23.48144268989563, 23.648604440689088, 23.495686340332032, 23.431373119354248, 23.454895114898683, 23.203711795806885, 23.144621992111205, 23.09971570968628, 23.017698955535888, 23.183196687698363, 23.188119649887085, 22.888280820846557, 23.013874769210815, 22.78304696083069, 22.801716804504395, 22.92554898262024, 22.838846492767335, 22.64623432159424, 22.809714460372923, 22.793528270721435, 22.653842401504516, 22.416634607315064, 22.31447038650513, 22.436897897720335, 22.51987934112549, 22.18379411697388, 22.2575701713562, 22.171287631988527, 22.1572181224823, 22.29011240005493, 22.025738286972047, 22.04358959197998, 22.167808103561402, 21.973752117156984, 21.961975383758546, 21.783177614212036, 21.772159337997437, 21.79754719734192, 21.855827140808106, 21.875534200668334, 21.85501046180725, 21.80401759147644, 21.67599449157715]}