{"ae_train_losses": [171.25427341461182, 93.99720668792725, 63.99212169647217, 56.16389083862305, 53.139280796051025, 50.889742851257324, 49.70413064956665, 47.4148907661438, 44.70124530792236, 42.74946975708008, 40.38146448135376, 38.90096473693848, 37.47672700881958, 36.05269193649292, 35.010746479034424, 34.06337547302246, 33.469096660614014, 32.56695795059204, 31.666849374771118, 30.992226123809814, 30.493168115615845, 30.086742877960205, 29.530890464782715, 29.1580171585083, 28.85527729988098, 28.591493606567383, 28.34478235244751, 28.006222248077393, 27.720365285873413, 27.440578937530518, 27.2244291305542, 26.96588683128357, 26.888627767562866, 26.856507778167725, 26.61107897758484, 26.418801069259644, 26.271146297454834, 25.985760927200317, 25.77131748199463, 25.566649913787842, 25.220741987228394, 25.1931791305542, 24.98763680458069, 25.159035205841064, 25.0457603931427, 24.95405912399292, 24.95314908027649, 24.819370985031128, 24.754272937774658, 24.477216958999634, 24.85506796836853, 24.698596000671387, 24.551314115524292, 24.51760745048523, 24.371354818344116, 24.58517551422119, 24.833291053771973, 24.704301118850708, 24.55373454093933, 24.46418046951294, 24.47571349143982, 24.454490184783936, 24.421756505966187, 24.618096351623535, 24.474853038787842, 24.343711376190186, 24.246840000152588, 24.26471519470215, 24.33257293701172, 24.51738214492798, 24.22060203552246, 24.108242750167847, 24.161855220794678, 24.231231927871704, 24.013580799102783, 24.211092233657837, 24.126845598220825, 24.151148796081543, 24.09786343574524, 23.876798629760742, 24.135701417922974, 24.173962831497192, 24.08030366897583, 23.926063537597656, 24.034276008605957, 24.018508195877075, 24.093909978866577, 24.0576810836792, 24.06618070602417, 23.91018009185791, 24.08908200263977, 23.986804723739624, 23.861605644226074, 24.08130693435669, 24.00941014289856, 24.088609218597412, 23.982377529144287, 24.2535400390625, 24.103302001953125, 24.028416633605957], "ae_eval_losses": [117.14308052062988, 108.59029636383056, 55.720666599273684, 52.573502159118654, 52.256421184539796, 55.16860685348511, 49.91310768127441, 44.92479133605957, 44.64637956619263, 41.1498327255249, 39.725633811950686, 39.12431468963623, 37.29640474319458, 35.743362236022946, 34.92446060180664, 33.916824674606325, 33.22160272598266, 32.12328524589539, 31.629723024368285, 30.76595206260681, 30.665086555480958, 29.766525650024413, 29.327353763580323, 28.873826265335083, 28.858265781402586, 28.6300302028656, 28.00830717086792, 27.677958297729493, 27.41455669403076, 27.28477873802185, 27.039906454086303, 27.012412357330323, 26.638258123397826, 26.577857208251952, 26.287754392623903, 26.2119158744812, 26.2948459148407, 25.593790197372435, 25.61282377243042, 25.27327604293823, 25.1345064163208, 25.002026796340942, 25.03266897201538, 25.373109769821166, 24.67580556869507, 25.175168657302855, 24.648080778121948, 24.947524118423463, 24.969755840301513, 24.847628688812257, 24.738842296600343, 24.806850004196168, 24.429624843597413, 24.27213053703308, 24.333290910720827, 25.81910629272461, 25.257639980316164, 24.426872110366823, 24.38869071006775, 24.481557655334473, 24.35812916755676, 24.51260280609131, 24.461550855636595, 24.445410299301148, 24.54804582595825, 24.98773021697998, 24.440272760391235, 24.06742396354675, 24.370139026641844, 24.054873132705687, 24.146262168884277, 24.11102948188782, 24.19016489982605, 24.01883053779602, 23.924703550338744, 24.167047023773193, 24.185815000534056, 23.93214421272278, 24.07862505912781, 24.004990673065187, 24.205439281463622, 24.140718936920166, 24.318462753295897, 24.06898217201233, 24.06646933555603, 24.361143398284913, 24.40635266304016, 24.19187970161438, 24.103604888916017, 23.898441505432128, 24.55913190841675, 23.98121509552002, 23.910092782974242, 23.999862241744996, 28.049076986312866, 25.742778253555297, 24.5359055519104, 24.311167621612547, 24.206050968170167, 24.210813140869142]}