{"ae_train_losses": [96.95816040039062, 52.13222026824951, 44.42590379714966, 39.25545597076416, 35.10046052932739, 31.762467861175537, 29.763162851333618, 28.14687705039978, 26.973851442337036, 26.403834342956543, 25.60851740837097, 24.923248767852783, 24.210798025131226, 23.735517501831055, 23.465372800827026, 23.338857173919678, 22.85182809829712, 22.51486873626709, 22.497009992599487, 22.213406562805176, 22.08850646018982, 21.764219045639038, 21.666629791259766, 21.61350989341736, 21.458550453186035, 21.38064455986023, 21.0413875579834, 21.095146417617798, 21.004868030548096, 21.00233554840088, 20.791691064834595, 20.769633769989014, 20.62869119644165, 20.601932048797607, 20.589756965637207, 20.56616449356079, 20.60832977294922, 20.437148332595825, 20.416718006134033, 20.271937608718872, 20.19217538833618, 20.24742341041565, 20.192527770996094, 20.159382581710815, 20.008817195892334, 20.14415979385376, 20.11872148513794, 20.220836639404297, 20.043250560760498, 19.918381214141846, 19.91459012031555, 19.84482216835022, 19.795044660568237, 19.9120512008667, 19.849873065948486, 20.009095668792725, 20.03216028213501, 19.94856095314026, 19.998196840286255, 19.754037618637085, 19.698060512542725, 19.723135709762573, 19.709847927093506, 19.598225831985474, 19.445526361465454, 19.43576741218567, 19.552119970321655, 19.543454885482788, 19.63383913040161, 19.6780264377594, 19.537886381149292, 19.685640811920166, 19.539783716201782, 19.62507724761963, 19.577086210250854, 19.3545663356781, 19.530030965805054, 19.348323822021484, 19.165377140045166, 19.305551528930664, 19.224982023239136, 19.202200412750244, 19.27733039855957, 19.274449825286865, 19.33663058280945, 19.387446880340576, 19.374418020248413, 19.268396377563477, 19.184657096862793, 19.410229921340942, 19.471868991851807, 19.365240335464478, 19.202365398406982, 19.25329899787903, 19.206324815750122, 19.173144340515137, 19.1160147190094, 18.983851671218872, 19.151496410369873, 19.085187673568726], "ae_eval_losses": [98.64827365875244, 50.33855438232422, 39.592509269714355, 36.42802333831787, 33.19099793434143, 32.013645553588866, 28.702194499969483, 27.405587720870972, 26.39895944595337, 25.673568439483642, 24.99980068206787, 24.481121730804443, 24.034568071365356, 23.844377040863037, 23.73403401374817, 23.05579342842102, 22.689732837677003, 22.812110805511473, 22.37449245452881, 22.156349182128906, 21.975633144378662, 21.93792681694031, 21.75331630706787, 21.723532247543336, 21.711300325393676, 21.515011501312255, 21.52177052497864, 21.252833223342897, 21.100577926635744, 20.890347719192505, 21.050580310821534, 20.946543407440185, 21.02582006454468, 21.060017681121828, 21.345380735397338, 21.169521427154542, 20.883529949188233, 20.90192222595215, 20.83585443496704, 20.79906311035156, 20.57949619293213, 20.467115783691405, 20.623359298706056, 20.581395435333253, 20.515873861312866, 20.7249502658844, 20.809869813919068, 20.519830322265626, 20.368810367584228, 20.467360258102417, 20.312806701660158, 20.34258813858032, 20.4444860458374, 20.09791431427002, 20.588494729995727, 21.055716943740844, 20.759861516952515, 20.420900106430054, 20.544729948043823, 20.094653367996216, 20.19645619392395, 20.702864694595338, 20.325762844085695, 20.14874849319458, 20.063408946990968, 20.238502788543702, 20.064786911010742, 20.281485176086427, 20.835774993896486, 20.81477108001709, 20.210261154174805, 20.344439697265624, 20.288601684570313, 20.51495385169983, 20.164485597610472, 20.312909269332884, 20.201565885543822, 19.970352506637575, 20.101134395599367, 20.43018169403076, 20.0275918006897, 19.9814181804657, 20.30119571685791, 19.97178659439087, 19.992404985427857, 20.01993021965027, 20.07507691383362, 20.11938672065735, 20.182276487350464, 20.266214847564697, 20.12137899398804, 20.125172805786132, 19.895108127593993, 20.027253103256225, 20.03038635253906, 19.981868934631347, 20.088737726211548, 20.23958444595337, 20.21532368659973, 19.942098569869994]}