{"ae_train_losses": [137.37066332499185, 67.62029647827148, 51.53161366780599, 47.74153741200765, 44.90278752644857, 42.43331368764242, 39.45838864644369, 37.016379038492836, 35.560836474100746, 34.111542065938316, 32.87228377660116, 31.771594683329266, 30.673893133799236, 29.4210303624471, 28.780512809753418, 28.07449467976888, 27.334819316864014, 26.71835772196452, 26.365997791290283, 25.874101161956787, 25.825685660044353, 25.639270464579266, 25.301164627075195, 25.01593542098999, 25.171228726704914, 25.169874509175617, 24.916330019632976, 24.91735076904297, 24.828086853027344, 24.767924308776855, 24.6097248395284, 24.590391000111897, 24.72814925511678, 24.646714687347412, 24.70992104212443, 24.569313526153564, 24.558144251505535, 24.242496331532795, 24.25932280222575, 24.16879415512085, 24.189143657684326, 24.27906847000122, 24.27417755126953, 24.15505901972453, 24.03468894958496, 24.157302697499592, 24.235333760579426, 24.175922393798828, 24.209907690684002, 24.172446568806965, 24.041717211405437, 24.013147513071697, 23.988820870717365, 23.804118474324543, 23.901944478352863, 23.946564356486004, 24.10300922393799, 23.96994431813558, 23.931302070617676, 23.886878808339436, 23.975136597951252, 23.890909512837727, 23.799850622812908, 23.885775566101074, 23.956749439239502, 23.63120444615682, 23.70690615971883, 23.675718784332275, 23.717684745788574, 23.72645378112793, 23.936349232991535, 23.68547519048055, 23.783336480458576, 24.198626200358074, 23.972241242726643, 23.938578128814697, 23.743392785390217, 23.568557580312092, 23.452914079030354, 23.479812463124592, 23.626893043518066, 23.56818199157715, 23.49182939529419, 23.579139868418377, 23.550614992777508, 23.690158526102703, 23.59139649073283, 23.648058732350666, 23.642363866170246, 23.529673099517822, 23.357057571411133, 23.48927942911784, 23.26036485036214, 23.376991430918377, 23.466891606648762, 23.32750701904297, 23.33311128616333, 23.40403985977173, 23.23115062713623, 23.471291224161785], "ae_eval_losses": [91.35487213134766, 62.084345722198485, 53.591732025146484, 46.04913854598999, 43.099564933776854, 41.645584201812746, 38.65114288330078, 36.57239122390747, 35.127878475189206, 33.86716651916504, 32.951548385620114, 31.797022104263306, 30.21304621696472, 29.31871094703674, 28.719318389892578, 27.61473412513733, 26.93878903388977, 26.88858218193054, 26.056989192962646, 26.01421537399292, 25.674595451354982, 25.467902898788452, 25.29478144645691, 25.187103176116942, 25.10755863189697, 25.065065765380858, 24.907270860671996, 24.853166580200195, 24.934427118301393, 24.57585563659668, 24.575790309906004, 24.657776594161987, 24.725606822967528, 24.791268730163573, 24.509743881225585, 24.525150632858278, 24.647819757461548, 24.266264724731446, 24.887640714645386, 24.205752658843995, 24.20894899368286, 24.068141794204713, 24.35804772377014, 24.14347553253174, 24.00817475318909, 24.151286554336547, 25.75812735557556, 24.740575122833253, 24.52760992050171, 24.197780656814576, 23.980772686004638, 24.262663412094117, 23.95958113670349, 23.823836469650267, 24.08682165145874, 24.177571296691895, 23.70727276802063, 23.898146772384642, 24.04618821144104, 23.841290044784547, 23.71214919090271, 23.93606219291687, 23.934091520309448, 24.23025588989258, 23.63626937866211, 24.173780059814455, 23.69501714706421, 24.073246574401857, 23.670484924316405, 24.92245798110962, 23.922214031219482, 23.80283041000366, 31.240906763076783, 24.359530115127562, 24.56101703643799, 23.90841245651245, 23.753900384902956, 23.53580846786499, 23.403822422027588, 23.474954891204835, 23.67609748840332, 23.326261281967163, 23.40214557647705, 23.595417976379395, 23.612569284439086, 23.980806827545166, 24.133702325820924, 24.053741359710692, 23.48183355331421, 23.46815848350525, 23.606529426574706, 23.376416730880738, 23.55168561935425, 23.57717833518982, 23.266566371917726, 23.34225869178772, 23.38658390045166, 23.276162672042847, 23.48409495353699, 23.3400918006897]}