{"ae_train_losses": [110.98642272949219, 57.105304908752444, 48.25781764984131, 44.29888648986817, 40.90191211700439, 36.40963973999023, 33.20242395401001, 29.957278537750245, 28.060690689086915, 26.774564361572267, 25.928613948822022, 25.348009204864503, 25.086958789825438, 24.911061000823974, 24.897726249694824, 24.831964206695556, 24.48538656234741, 24.549671840667724, 24.507623958587647, 24.37937355041504, 24.3394793510437, 24.20951976776123, 24.151162338256835, 24.23614501953125, 24.266365432739256, 24.057015228271485, 24.141073322296144, 23.970012378692626, 24.016368293762206, 24.198040008544922, 23.806761837005617, 23.798347663879394, 23.987695598602294, 23.803919315338135, 23.67503242492676, 23.979349422454835, 23.93952350616455, 23.928120708465578, 23.83929328918457, 23.794165229797365, 23.83340492248535, 23.67507667541504, 23.66388006210327, 23.690493392944337, 23.589372062683104, 23.582994270324708, 23.655503368377687, 23.436743545532227, 23.513301181793214, 23.423004817962646, 23.39695405960083, 23.365326023101808, 23.430629825592042, 23.47517442703247, 23.448720169067382, 23.376253414154053, 23.328302955627443, 23.320251846313475, 23.378450202941895, 23.23486614227295, 23.352921104431154, 23.22244119644165, 23.195630073547363, 23.195048236846922, 23.16698341369629, 23.112487411499025, 23.079172706604005, 23.00221824645996, 23.183966064453124, 23.165694999694825, 23.12757863998413, 23.143574905395507, 23.099507522583007, 22.917072296142578, 23.139855575561523, 23.059789085388182, 23.12568826675415, 22.947547340393065, 22.924513053894042, 22.92487382888794, 22.974212646484375, 22.89421968460083, 22.7975061416626, 23.007491016387938, 23.04698305130005, 23.00578889846802, 23.06375379562378, 22.935182666778566, 22.786024570465088, 22.702069664001463, 22.631794261932374, 22.771695804595947, 22.649298000335694, 22.55733518600464, 22.295796394348145, 22.37116584777832, 22.24763717651367, 22.16015558242798, 22.06140947341919, 22.04335994720459], "ae_eval_losses": [105.18286304473877, 51.1332631111145, 48.43797101974487, 42.398009300231934, 37.93413228988648, 36.230745220184325, 31.761880302429198, 29.194789981842042, 27.163024950027467, 26.160641860961913, 25.533643770217896, 25.49425892829895, 24.880009508132936, 24.860414457321166, 24.96377377510071, 24.69003834724426, 24.58259048461914, 24.43262333869934, 24.197239255905153, 24.286840867996215, 24.294689416885376, 24.10769600868225, 24.16517686843872, 24.09747428894043, 24.585168600082397, 24.28844542503357, 24.458060359954835, 23.762098121643067, 23.90172371864319, 23.983116626739502, 23.937183380126953, 24.034246587753294, 24.024436712265015, 24.019866371154784, 23.52602586746216, 25.177374410629273, 24.15383949279785, 24.031296730041504, 23.59311714172363, 23.685088205337525, 23.658270120620728, 23.671651744842528, 23.64213228225708, 23.5036376953125, 23.823364782333375, 23.39938006401062, 23.39058961868286, 23.334959268569946, 23.364584064483644, 23.6298677444458, 23.21388840675354, 23.355363750457762, 23.326328086853028, 23.306694555282593, 23.48395037651062, 23.355819272994996, 23.16199984550476, 23.468770694732665, 23.134799194335937, 23.199731016159056, 23.188507986068725, 23.219277954101564, 23.178730249404907, 23.033168649673463, 23.03774161338806, 23.29703645706177, 23.017636871337892, 23.0061993598938, 23.029679393768312, 23.104810762405396, 22.993896770477296, 23.14202332496643, 23.167809772491456, 22.970604038238527, 22.932863903045654, 22.918624210357667, 22.89648017883301, 22.857072877883912, 22.890630960464478, 22.9100284576416, 22.809560775756836, 22.736917352676393, 22.731571102142333, 24.592221164703368, 22.947294855117796, 23.150971841812133, 22.940060472488405, 22.940465211868286, 22.75803165435791, 22.643852853775023, 22.62928638458252, 22.782539939880373, 22.521119928359987, 22.330572032928465, 22.217639017105103, 22.192481422424315, 22.134895706176756, 22.026317024230956, 21.931731939315796, 21.943066787719726]}