{"ae_train_losses": [134.93052825927734, 58.32428340911865, 50.8880012512207, 46.11670398712158, 40.73825168609619, 35.856011390686035, 33.36966695785522, 31.510469436645508, 30.011638927459718, 29.100224113464357, 28.435368251800536, 27.641225337982178, 27.309816074371337, 26.762368965148926, 26.314803981781004, 26.039668083190918, 25.695128917694092, 25.46551628112793, 25.19517011642456, 24.951492977142333, 24.870249271392822, 24.603234195709227, 24.59165277481079, 24.30428810119629, 24.397217178344725, 24.586690425872803, 24.22950792312622, 24.182264614105225, 24.284210395812988, 24.060491466522215, 24.26644620895386, 24.278725814819335, 24.0395770072937, 23.901049041748045, 23.851343059539794, 23.906785678863525, 23.722630119323732, 23.833420753479004, 23.73431987762451, 23.75659399032593, 23.867451667785645, 23.70808963775635, 23.69950952529907, 23.737227535247804, 23.83668565750122, 23.76426649093628, 23.606084060668945, 23.639422988891603, 23.494869899749755, 23.58127145767212, 23.471337699890135, 23.452716255187987, 23.35947456359863, 23.399845314025878, 23.355114459991455, 23.513532161712646, 23.444303131103517, 23.48430452346802, 23.455065536499024, 23.264111709594726, 23.28988161087036, 23.161655235290528, 23.321476936340332, 23.218988037109376, 23.234104347229003, 23.25674295425415, 23.165564632415773, 23.334290409088133, 24.066955947875975, 25.03501968383789, 23.62999610900879, 23.453010749816894, 23.432444095611572, 23.40228443145752, 23.155628967285157, 23.302733898162842, 23.132780742645263, 23.24831657409668, 23.16647071838379, 23.13542537689209, 23.16687068939209, 23.189673805236815, 23.01101541519165, 23.16147937774658, 23.03430757522583, 23.306825351715087, 23.087062072753906, 23.03208417892456, 23.072406768798828, 23.08861389160156, 22.93013620376587, 22.914058685302734, 22.98416566848755, 22.919189167022704, 22.983079528808595, 22.995040035247804, 22.972203254699707, 22.89628200531006, 22.951105499267577, 22.97617130279541], "ae_eval_losses": [92.79886951446534, 65.75588159561157, 54.9131157875061, 48.16321210861206, 38.495888996124265, 35.66491994857788, 32.7505841255188, 30.670682621002197, 29.53554496765137, 28.878034400939942, 27.959506130218507, 27.424126291275023, 26.98212513923645, 26.910113286972045, 26.14807596206665, 25.78886137008667, 25.725191926956178, 25.296536493301392, 25.11681709289551, 25.044151544570923, 25.136730575561522, 24.92682294845581, 24.904747819900514, 24.595707654953003, 27.44748435020447, 24.746048498153687, 24.187616491317748, 24.168736457824707, 24.44268627166748, 24.148810338974, 24.596517944335936, 24.628120994567873, 24.205134057998656, 24.14166216850281, 24.06566729545593, 23.81008949279785, 24.03568739891052, 23.89365243911743, 23.954495668411255, 23.93701238632202, 23.924098873138426, 23.9806930065155, 23.750988292694093, 23.945092058181764, 23.960024499893187, 24.00444221496582, 23.55498242378235, 23.90212826728821, 23.75902600288391, 23.511671113967896, 23.498245000839233, 23.539656543731688, 23.582939243316652, 23.50499153137207, 23.5746808052063, 24.08683853149414, 23.562942790985108, 23.519680404663085, 23.44651927947998, 23.50760488510132, 23.253947162628172, 23.335888385772705, 23.35919032096863, 23.286402034759522, 23.24202256202698, 23.26704387664795, 23.2730619430542, 25.10167727470398, 24.77573232650757, 24.235061597824096, 23.617659664154054, 23.410146045684815, 23.72277135848999, 23.42748627662659, 23.347739696502686, 23.277365970611573, 23.326527070999145, 23.304226779937743, 23.312382793426515, 23.196154975891112, 23.244387912750245, 23.11055016517639, 23.313626956939697, 23.019122505187987, 23.289077615737916, 23.187126636505127, 23.233850288391114, 23.11286344528198, 23.135306692123415, 23.105046033859253, 23.117864179611207, 23.004852390289308, 22.992456197738647, 22.953953170776366, 22.99697470664978, 23.03907380104065, 23.01730008125305, 22.9700590133667, 23.041899299621583, 22.978467559814455]}