{"ae_train_losses": [71.29003238677979, 40.978780555725095, 34.221114253997804, 29.892777252197266, 27.22786149978638, 25.19629497528076, 24.07514591217041, 23.311910724639894, 22.620525550842284, 22.066963863372802, 21.484626388549806, 21.332365036010742, 21.01903142929077, 20.914823055267334, 20.844507026672364, 20.82578754425049, 20.656792736053468, 20.570565128326415, 20.4248477935791, 20.441258716583253, 20.543842029571532, 20.413644790649414, 20.337758255004882, 20.0898157119751, 20.165465831756592, 20.121799564361574, 19.953119373321535, 19.890848636627197, 19.956396293640136, 19.993506240844727, 20.07665386199951, 19.892700099945067, 19.857919120788573, 19.681746864318846, 19.6773042678833, 19.68362808227539, 19.795961093902587, 19.76230812072754, 19.725163745880128, 19.640799045562744, 19.631776428222658, 19.509876441955566, 19.52402458190918, 19.46327362060547, 19.47566213607788, 19.448126602172852, 19.430104541778565, 19.420316314697267, 19.384313106536865, 19.214566135406493, 19.300457668304443, 19.291812419891357, 19.311186218261717, 19.248286056518555, 19.32222270965576, 19.227875900268554, 19.271721172332764, 19.110394096374513, 19.20780897140503, 19.088279724121094, 19.069565868377687, 19.093561363220214, 19.081516075134278, 19.13547840118408, 19.063122367858888, 19.073547554016113, 19.2170841217041, 19.094029426574707, 19.075219440460206, 19.068629837036134, 18.96596803665161, 19.027630138397218, 19.038660526275635, 18.913850784301758, 18.802363300323485, 18.841501998901368, 18.892723751068115, 18.854446506500246, 18.851858615875244, 18.834831619262694, 18.819930267333984, 18.88620262145996, 18.75170612335205, 18.820379066467286, 18.917227363586427, 18.806919860839844, 18.838062286376953, 18.78612289428711, 18.790188217163085, 18.882208824157715, 18.694215106964112, 18.7592604637146, 18.80711555480957, 18.66471633911133, 18.65571346282959, 18.648124313354494, 18.627869129180908, 18.547758293151855, 18.687290763854982, 18.591703033447267], "ae_eval_losses": [52.85622186660767, 37.71187152862549, 32.20149173736572, 27.883186197280885, 26.162954473495482, 24.825378274917604, 24.287412691116334, 22.86994309425354, 22.273123598098756, 22.184694623947145, 21.64191255569458, 21.271428060531616, 21.072418451309204, 20.92775664329529, 20.84953589439392, 20.563911151885986, 20.717269134521484, 20.53323221206665, 20.66665849685669, 20.70546774864197, 20.607026481628417, 20.581665563583375, 20.390508317947386, 20.360806941986084, 20.38076272010803, 20.549605226516725, 20.070913982391357, 20.102460527420043, 20.08916058540344, 20.418313407897948, 20.2154079914093, 20.0351770401001, 19.904537439346313, 20.214579248428343, 19.867428255081176, 19.94030442237854, 19.97261028289795, 19.67991213798523, 19.940312576293945, 19.82699384689331, 19.63364248275757, 19.698484420776367, 19.85292181968689, 19.978813457489014, 20.057243728637694, 19.787758350372314, 19.569216012954712, 19.800019407272337, 19.66576428413391, 19.441165065765382, 19.72360725402832, 19.623063564300537, 19.408612775802613, 19.559997892379762, 19.51364827156067, 19.439569520950318, 19.565846824645995, 19.352127599716187, 19.50507287979126, 19.318070554733275, 19.329134368896483, 19.355945777893066, 19.362815284729002, 19.500733184814454, 19.2828809261322, 19.48770179748535, 19.45082311630249, 19.449091339111327, 19.224575138092042, 19.308733654022216, 19.49839038848877, 19.286422967910767, 19.27422261238098, 19.237143754959106, 19.205649662017823, 19.22981286048889, 19.207310485839844, 19.255641984939576, 19.165057992935182, 19.199377250671386, 19.346361780166625, 19.124324321746826, 19.15200638771057, 19.10055022239685, 19.35398678779602, 19.426489067077636, 19.217735767364502, 19.019189977645873, 19.340289974212645, 19.226534938812257, 19.168674564361574, 19.227727222442628, 19.07467665672302, 18.976852941513062, 19.005410385131835, 19.210905075073242, 19.261923027038574, 19.056900882720946, 18.95920443534851, 19.054822826385497]}