{"ae_train_losses": [77.28646063804626, 44.22723412513733, 37.43556571006775, 32.24947786331177, 29.25042951107025, 26.75430178642273, 25.280990958213806, 24.358266353607178, 23.706947088241577, 23.144628405570984, 22.721948742866516, 22.112385630607605, 21.753430128097534, 21.530313730239868, 21.283143997192383, 21.020236492156982, 21.034615397453308, 20.930986523628235, 20.75535011291504, 20.81083571910858, 20.541913270950317, 20.536398887634277, 20.502352118492126, 20.380505323410034, 20.422357082366943, 20.23884415626526, 20.40740191936493, 20.26682162284851, 20.20291543006897, 20.219003438949585, 20.181013107299805, 20.02825403213501, 19.873769164085388, 19.934385299682617, 20.00136113166809, 19.899934887886047, 19.81711256504059, 19.789469718933105, 19.85568594932556, 19.77177655696869, 19.82516050338745, 19.73489224910736, 19.827492237091064, 19.793517470359802, 19.590779423713684, 19.584738731384277, 19.691088318824768, 19.594849348068237, 19.510722875595093, 19.521273374557495, 19.479569911956787, 19.512340545654297, 19.46449339389801, 19.537753224372864, 19.528052806854248, 19.561291694641113, 19.376595377922058, 19.300297498703003, 19.262924551963806, 19.292903304100037, 19.32418656349182, 19.33221197128296, 19.232892751693726, 19.2936190366745, 19.225974082946777, 19.09050989151001, 19.140477180480957, 19.175700783729553, 19.086392045021057, 19.057487964630127, 19.19131910800934, 18.95758330821991, 19.000620245933533, 19.185073971748352, 19.248149514198303, 19.034132599830627, 19.15353274345398, 19.039677143096924, 18.901411414146423, 18.981457471847534, 18.94266378879547, 19.106448888778687, 18.89269709587097, 18.886146903038025, 18.911989092826843, 18.88754165172577, 18.896852254867554, 18.912229299545288, 18.879692554473877, 18.958510279655457, 18.91255295276642, 18.84586536884308, 18.884896993637085, 18.89608907699585, 18.911046385765076, 18.908116817474365, 18.85345494747162, 18.874227166175842, 18.8279070854187, 18.842722177505493], "ae_eval_losses": [58.250098037719724, 41.14902305603027, 33.762525749206546, 30.088199663162232, 28.707864332199097, 26.095818567276, 24.67530584335327, 24.141225862503052, 23.65943217277527, 22.909414434432982, 22.594272708892824, 22.018960857391356, 21.754158449172973, 21.608436155319215, 21.68941535949707, 21.338569355010986, 21.04510078430176, 20.719494152069093, 20.769417810440064, 21.33008074760437, 20.801144790649413, 20.562019968032835, 20.653544664382935, 20.455523824691774, 20.587297344207762, 20.779968166351317, 20.553278732299805, 20.35679087638855, 20.235762071609496, 20.313141870498658, 20.38020877838135, 20.230060052871703, 20.086472749710083, 20.37920250892639, 20.288787364959717, 20.002838134765625, 20.065035581588745, 19.978961086273195, 19.92770266532898, 19.875289106369017, 19.979203319549562, 20.171327114105225, 20.314902305603027, 20.066273593902586, 19.75500988960266, 19.786375093460084, 19.90422134399414, 20.018336963653564, 19.815717887878417, 19.602603912353516, 19.840387392044068, 19.78371195793152, 19.655523347854615, 20.081776475906373, 19.885006046295167, 19.843503141403197, 19.51437964439392, 19.627247381210328, 19.734740924835204, 19.595871114730834, 19.524007749557494, 19.63077931404114, 19.56726360321045, 19.53123993873596, 19.362158918380736, 19.49776701927185, 19.596939945220946, 19.68073387145996, 19.351245403289795, 19.56527967453003, 19.476511192321777, 19.38285961151123, 19.578228092193605, 19.76056752204895, 19.422910308837892, 19.351491498947144, 19.361186504364014, 19.32259202003479, 19.648475694656373, 19.25395278930664, 19.260742092132567, 19.344343996047975, 19.351439809799196, 19.17213640213013, 19.34535732269287, 19.31124339103699, 19.285748147964476, 19.265348148345947, 19.28193950653076, 19.434447050094604, 19.271763038635253, 19.256983757019043, 19.278463649749757, 19.18450665473938, 19.227120447158814, 19.34431662559509, 19.41898274421692, 19.324775648117065, 19.355282926559447, 19.14835638999939]}