{"ae_train_losses": [128.52392101287842, 91.48139572143555, 71.60327672958374, 54.5156946182251, 49.06380605697632, 46.344675064086914, 43.62978553771973, 42.07186985015869, 40.30742263793945, 38.55193901062012, 36.567851066589355, 34.45722007751465, 32.90741181373596, 31.138315200805664, 30.164157390594482, 29.180305004119873, 28.497881650924683, 27.702330350875854, 27.11500382423401, 26.656293153762817, 26.10718870162964, 25.625439643859863, 25.557126760482788, 25.434463500976562, 25.16021728515625, 25.11977243423462, 25.186082363128662, 24.98372507095337, 24.732312440872192, 24.819785833358765, 24.531699419021606, 24.60920810699463, 24.696410655975342, 24.364970445632935, 24.39603042602539, 24.389087677001953, 24.529584407806396, 24.46761655807495, 24.37016272544861, 24.33340549468994, 24.29395318031311, 24.217649698257446, 23.993786811828613, 24.051993370056152, 24.13078761100769, 24.44390630722046, 24.369747161865234, 24.069712162017822, 24.13983416557312, 24.027103424072266, 24.08946466445923, 23.951573610305786, 23.93062424659729, 23.95103406906128, 24.062321662902832, 24.051456212997437, 24.16098952293396, 24.08616065979004, 23.89687967300415, 23.77547812461853, 23.780423164367676, 23.84972643852234, 23.925929307937622, 23.96147656440735, 23.92181396484375, 23.904239654541016, 23.9295973777771, 23.91403031349182, 23.97434163093567, 23.90130090713501, 23.89552879333496, 23.813842296600342, 23.742365837097168, 23.762413024902344, 23.566149473190308, 23.705218076705933, 23.43022656440735, 23.614519119262695, 23.59103775024414, 23.512207746505737, 23.670692205429077, 23.603626251220703, 23.594022512435913, 23.589770078659058, 23.848800897598267, 23.8391056060791, 23.670265913009644, 23.73875379562378, 23.47625231742859, 23.558584928512573, 23.523228645324707, 23.517083644866943, 23.568660497665405, 23.351644277572632, 23.233304500579834, 23.345973253250122, 23.436060667037964, 23.267582893371582, 23.671369791030884, 23.45211410522461], "ae_eval_losses": [96.64077072143554, 86.45771236419678, 83.30355319976806, 56.911605262756346, 55.562771224975585, 45.89521207809448, 45.07530250549316, 41.45346918106079, 39.71313133239746, 37.14783182144165, 35.14760637283325, 33.28370838165283, 31.543916082382204, 30.44240164756775, 30.185492181777953, 28.547462224960327, 27.813209438323973, 27.38857493400574, 26.739907693862914, 26.365307235717772, 25.79077568054199, 25.50296483039856, 25.408761739730835, 25.136462354660033, 25.24100766181946, 25.486484718322753, 24.98216986656189, 24.66454873085022, 24.76307382583618, 24.739816617965698, 24.85604634284973, 24.47916445732117, 24.31512780189514, 24.414136457443238, 24.348967218399046, 24.508891344070435, 24.679020500183107, 24.301907110214234, 24.268844175338746, 24.412428522109984, 24.1674973487854, 24.172434091567993, 24.337481021881104, 24.29453887939453, 24.492972946166994, 24.32854619026184, 24.22407102584839, 24.16484169960022, 24.530578565597533, 24.134743022918702, 24.11972107887268, 24.029144048690796, 24.035557317733765, 23.91162552833557, 23.856167554855347, 24.5766544342041, 24.256235456466676, 23.86427946090698, 23.92937388420105, 24.0418381690979, 23.723144197463988, 24.01776213645935, 24.052596521377563, 23.782197093963624, 24.041667032241822, 23.936531114578248, 23.91344847679138, 24.075477600097656, 24.001923704147337, 24.03060026168823, 23.864453268051147, 23.759317636489868, 24.128552961349488, 23.90494785308838, 23.61668734550476, 23.681706571578978, 23.777813625335693, 23.613030529022218, 23.913667488098145, 23.71478667259216, 23.63423252105713, 23.746104621887206, 23.98618874549866, 23.72988486289978, 25.865836668014527, 24.435127925872802, 23.697089862823486, 23.743687009811403, 23.716608238220214, 23.64723072052002, 23.599856328964233, 23.469926643371583, 23.512161016464233, 23.47852659225464, 23.51402955055237, 23.44749517440796, 23.501570749282838, 23.773183870315552, 23.596861839294434, 23.451339054107667]}