{"ae_train_losses": [114.97376556396485, 68.65720825195312, 55.659264373779294, 49.62670745849609, 46.11026306152344, 43.30489501953125, 41.63153839111328, 39.309835815429686, 37.897280883789065, 36.593370056152345, 34.79513854980469, 33.73329238891601, 32.72231521606445, 33.582610321044925, 32.493581771850586, 31.918770217895506, 30.842392349243163, 29.315449142456053, 28.25966110229492, 27.445652389526366, 27.525550079345702, 27.10761413574219, 25.801304244995116, 25.92315330505371, 25.381402587890626, 25.226163864135742, 25.34690170288086, 24.99456787109375, 24.66591110229492, 24.621549987792967, 24.547978591918945, 24.432978057861327, 23.95346908569336, 24.313414001464842, 23.76935386657715, 24.036623382568358, 23.605070114135742, 23.775353240966798, 22.76499366760254, 23.423468399047852, 23.023108673095702, 23.14789733886719, 22.588147354125976, 22.70340766906738, 22.632345581054686, 22.451541900634766, 22.191490936279298, 21.798307418823242, 22.35295295715332, 21.854473114013672, 22.53026924133301, 22.60051612854004, 21.73915328979492, 23.159710311889647, 22.371641540527342, 22.791070175170898, 22.643968963623045, 22.405069732666014, 22.32276153564453, 21.913451385498046, 21.997517395019532, 21.009450912475586, 22.378189086914062, 22.112839889526366, 21.93858413696289, 21.503287506103515, 21.4925235748291, 21.69271469116211, 22.284276962280273, 21.560144424438477, 21.283583450317384, 21.330070114135744, 21.388013458251955, 21.524274826049805, 22.130371856689454, 21.22352066040039, 21.339537048339842, 22.480901336669923, 21.961890411376952, 21.2608283996582, 21.200989151000975, 21.63241958618164, 21.34654312133789, 21.94775810241699, 21.5962272644043, 21.59614372253418, 21.53378677368164, 20.917162322998045, 21.59486618041992, 21.528306198120116, 22.145970153808594, 21.586465454101564, 21.44530372619629, 21.53241424560547, 21.346437835693358, 21.072876739501954, 21.196741104125977, 21.193922424316405, 21.180588150024413, 20.73635787963867], "ae_eval_losses": [108.1839506149292, 75.89647388458252, 63.35243921279907, 49.415135288238524, 45.538762187957765, 41.56215181350708, 39.39224643707276, 37.2275276184082, 36.22428436279297, 34.47711963653565, 34.177056312561035, 33.09865255355835, 32.53990259170532, 31.85480728149414, 30.137889862060547, 32.84767513275146, 28.24256067276001, 27.74732913970947, 27.74039216041565, 27.305899238586427, 27.425052070617674, 26.323039865493776, 25.7730459690094, 25.754051828384398, 25.316226863861083, 24.97628402709961, 24.922516965866087, 24.64953498840332, 24.350721883773804, 24.169500637054444, 24.253196430206298, 23.85853033065796, 24.08508982658386, 24.678816509246825, 24.340673637390136, 23.477817344665528, 23.208879518508912, 23.4956223487854, 22.873559999465943, 22.987780046463012, 22.935387468338014, 22.870196628570557, 22.68218379020691, 22.647120237350464, 23.070427227020264, 22.465905904769897, 22.66467390060425, 22.242150163650514, 22.196188020706177, 21.95892753601074, 22.200377035140992, 22.520766162872313, 22.16266770362854, 22.44132466316223, 22.712210035324098, 22.296723651885987, 22.418302011489867, 22.080931520462038, 22.221998691558838, 22.318660926818847, 21.79716749191284, 22.027841901779176, 22.312494659423827, 21.891961765289306, 22.09610586166382, 21.963331556320192, 21.97015447616577, 22.040336227416994, 21.95852150917053, 21.737862014770506, 21.72432894706726, 21.62808427810669, 21.72193603515625, 21.875247764587403, 21.501982164382934, 21.845397901535033, 21.78742027282715, 21.601725625991822, 21.6037486076355, 21.65309166908264, 22.09615592956543, 21.85103006362915, 21.640267372131348, 21.588167476654053, 21.66842393875122, 21.52081456184387, 21.319137239456175, 21.494240045547485, 21.717444562911986, 21.6985125541687, 22.00820860862732, 21.431639528274538, 21.43253049850464, 21.417595958709718, 21.628128385543825, 21.560502099990845, 21.44714488983154, 21.33303647041321, 21.265102052688597, 21.3908230304718]}