{"ae_train_losses": [268.5292663574219, 234.2915802001953, 182.67263793945312, 151.5551300048828, 134.66140747070312, 126.01124572753906, 121.4548568725586, 118.81509399414062, 116.54151916503906, 112.58151245117188, 108.28028869628906, 105.01570892333984, 101.46198272705078, 97.55718231201172, 94.92306518554688, 93.88384246826172, 91.38701629638672, 89.76625061035156, 87.74163818359375, 86.72148132324219, 83.65705871582031, 82.94825744628906, 79.44184112548828, 76.3074722290039, 73.58524322509766, 69.71595764160156, 68.04985809326172, 66.63924407958984, 65.78389739990234, 64.30430603027344, 58.93452835083008, 65.9024429321289, 59.324432373046875, 63.73595428466797, 62.742958068847656, 58.25368118286133, 57.37640380859375, 57.202606201171875, 55.051517486572266, 54.80844497680664, 54.36518478393555, 53.1148681640625, 52.93843460083008, 52.41571044921875, 53.336082458496094, 52.25863265991211, 50.6463508605957, 49.73013687133789, 52.01134490966797, 49.45701599121094, 50.52985763549805, 51.14641571044922, 49.203250885009766, 48.755550384521484, 47.10591506958008, 47.727054595947266, 47.69717788696289, 47.94074249267578, 47.389896392822266, 46.84069061279297, 46.12068176269531, 45.04672622680664, 45.46992874145508, 46.22947692871094, 44.90026092529297, 46.75458526611328, 45.6011848449707, 44.045711517333984, 43.43553161621094, 44.22403335571289, 43.22805404663086, 43.734619140625, 42.83008575439453, 43.59125518798828, 41.578006744384766, 44.675418853759766, 43.28071212768555, 43.08625793457031, 42.48757553100586, 41.58744430541992, 41.32817840576172, 43.69400405883789, 41.43082046508789, 41.74375915527344, 41.33066177368164, 40.761417388916016, 41.60021209716797, 39.60829162597656, 39.643638610839844, 40.30440902709961, 40.869354248046875, 38.77424240112305, 40.04157257080078, 38.68900680541992, 38.07018280029297, 38.158172607421875, 37.129615783691406, 37.66981887817383, 36.45720291137695, 38.3117561340332], "ae_eval_losses": [133.22866859436036, 127.62887744903564, 117.547633934021, 111.78067245483399, 110.22052173614502, 109.23276615142822, 109.01023406982422, 109.05208435058594, 108.78959445953369, 107.16733570098877, 105.22308139801025, 102.89816856384277, 100.90879745483399, 98.86851139068604, 97.25200424194335, 96.35494213104248, 94.55122909545898, 93.02780990600586, 91.83655109405518, 91.53336067199707, 92.23387966156005, 90.1392141342163, 87.19302177429199, 86.46282386779785, 82.87842254638672, 79.54405879974365, 79.95994148254394, 81.047483253479, 73.4349401473999, 65.79841394424439, 67.99747695922852, 59.95897283554077, 62.93195104598999, 63.84264278411865, 59.034951496124265, 55.65545024871826, 55.577517127990724, 58.17556352615357, 61.55308961868286, 61.477722358703616, 58.736931037902835, 57.34621238708496, 58.048480701446536, 58.58331718444824, 56.82130126953125, 53.121999454498294, 50.32002601623535, 49.897381496429446, 52.07427015304565, 53.58387250900269, 52.012763023376465, 49.32108039855957, 46.75411434173584, 47.029196643829344, 48.11964483261109, 49.70270195007324, 50.388746070861814, 49.40946989059448, 48.28195695877075, 47.319788455963135, 46.62410116195679, 47.31584453582764, 47.241743087768555, 47.86645088195801, 47.82520627975464, 47.587856483459475, 46.599792861938475, 45.67056503295898, 44.92283735275269, 45.21014394760132, 46.451837825775144, 45.79909210205078, 45.280493068695066, 43.62034387588501, 42.74294853210449, 43.697332572937015, 45.074395179748535, 44.50202493667602, 43.234913158416745, 42.25534210205078, 41.929079246521, 42.62565336227417, 43.798978614807126, 43.65312566757202, 42.69236345291138, 41.659250259399414, 41.35162534713745, 41.63884267807007, 43.1053409576416, 43.18116474151611, 41.573750495910645, 40.20684080123901, 39.6784255027771, 39.33689699172974, 38.93998146057129, 39.46040287017822, 39.8425199508667, 39.55204391479492, 39.22908611297608, 38.776674842834474]}