{"ae_train_losses": [187.1024169921875, 226.84542846679688, 184.7825927734375, 149.4295654296875, 129.2560272216797, 110.85450744628906, 104.84335327148438, 102.77009582519531, 101.94021606445312, 100.51647186279297, 98.98817443847656, 97.89921569824219, 96.96886444091797, 96.09880828857422, 94.73316192626953, 92.19804382324219, 90.77159881591797, 87.67595672607422, 86.29088592529297, 84.48263549804688, 81.0567398071289, 78.92547607421875, 76.11766052246094, 74.61875915527344, 70.7911376953125, 68.99598693847656, 66.33995056152344, 62.33149719238281, 60.03356170654297, 59.32022476196289, 57.64160919189453, 56.97541046142578, 55.17789840698242, 55.71074676513672, 53.35060501098633, 52.383113861083984, 51.37699508666992, 51.96004867553711, 50.72380447387695, 51.283203125, 49.480648040771484, 48.59215545654297, 47.681785583496094, 47.39094161987305, 47.013427734375, 48.06614303588867, 46.43901824951172, 46.96422576904297, 46.439247131347656, 46.369266510009766, 45.45628356933594, 45.73799514770508, 45.082088470458984, 45.00300216674805, 44.96541213989258, 44.28421401977539, 44.77412414550781, 45.08210754394531, 43.86900329589844, 43.336917877197266, 43.04042053222656, 43.09535598754883, 42.26636505126953, 42.889705657958984, 42.41382598876953, 42.332069396972656, 41.74683380126953, 41.235862731933594, 41.86528396606445, 42.62187576293945, 41.78291320800781, 41.427616119384766, 40.73958969116211, 40.994346618652344, 40.47440719604492, 40.30862808227539, 39.89669418334961, 39.52652359008789, 38.78725051879883, 39.65350341796875, 39.1547737121582, 38.86947250366211, 37.90925216674805, 38.9605712890625, 37.63920211791992, 38.18720245361328, 36.84393310546875, 37.5453987121582, 38.09440231323242, 35.961082458496094, 36.581790924072266, 36.293357849121094, 35.81825256347656, 35.69485855102539, 35.90464782714844, 36.704769134521484, 35.0594367980957, 35.772525787353516, 34.913169860839844, 34.9623908996582], "ae_eval_losses": [118.5661407470703, 135.3907543182373, 128.0295820236206, 120.57670059204102, 108.12168388366699, 100.3906930923462, 97.82387218475341, 97.29482727050781, 97.05032253265381, 96.61891613006591, 96.35141525268554, 96.17556953430176, 95.93650798797607, 95.16207675933838, 93.96451034545899, 92.37438278198242, 90.93462333679199, 88.4546127319336, 85.97321128845215, 83.61324787139893, 81.6180025100708, 79.76253681182861, 77.63370265960694, 75.79220352172851, 73.62909488677978, 71.10835056304931, 68.83897132873535, 64.69097728729248, 61.82011919021606, 59.158066272735596, 56.21130075454712, 56.07477102279663, 55.619210720062256, 52.725220680236816, 52.10132894515991, 50.760081100463864, 51.29111757278442, 50.24743204116821, 49.92145986557007, 49.70803604125977, 48.7425311088562, 48.163380241394044, 48.31507425308227, 49.017609691619874, 48.65435523986817, 49.06596984863281, 48.21881818771362, 47.742147827148436, 48.05126543045044, 48.799005126953126, 47.94073400497437, 47.79321699142456, 46.54604520797729, 45.93568725585938, 45.46792097091675, 45.66682348251343, 46.217990493774415, 46.41460084915161, 45.61088056564331, 44.61133880615235, 44.085091495513915, 44.406653785705565, 44.42216281890869, 44.118209266662596, 43.19105548858643, 42.92130174636841, 43.24952793121338, 42.996486568450926, 43.29408121109009, 42.58640632629395, 42.01292028427124, 41.97894124984741, 42.55446166992188, 42.32711725234985, 42.30061569213867, 41.87627410888672, 41.14857950210571, 40.84297122955322, 40.84710464477539, 40.693894958496095, 40.76570644378662, 40.17126722335816, 39.97683019638062, 39.738669872283936, 39.461819648742676, 39.81883172988891, 40.12916011810303, 39.23797235488892, 39.05150766372681, 39.09749412536621, 38.8292914390564, 38.65847806930542, 38.39636421203613, 38.07868270874023, 38.013388347625735, 37.75586280822754, 38.236503791809085, 37.8725025177002, 37.35943050384522, 37.22302923202515]}