{"ae_train_losses": [157.46360874176025, 103.18434047698975, 86.19936561584473, 62.1142840385437, 53.873103618621826, 50.3075385093689, 48.888585567474365, 47.226518630981445, 45.28142261505127, 43.98506212234497, 42.457247257232666, 41.36650371551514, 39.76572227478027, 37.93827676773071, 36.04439449310303, 34.19308519363403, 32.6119282245636, 31.590429544448853, 30.764350652694702, 30.140580415725708, 29.40583825111389, 28.676822900772095, 28.169604539871216, 27.554535388946533, 27.164607763290405, 27.0599308013916, 26.76449489593506, 26.49697780609131, 26.32095718383789, 26.108447551727295, 25.89234948158264, 25.788877248764038, 25.673675298690796, 25.779173851013184, 25.83392095565796, 25.481972694396973, 25.11475944519043, 25.19085717201233, 25.021517515182495, 25.14060926437378, 24.878419399261475, 25.018061637878418, 24.9242000579834, 24.853393077850342, 24.826876640319824, 24.775559186935425, 24.727840423583984, 24.562546014785767, 24.558634757995605, 24.564987421035767, 24.470736026763916, 24.36513090133667, 24.41691780090332, 24.605401277542114, 24.38270616531372, 24.52622628211975, 24.50368332862854, 24.426944971084595, 24.362242698669434, 24.267475605010986, 24.50128936767578, 24.27474093437195, 24.30326557159424, 24.250877618789673, 24.166346073150635, 24.17788290977478, 24.155873775482178, 24.1698956489563, 24.136842250823975, 24.308019161224365, 24.133367776870728, 24.032559394836426, 23.950300693511963, 24.047389268875122, 24.18056344985962, 23.94575333595276, 24.122277975082397, 23.952526092529297, 23.88709592819214, 23.98971652984619, 23.90802574157715, 23.98168444633484, 24.21150040626526, 24.054372549057007, 24.287577152252197, 23.949580669403076, 23.782851696014404, 23.91766881942749, 23.927775621414185, 23.863545417785645, 23.821324825286865, 23.68089723587036, 23.897194385528564, 23.92130708694458, 23.905994653701782, 23.938019514083862, 24.094825267791748, 23.85048007965088, 23.866055488586426, 23.650516033172607], "ae_eval_losses": [108.40489654541015, 99.6666971206665, 89.70848751068115, 63.7414008140564, 55.841869068145755, 47.62565898895264, 53.71488618850708, 43.17613382339478, 44.818789672851565, 42.59571990966797, 43.02633695602417, 43.77793674468994, 38.84359102249145, 37.058482837677005, 35.37540454864502, 33.39812259674072, 32.38760161399841, 31.65333914756775, 30.565257501602172, 29.64204421043396, 29.114879369735718, 28.475292205810547, 27.995018625259398, 27.332422924041747, 27.144073677062988, 27.229501056671143, 26.596328687667846, 26.492600393295287, 26.397112989425658, 25.95296530723572, 25.807840967178343, 25.89140729904175, 25.901943969726563, 26.179369354248045, 25.376075315475465, 25.28087649345398, 25.031619596481324, 24.881382846832274, 25.152961111068727, 25.353146505355834, 24.92151312828064, 24.900185585021973, 24.79798288345337, 24.709742927551268, 24.942293882369995, 24.677994585037233, 24.58327431678772, 24.72148208618164, 24.561542320251466, 25.037955045700073, 24.400458431243898, 24.34771661758423, 24.52358732223511, 24.40088152885437, 24.71380925178528, 25.01240653991699, 24.481504964828492, 24.334077262878417, 24.366618967056276, 24.42614641189575, 24.239430713653565, 24.267788648605347, 24.43914051055908, 24.446956157684326, 24.23879952430725, 24.558104467391967, 24.125327634811402, 23.94285101890564, 24.736875534057617, 24.275481605529784, 23.89299817085266, 24.292047834396364, 24.187349033355712, 23.98263087272644, 24.23630051612854, 24.28913974761963, 23.878647661209108, 23.91458749771118, 23.935781812667848, 24.064505910873415, 24.26816806793213, 24.294468069076537, 25.165389728546142, 24.856242179870605, 24.290171718597414, 23.896414852142335, 23.870342445373534, 24.029952001571655, 24.132560110092165, 23.859714603424074, 23.943134450912474, 23.724143552780152, 24.56594967842102, 23.847761726379396, 23.986104917526244, 24.19105534553528, 23.870405530929567, 24.024698543548585, 23.763537883758545, 23.65031056404114]}