{"ae_train_losses": [148.52050590515137, 65.72996020317078, 54.27897357940674, 49.08170199394226, 45.45263051986694, 41.51524615287781, 37.04713726043701, 34.37166142463684, 33.09645938873291, 31.608463883399963, 30.500532746315002, 29.586804747581482, 28.7336505651474, 28.338505268096924, 27.86397099494934, 27.27495837211609, 27.124951601028442, 26.58819854259491, 26.20391583442688, 25.971259832382202, 25.854426383972168, 25.71060335636139, 25.68449592590332, 25.37692439556122, 25.103573083877563, 24.89812982082367, 24.772463083267212, 24.759507060050964, 24.535680651664734, 24.512679934501648, 24.48529577255249, 24.426934599876404, 24.29416310787201, 24.431705355644226, 24.10428750514984, 24.209223985671997, 24.14011573791504, 24.0218608379364, 24.115596294403076, 24.062746047973633, 24.102333426475525, 24.10845911502838, 23.923133850097656, 23.974486112594604, 23.83481478691101, 24.03186786174774, 24.094595551490784, 24.07501745223999, 24.030835270881653, 23.998966097831726, 23.642377614974976, 23.688401699066162, 23.804711937904358, 23.719855666160583, 23.84870970249176, 23.860150456428528, 23.769354701042175, 23.698330760002136, 23.984906554222107, 24.3836749792099, 24.063432455062866, 23.96364712715149, 23.839012026786804, 23.792898654937744, 23.72891664505005, 23.766281008720398, 23.596625208854675, 23.655352354049683, 23.65316939353943, 23.41912817955017, 23.49012327194214, 23.46828842163086, 23.60117757320404, 23.461236834526062, 23.414530873298645, 23.340990900993347, 23.395532250404358, 23.34499752521515, 23.213465571403503, 23.447367548942566, 23.34317684173584, 23.39691662788391, 23.44394290447235, 23.248480677604675, 23.180598616600037, 23.324799418449402, 23.195659279823303, 23.12575328350067, 23.25010573863983, 23.04996645450592, 23.213385939598083, 23.1020188331604, 23.241170167922974, 23.231000542640686, 23.206421852111816, 23.05746018886566, 23.063761711120605, 23.446712970733643, 23.295971155166626, 23.315295457839966], "ae_eval_losses": [112.6727741241455, 68.3686658859253, 51.73778066635132, 47.79568395614624, 49.30292139053345, 41.19353799819946, 36.71045541763306, 34.57175273895264, 32.89498205184937, 31.171755075454712, 30.005143642425537, 29.579323863983156, 29.06545033454895, 28.083349752426148, 27.668403577804565, 27.071986436843872, 27.01190891265869, 26.392346715927125, 26.28886423110962, 26.324300527572632, 26.151199674606325, 26.326698970794677, 25.62238645553589, 25.480057096481325, 25.146754646301268, 24.93596124649048, 24.903288698196413, 24.729571676254274, 25.180924224853516, 24.507537651062012, 24.45846481323242, 24.49049906730652, 24.39997787475586, 24.46764531135559, 24.229739570617674, 24.400261545181273, 24.303214883804323, 24.128968715667725, 24.44494762420654, 24.243037939071655, 23.872108745574952, 24.151799488067628, 24.056271743774413, 23.952835464477538, 23.933735418319703, 24.38558602333069, 24.19745044708252, 23.98396463394165, 24.415789365768433, 23.89547085762024, 23.83761396408081, 23.77882742881775, 23.711796236038207, 23.550873899459837, 23.734898853302003, 24.02968192100525, 23.885500144958495, 23.945094633102418, 35.66991014480591, 24.30008463859558, 23.934225702285765, 24.059451055526733, 23.938107299804688, 23.644344663619997, 24.035278844833375, 24.002018165588378, 23.720167684555054, 23.8039662361145, 23.719155406951906, 23.524475812911987, 23.62134108543396, 23.506001424789428, 23.591430997848512, 23.477510929107666, 23.288850593566895, 23.559008598327637, 23.321124267578124, 23.424560260772704, 23.4035183429718, 23.309686136245727, 23.390836906433105, 23.296063041687013, 23.304193544387818, 23.341122674942017, 23.248174476623536, 23.29501485824585, 23.386104249954222, 23.26900668144226, 23.33682894706726, 23.27946810722351, 23.28444905281067, 23.210693073272704, 23.263967657089232, 23.223509740829467, 22.99464545249939, 23.194740533828735, 23.195755386352538, 24.006529378890992, 23.467239093780517, 23.54764323234558]}