{"ae_train_losses": [146.91400909423828, 107.2094741821289, 95.25035705566407, 82.93713836669922, 72.23888244628907, 59.94658660888672, 54.74478988647461, 52.29583892822266, 50.92188186645508, 49.71533355712891, 48.11402282714844, 48.0303596496582, 45.94251327514648, 44.43769073486328, 44.12761306762695, 42.468597412109375, 42.31239318847656, 41.68139572143555, 40.2307746887207, 37.83627471923828, 38.17141342163086, 37.196630859375, 37.65298919677734, 35.771357727050784, 34.4436653137207, 33.28393783569336, 32.412824630737305, 31.643402099609375, 31.506933975219727, 30.81802444458008, 31.231010055541994, 30.004275512695312, 28.688043212890626, 28.81984748840332, 28.066714096069337, 27.973696899414062, 28.500743103027343, 27.719821548461915, 27.49754753112793, 27.649319458007813, 27.09040298461914, 26.695012664794923, 26.362487030029296, 26.121100616455077, 26.258224487304688, 26.1036678314209, 26.115362548828124, 26.334260559082033, 26.430289459228515, 26.366487503051758, 26.131943130493163, 26.0800048828125, 25.267720031738282, 27.0711669921875, 26.868734741210936, 27.439998626708984, 26.564735412597656, 26.804780960083008, 26.47714729309082, 26.044401550292967, 25.771853637695312, 25.177602005004882, 26.220344924926756, 25.712519073486327, 26.201595306396484, 24.956074905395507, 25.20603256225586, 25.310195541381837, 26.386802673339844, 26.007732009887697, 25.3055850982666, 25.245184326171874, 25.4856201171875, 26.189783096313477, 25.68958435058594, 25.91278419494629, 25.661935806274414, 26.573595809936524, 26.089945602416993, 25.238937377929688, 25.34718246459961, 25.745163345336913, 25.507937240600587, 26.19110221862793, 25.61097106933594, 25.89005470275879, 26.345955276489256, 25.319576263427734, 25.812588119506835, 25.921437454223632, 25.46992073059082, 25.109379959106445, 25.583820343017578, 25.52668914794922, 25.158730697631835, 24.783595275878906, 25.20998764038086, 25.15327033996582, 25.831206130981446, 24.97337875366211], "ae_eval_losses": [103.36239337921143, 101.18085613250733, 89.66376934051513, 85.17938346862793, 88.8014783859253, 62.61916007995605, 65.06320066452027, 59.62370853424072, 55.34753341674805, 48.45594120025635, 51.63548994064331, 51.102957248687744, 51.57027425765991, 50.41431713104248, 49.85217885971069, 46.40443258285522, 43.915625762939456, 39.79281282424927, 38.42180709838867, 37.25854482650757, 38.0146203994751, 38.593074321746826, 33.374511575698854, 35.04274225234985, 33.17514910697937, 31.905268812179564, 31.64454803466797, 29.98652114868164, 30.40797905921936, 31.62772731781006, 29.23132667541504, 29.977494335174562, 28.36157855987549, 28.04933371543884, 28.47582507133484, 27.963090944290162, 27.539233207702637, 27.44983901977539, 26.865344858169557, 26.69740037918091, 26.48523144721985, 26.384476518630983, 26.41781449317932, 26.97131452560425, 26.07966284751892, 25.893763542175293, 26.306725597381593, 26.217472124099732, 26.046056842803956, 26.07820086479187, 25.73409848213196, 25.949920225143433, 25.901449394226074, 26.340669250488283, 26.43183879852295, 26.299579000473024, 26.49896459579468, 26.061060428619385, 25.663678550720213, 25.75017442703247, 25.572393703460694, 25.89774098396301, 26.03126392364502, 25.862034940719603, 25.43030972480774, 25.324478435516358, 25.54554681777954, 25.61635684967041, 26.302293634414674, 25.604072904586793, 25.760925340652467, 25.971001291275023, 26.294332695007324, 25.351075983047487, 25.582533740997313, 25.6030921459198, 25.260538005828856, 25.209788513183593, 25.33350248336792, 25.206192874908446, 25.586934757232665, 25.292131471633912, 25.63219361305237, 25.57204647064209, 25.596331548690795, 25.1233350276947, 25.354675006866454, 25.283453226089478, 25.110777759552, 25.363464260101317, 24.987065505981445, 25.083966493606567, 24.94420886039734, 25.16341028213501, 25.006479740142822, 24.78230400085449, 24.801842164993285, 24.86703190803528, 25.045170545578003, 24.845278835296632]}