{"ae_train_losses": [157.99372100830078, 109.2081085205078, 98.50110168457032, 82.80416412353516, 71.04734497070312, 60.0244644165039, 53.77182846069336, 53.03810119628906, 51.15108108520508, 48.77198104858398, 48.50533828735352, 47.146881866455075, 45.88384475708008, 44.0677734375, 45.37737884521484, 44.91304473876953, 43.37848587036133, 41.45292205810547, 40.39351959228516, 40.94911346435547, 39.4196060180664, 38.97502975463867, 37.22005386352539, 36.403384399414065, 35.29468994140625, 34.20422134399414, 33.317929077148435, 32.389496612548825, 30.85606460571289, 30.622739791870117, 30.250801849365235, 30.366674423217773, 29.94252815246582, 30.044465637207033, 28.984232711791993, 28.42065887451172, 28.578045272827147, 28.010256576538087, 27.722552490234374, 28.16327362060547, 28.721846771240234, 27.58682975769043, 27.297055816650392, 28.322302627563477, 26.986173248291017, 27.046349716186523, 26.432020568847655, 26.798808670043947, 27.081732177734374, 26.742577743530273, 27.021722412109376, 27.454224395751954, 26.586172103881836, 26.115742492675782, 26.22597312927246, 25.883831405639647, 26.185610961914062, 26.49015998840332, 26.371436309814452, 26.394590377807617, 25.95093231201172, 25.88759422302246, 26.461276245117187, 26.63999786376953, 25.78452377319336, 26.03378791809082, 25.813947677612305, 25.789974212646484, 25.448764419555665, 26.34902572631836, 25.84919204711914, 25.21265525817871, 25.561741638183594, 26.082234573364257, 25.972645950317382, 26.333489990234376, 25.35221138000488, 26.03900566101074, 25.06747055053711, 25.199809265136718, 25.139244079589844, 25.1095329284668, 25.86806755065918, 26.03142395019531, 25.807954788208008, 25.49596252441406, 25.72114791870117, 25.53290214538574, 25.963605880737305, 25.26134262084961, 25.54859733581543, 25.417080307006835, 26.014014053344727, 25.101343154907227, 25.25184783935547, 24.761542129516602, 25.5592098236084, 24.712385177612305, 24.98492088317871, 26.02841567993164], "ae_eval_losses": [109.92735290527344, 106.02553081512451, 100.1380578994751, 105.32892799377441, 81.90648498535157, 65.47852067947387, 61.13070001602173, 61.90073404312134, 51.340337657928465, 46.335045433044435, 48.63142318725586, 42.99786500930786, 44.30617036819458, 51.22386827468872, 45.4560450553894, 46.09143381118774, 43.8801495552063, 41.62885780334473, 40.54623012542724, 40.317434787750244, 38.10438718795776, 40.10420188903809, 37.81503038406372, 35.87186946868896, 39.62669229507446, 35.98316631317139, 32.389493799209596, 32.376625061035156, 31.50667471885681, 30.624153280258177, 30.296799898147583, 29.442796754837037, 28.818335914611815, 29.24661545753479, 28.82546510696411, 28.589675188064575, 28.41617383956909, 27.61999158859253, 27.818656730651856, 27.601296949386597, 27.285613489151, 28.05917353630066, 27.94726390838623, 27.87258949279785, 27.364552974700928, 27.36034173965454, 26.998060846328734, 26.74748158454895, 27.261418724060057, 26.88717703819275, 26.971878719329833, 27.083244419097902, 26.669799184799196, 26.77719326019287, 26.158749198913576, 26.036045646667482, 26.932275199890135, 27.076184511184692, 26.823965501785278, 26.902434158325196, 26.479606103897094, 26.658024740219116, 26.279634475708008, 26.460576248168945, 26.232153844833373, 26.068500804901124, 26.205161619186402, 26.171535682678222, 26.191637897491454, 25.666478300094603, 26.178819990158082, 26.34416608810425, 26.01241593360901, 25.89883508682251, 25.6688440322876, 25.506607913970946, 25.341533422470093, 25.18294253349304, 25.78487334251404, 25.945821905136107, 25.451453685760498, 25.231654596328735, 25.31542158126831, 25.456248092651368, 25.320979404449464, 25.786691856384277, 25.51577458381653, 26.35042233467102, 25.50765542984009, 25.423994398117067, 26.087951612472533, 26.99369258880615, 25.400279760360718, 25.32285213470459, 24.916257333755492, 24.994480991363524, 24.92938275337219, 24.951357746124266, 24.732001066207886, 24.777362632751466]}