{"ae_train_losses": [122.17197895050049, 62.7280216217041, 51.106237173080444, 47.34494972229004, 45.31655693054199, 42.38599181175232, 39.935927391052246, 36.619844913482666, 33.35803270339966, 30.82003939151764, 29.491036295890808, 28.2434583902359, 27.642919898033142, 27.113651275634766, 26.706593871116638, 26.139166474342346, 25.606314778327942, 25.474918961524963, 25.198180079460144, 24.953540921211243, 24.910372138023376, 24.69466257095337, 24.636365056037903, 24.503204226493835, 24.50636577606201, 24.388810634613037, 24.42770230770111, 24.399389386177063, 24.21578347682953, 24.21371042728424, 24.370200753211975, 24.328662276268005, 24.245882511138916, 24.128347992897034, 24.142395496368408, 23.97012746334076, 23.977445125579834, 23.95776355266571, 23.937111616134644, 24.0164315700531, 23.804054498672485, 24.018059253692627, 23.782023787498474, 23.746941328048706, 23.92817509174347, 23.839234828948975, 23.808687448501587, 23.782909512519836, 23.873652458190918, 23.666693329811096, 23.695333003997803, 23.773364901542664, 23.591309905052185, 23.650043606758118, 23.685874104499817, 23.62638747692108, 23.580459713935852, 23.50302803516388, 23.682530283927917, 23.723552942276, 23.58987534046173, 23.421658515930176, 23.518818378448486, 23.507450580596924, 23.403949856758118, 23.4795960187912, 23.431795477867126, 23.339060425758362, 23.484987258911133, 23.393959760665894, 23.340977787971497, 23.38173997402191, 23.172713041305542, 23.340137124061584, 23.290414571762085, 23.192794680595398, 23.214903116226196, 23.148305296897888, 23.304876804351807, 23.151721596717834, 23.196897387504578, 23.17960250377655, 23.23409152030945, 23.133737325668335, 22.98827624320984, 23.17902112007141, 23.10523498058319, 23.163275957107544, 23.171358942985535, 23.138168692588806, 23.121102809906006, 23.151609182357788, 23.17577636241913, 22.991146683692932, 23.170393347740173, 22.98833966255188, 23.010854601860046, 23.049396753311157, 23.043480157852173, 23.045998454093933], "ae_eval_losses": [97.8340986251831, 59.37697124481201, 48.38022890090942, 51.61462917327881, 42.90480108261109, 40.54873046875, 38.4535626411438, 35.35855846405029, 31.62799725532532, 30.673899030685426, 28.95778532028198, 27.922850036621092, 27.428118228912354, 26.881044340133666, 26.241373586654664, 25.804112195968628, 25.440571737289428, 25.222994089126587, 25.037414455413817, 24.83827543258667, 24.751245260238647, 24.65787081718445, 24.448508739471436, 24.56334614753723, 24.30750298500061, 24.517772245407105, 24.549461841583252, 24.113289022445677, 24.15374150276184, 24.780792427062988, 24.23998384475708, 24.882339429855346, 24.094971084594725, 24.089212131500243, 24.042306184768677, 24.390110969543457, 24.085868644714356, 24.24104380607605, 23.729419803619386, 23.80874538421631, 24.313166427612305, 23.80943989753723, 23.679973459243776, 23.80368857383728, 23.538428497314452, 23.868199348449707, 25.572328662872316, 23.786115407943726, 23.586535215377808, 23.695410108566286, 23.691248846054076, 23.787527990341186, 23.68447995185852, 23.602975273132323, 23.709946203231812, 23.550339794158937, 23.767634248733522, 23.41202597618103, 25.402116203308104, 23.631193113327026, 23.586604499816893, 23.499739933013917, 23.7273446559906, 23.43590874671936, 23.264481401443483, 23.506340312957764, 23.3979398727417, 23.300205516815186, 23.316539001464843, 23.323079967498778, 23.29085068702698, 23.209852313995363, 24.057003450393676, 23.22517008781433, 23.14988136291504, 23.70986466407776, 23.24206371307373, 23.298480558395386, 23.21152009963989, 23.19342384338379, 23.288438653945924, 23.08066439628601, 23.225395011901856, 23.05003137588501, 23.06079797744751, 23.01307096481323, 23.236957216262816, 23.27709045410156, 23.421771240234374, 23.370390462875367, 23.170523500442506, 23.13972125053406, 23.107232522964477, 23.03891224861145, 23.080090761184692, 23.075902462005615, 23.033690309524538, 23.019384384155273, 22.980220603942872, 23.037161207199098]}