{"ae_train_losses": [120.04903650283813, 66.5879955291748, 50.64355659484863, 47.093138456344604, 45.83238101005554, 46.12837862968445, 39.17913818359375, 34.15252614021301, 30.653051137924194, 28.57112979888916, 27.51644539833069, 26.671940803527832, 25.85475492477417, 25.51920235157013, 25.343124389648438, 25.08702254295349, 24.729504346847534, 24.69793939590454, 24.706878185272217, 24.581064224243164, 24.48801290988922, 24.63069522380829, 24.48422658443451, 24.301488399505615, 24.252047061920166, 24.175101041793823, 24.233402013778687, 24.150590300559998, 24.112866044044495, 24.021709084510803, 24.16061496734619, 24.122154712677002, 23.968695282936096, 23.981324315071106, 23.905040860176086, 24.05208957195282, 23.875611543655396, 23.728076577186584, 23.910152554512024, 23.920676589012146, 23.784516215324402, 23.80428183078766, 23.809679627418518, 23.82213580608368, 23.843980312347412, 23.611207842826843, 23.68019199371338, 23.67145025730133, 23.653995275497437, 23.58974575996399, 23.577597618103027, 23.538168907165527, 23.482505798339844, 23.489442825317383, 23.577364444732666, 23.327855706214905, 23.35779643058777, 23.540818214416504, 23.49249529838562, 23.544078707695007, 23.467827320098877, 23.3158460855484, 23.393476128578186, 23.42310929298401, 23.244850873947144, 23.274177193641663, 23.28087306022644, 23.276766300201416, 23.348094701766968, 23.251222133636475, 23.27227008342743, 23.20517122745514, 23.177137851715088, 23.18451452255249, 23.089038014411926, 23.007453203201294, 23.190943121910095, 22.894883155822754, 22.997599720954895, 22.849040389060974, 22.75416851043701, 22.80090594291687, 22.855372667312622, 22.725936770439148, 22.698127031326294, 22.720664501190186, 22.5844966173172, 22.60318613052368, 22.563499689102173, 22.619433522224426, 22.69545876979828, 22.343340396881104, 22.471697688102722, 22.514654994010925, 22.36503028869629, 22.394882440567017, 22.337820768356323, 22.2220356464386, 21.998211979866028, 22.093045353889465], "ae_eval_losses": [99.75574436187745, 64.85887079238891, 47.45090131759643, 51.71982431411743, 40.895376968383786, 44.54888544082642, 35.82796077728271, 32.161607122421266, 29.840867614746095, 27.888848543167114, 27.14884247779846, 26.294493246078492, 25.81427183151245, 25.478616762161256, 25.399872016906738, 24.803867626190186, 24.63028688430786, 24.650243997573853, 24.53803210258484, 24.567370700836182, 24.50334620475769, 24.292691373825072, 24.461878871917726, 24.409970092773438, 24.09125385284424, 24.325291013717653, 24.028516387939455, 24.097849082946777, 23.92161068916321, 24.335423469543457, 24.289770936965944, 24.134263801574708, 23.724787139892577, 24.019920301437377, 24.043984508514406, 24.288577175140382, 23.84229278564453, 24.055923414230346, 23.732960653305053, 23.9118700504303, 24.29032669067383, 23.677414751052858, 23.849548244476317, 23.84216151237488, 23.519180870056154, 23.89425687789917, 23.80617251396179, 23.871804094314577, 23.59720649719238, 23.45680522918701, 23.68764982223511, 23.75783700942993, 23.267437839508055, 23.430733966827393, 23.34821343421936, 23.47615146636963, 23.791626310348512, 23.41108841896057, 24.227533483505248, 23.519521236419678, 23.422375774383546, 23.544042444229127, 23.383944082260133, 23.391044569015502, 23.21886839866638, 23.308944368362425, 23.244810104370117, 23.188958168029785, 23.26656541824341, 23.226128673553468, 23.147661256790162, 23.70451169013977, 23.199790382385252, 23.063282632827757, 23.137605142593383, 24.276845741271973, 23.083037328720092, 23.08232936859131, 22.983542346954344, 22.811211347579956, 22.80913872718811, 22.661673974990844, 22.64826464653015, 22.70631685256958, 22.698291873931886, 22.80471987724304, 22.644640111923216, 22.591977643966676, 22.822721481323242, 22.61345977783203, 22.60569257736206, 22.38911337852478, 22.483243227005005, 22.417796754837035, 22.28334770202637, 22.453786420822144, 22.265201330184937, 22.172789430618288, 22.165569829940797, 22.02261209487915]}