{"ae_train_losses": [143.91442413330077, 110.63292694091797, 100.90636901855468, 84.42152252197266, 68.43277740478516, 59.5994155883789, 53.60864944458008, 52.068896484375, 50.43952865600586, 48.19648208618164, 47.870172119140626, 46.810638427734375, 45.06508026123047, 43.10618286132812, 44.21071929931641, 41.85710220336914, 40.950155639648436, 39.69643020629883, 37.52349090576172, 37.47291717529297, 36.005611419677734, 35.62150573730469, 34.7772720336914, 33.60441207885742, 33.22371215820313, 32.62512969970703, 31.773862838745117, 30.901975250244142, 31.375196838378905, 30.150397109985352, 29.9551513671875, 30.23801383972168, 29.389824676513673, 29.17446517944336, 28.506557083129884, 27.731765747070312, 27.813351440429688, 27.772636795043944, 27.419868087768556, 27.62049980163574, 27.94003791809082, 27.007386016845704, 27.0564826965332, 27.24314651489258, 27.460347747802736, 26.7962947845459, 26.3815185546875, 26.045640563964845, 26.139869689941406, 26.304752349853516, 27.11858139038086, 27.005550384521484, 25.621827697753908, 25.265287399291992, 25.015703201293945, 25.783737182617188, 25.350324630737305, 25.6973518371582, 25.31349449157715, 24.96935157775879, 24.84616584777832, 25.12908020019531, 24.773830795288085, 25.61086311340332, 25.19782257080078, 25.15588836669922, 24.97357940673828, 25.084501647949217, 24.50552444458008, 25.475424194335936, 25.031848907470703, 24.62099266052246, 24.919907760620116, 24.836737060546874, 24.692347717285156, 25.229551696777342, 24.472595977783204, 25.123651885986327, 25.214287948608398, 25.20618438720703, 24.867630767822266, 25.120908737182617, 25.26459846496582, 24.857723999023438, 24.559071350097657, 24.491814422607423, 24.158282470703124, 24.740580368041993, 24.842539596557618, 24.356582260131837, 24.67925453186035, 24.54193992614746, 24.564073944091795, 24.51082992553711, 24.302073287963868, 24.661779403686523, 24.871484375, 23.72089500427246, 24.19488945007324, 24.82446746826172], "ae_eval_losses": [122.46430416107178, 109.5201551437378, 99.79787101745606, 110.93914642333985, 86.61650485992432, 73.03246669769287, 82.79222736358642, 59.00279588699341, 71.15245475769044, 51.01315174102783, 49.21572923660278, 48.276290607452395, 46.2384388923645, 49.909099674224855, 43.56011409759522, 47.983109855651854, 39.384933662414554, 41.51803216934204, 39.673607444763185, 37.48425607681274, 39.19280481338501, 35.39350786209106, 35.76894817352295, 33.94656391143799, 33.044783973693846, 32.52941632270813, 30.968721294403075, 31.551028347015382, 30.407154655456544, 30.58768424987793, 29.133045387268066, 28.797684335708617, 28.18395471572876, 28.32586579322815, 28.082418155670165, 27.846717596054077, 27.535284948349, 27.319217681884766, 27.751907205581666, 27.546237850189208, 27.32472906112671, 26.865756607055665, 26.372130489349367, 27.612991619110108, 26.766503763198852, 26.803286218643187, 25.919482612609862, 26.03547625541687, 26.34794044494629, 27.099022102355956, 26.04953212738037, 26.42660059928894, 26.00316767692566, 25.67057490348816, 25.67883458137512, 26.028869581222533, 25.655590438842772, 25.36849718093872, 25.40758147239685, 25.123388910293578, 25.214595079421997, 24.959037637710573, 24.918424463272096, 25.522963285446167, 25.10102310180664, 24.89484872817993, 24.990707206726075, 24.91617660522461, 24.75301561355591, 24.6478187084198, 24.89424114227295, 24.708508253097534, 24.64613070487976, 24.436904001235963, 24.532551431655882, 25.010071277618408, 24.665375471115112, 24.948681592941284, 25.036525917053222, 24.918764781951904, 25.180866718292236, 24.716839170455934, 25.022562646865843, 24.519645071029665, 24.557500457763673, 24.358430290222167, 24.469712209701537, 24.36298508644104, 24.406944227218627, 24.369973945617676, 24.708185958862305, 24.431026458740234, 24.244468402862548, 24.15264148712158, 24.04500880241394, 24.534269857406617, 24.087719631195068, 24.20149450302124, 24.069355487823486, 24.08007197380066]}