{"ae_train_losses": [207.15586853027344, 179.86761474609375, 148.48220825195312, 125.13362884521484, 119.3852310180664, 115.50559997558594, 112.74616241455078, 110.22357940673828, 106.42694091796875, 102.11831665039062, 98.68769073486328, 96.23282623291016, 94.20206451416016, 92.89320373535156, 91.61432647705078, 91.05482482910156, 90.00255584716797, 88.46807098388672, 87.42536163330078, 86.09144592285156, 85.15430450439453, 82.16917419433594, 79.62337493896484, 77.38689422607422, 75.17607879638672, 73.48211669921875, 71.34951782226562, 68.63550567626953, 67.90388488769531, 65.9040756225586, 64.70317840576172, 59.98822021484375, 58.99317169189453, 57.6443977355957, 56.353851318359375, 55.58909225463867, 54.881961822509766, 54.85063934326172, 53.8154182434082, 54.668212890625, 53.41954040527344, 52.851531982421875, 52.41957473754883, 50.17677688598633, 52.94866943359375, 50.70233154296875, 50.50132751464844, 49.64611053466797, 50.26771545410156, 47.1509895324707, 51.14047622680664, 49.09898376464844, 49.829833984375, 49.53802490234375, 49.029579162597656, 47.83842849731445, 48.40340042114258, 48.72544479370117, 46.98916244506836, 49.61311340332031, 47.480712890625, 45.919437408447266, 45.77920913696289, 47.775146484375, 45.22529983520508, 46.76376724243164, 48.02389144897461, 45.489891052246094, 43.87425231933594, 45.1855354309082, 43.12438201904297, 42.54323959350586, 45.11294174194336, 44.07350540161133, 42.68045425415039, 43.89372634887695, 43.19416046142578, 42.971641540527344, 40.5709114074707, 40.35076141357422, 39.41132354736328, 41.74967575073242, 39.07719802856445, 40.249359130859375, 40.2874755859375, 40.72215270996094, 40.11051940917969, 39.37038803100586, 38.26333999633789, 37.87248992919922, 37.54356002807617, 39.358184814453125, 38.17732620239258, 37.78019332885742, 36.84861373901367, 36.93637466430664, 36.60454177856445, 36.53440475463867, 36.63520050048828, 36.357177734375], "ae_eval_losses": [144.48586730957032, 146.59803619384766, 129.72502975463868, 122.31152095794678, 115.73409881591797, 111.45444107055664, 107.92664012908935, 103.9070541381836, 99.66844940185547, 96.59540824890136, 95.1339864730835, 94.3270450592041, 93.54297046661377, 92.73224773406983, 92.1482967376709, 91.1977518081665, 90.30675086975097, 89.36221504211426, 88.34216403961182, 86.93568267822266, 85.04540634155273, 83.27721633911133, 81.0664213180542, 79.92617588043213, 77.93815994262695, 75.8117582321167, 74.07425079345703, 72.99135570526123, 70.89573535919189, 70.65111179351807, 63.885111236572264, 60.22659044265747, 58.59666185379028, 56.55621175765991, 55.26489553451538, 54.42891836166382, 53.44997892379761, 52.19036426544189, 52.071080493927, 52.68708724975586, 54.08622255325317, 54.740474700927734, 53.29663429260254, 50.53890314102173, 54.04255819320679, 56.683899593353274, 54.381640338897704, 51.34078845977783, 48.60183935165405, 46.99169788360596, 49.226989555358884, 53.611150932312015, 53.34955492019653, 51.19283313751221, 47.655839157104495, 45.53287582397461, 45.14328479766846, 48.32701778411865, 51.43139476776123, 49.399107837677, 45.97802925109863, 43.100845146179196, 42.202374362945555, 44.62148952484131, 47.88794946670532, 46.69267587661743, 44.02826709747315, 42.01951665878296, 40.598032569885255, 40.84016780853271, 42.83077096939087, 43.22864112854004, 41.77649087905884, 39.75467176437378, 40.186516761779785, 40.82549076080322, 40.421743106842044, 39.574397563934326, 39.504160499572755, 39.82798986434936, 40.278723049163816, 38.293568992614745, 37.532431030273436, 37.76326551437378, 37.59887137413025, 37.51571502685547, 37.65300931930542, 37.873625087738034, 37.244737434387204, 36.308779621124266, 35.758512783050534, 35.26316289901733, 34.89179229736328, 34.429270553588864, 34.298096656799316, 34.88207693099976, 35.49157629013062, 35.0823299407959, 34.299569606781006, 33.837246894836426]}