{"ae_train_losses": [117.41443672180176, 53.91972675323486, 48.524666976928714, 44.03207874298096, 39.93088722229004, 35.57397880554199, 32.95417251586914, 30.89740409851074, 29.32004585266113, 28.448096656799315, 27.717589378356934, 27.20863847732544, 26.702788639068604, 26.180874061584472, 25.772816848754882, 25.378139781951905, 25.09954137802124, 24.90016813278198, 24.802885723114013, 24.684116744995116, 24.53980541229248, 24.602960872650147, 24.360421562194823, 24.25093593597412, 24.305391788482666, 24.298829364776612, 24.110717296600342, 24.122454166412354, 24.084587955474852, 23.948557758331297, 23.89094285964966, 24.03464870452881, 23.943056869506837, 24.159824085235595, 23.843331336975098, 23.776331233978272, 23.771072959899904, 23.7958101272583, 23.620531463623045, 23.697748374938964, 23.794559383392333, 23.846066665649413, 23.873007202148436, 23.816153812408448, 23.947673797607422, 23.711120128631592, 23.565478897094728, 23.70899534225464, 23.627732849121095, 23.77535285949707, 23.77126054763794, 23.720474529266358, 23.680834770202637, 23.266342449188233, 23.4540358543396, 23.329506874084473, 23.37148494720459, 23.458363246917724, 23.448122024536133, 23.49439115524292, 23.427753353118895, 23.338623332977296, 23.309010887145995, 23.295901489257812, 23.403845882415773, 23.486025619506837, 23.875078868865966, 23.43472852706909, 23.177450752258302, 23.255650424957274, 23.318245220184327, 23.15391321182251, 23.136576652526855, 23.188422679901123, 23.10265121459961, 23.212956047058107, 23.138940811157227, 23.10476427078247, 23.04889154434204, 23.00465030670166, 23.125639152526855, 22.97409791946411, 23.01712007522583, 23.030218505859374, 23.010504817962648, 23.005000400543214, 22.940212440490722, 23.11271200180054, 23.07972831726074, 22.975646018981934, 23.074353790283205, 23.01561098098755, 23.020792484283447, 23.022613048553467, 22.98446912765503, 23.023844242095947, 23.053714084625245, 22.989562225341796, 23.03081169128418, 22.881596946716307], "ae_eval_losses": [73.81423358917236, 51.68437118530274, 48.86989002227783, 42.33520240783692, 38.605143547058105, 34.62208194732666, 32.64425392150879, 30.382870054244997, 29.097066640853882, 28.185070514678955, 27.684425115585327, 27.098911333084107, 26.502334976196288, 26.055963850021364, 25.646293592453002, 25.546527338027953, 25.096360206604004, 24.84261770248413, 24.48386416435242, 25.068197202682494, 24.5019287109375, 24.53443365097046, 24.383227825164795, 24.428314781188966, 24.48737201690674, 24.38650588989258, 24.024694204330444, 23.952880859375, 24.220041704177856, 23.981431865692137, 24.29598307609558, 24.288618087768555, 24.01381149291992, 24.035144090652466, 23.918231678009032, 23.881703281402586, 23.781902313232422, 23.747013902664186, 23.87441177368164, 24.178832006454467, 24.557786321640016, 23.65716133117676, 24.12038598060608, 24.963870811462403, 23.83469738960266, 23.896818923950196, 23.675610256195068, 23.647711277008057, 23.643435955047607, 25.45152168273926, 23.801286220550537, 23.919969272613525, 23.38107566833496, 23.38874020576477, 23.54490723609924, 23.34032702445984, 23.321776628494263, 23.502798509597778, 23.516373538970946, 23.514155244827272, 23.216989755630493, 23.38600950241089, 23.41578950881958, 23.212155866622926, 23.626764440536498, 23.57747926712036, 24.259992408752442, 23.354477167129517, 23.398173904418947, 23.38601155281067, 23.27483649253845, 23.147262811660767, 23.26679334640503, 23.11503896713257, 23.167734956741334, 23.06893563270569, 23.199487590789794, 23.1142370223999, 23.094339227676393, 23.036469411849975, 23.08137607574463, 22.97738609313965, 22.99815378189087, 23.15120210647583, 23.02829804420471, 22.959469842910767, 23.09733290672302, 23.012148427963258, 23.057717943191527, 23.040062046051027, 23.010396480560303, 23.02429394721985, 22.939662313461305, 22.89735350608826, 22.951878356933594, 22.985272264480592, 23.05840401649475, 23.097611474990845, 22.96668062210083, 22.898658275604248]}