{"ae_train_losses": [119.73652601242065, 62.41401481628418, 50.28783178329468, 46.723734855651855, 45.18082928657532, 40.829840660095215, 36.0562744140625, 32.715176582336426, 31.07219171524048, 29.784092664718628, 28.484967350959778, 27.607807278633118, 26.85442328453064, 26.539568424224854, 26.066401720046997, 25.640655994415283, 25.540176510810852, 24.944496035575867, 24.930975317955017, 25.080210328102112, 24.81650197505951, 24.534647703170776, 24.742139101028442, 24.678356051445007, 24.4581241607666, 24.368247628211975, 24.262614607810974, 24.301944136619568, 24.205786108970642, 24.168575406074524, 24.127171516418457, 24.07395613193512, 24.168262839317322, 24.024189352989197, 23.901557683944702, 24.055401921272278, 23.923587441444397, 23.978798627853394, 23.947836995124817, 24.00136649608612, 23.880446314811707, 23.84404695034027, 23.804704070091248, 23.937833666801453, 23.89243173599243, 23.79607355594635, 23.72822380065918, 23.728649616241455, 23.609942317008972, 23.90134906768799, 23.927757501602173, 23.718071341514587, 23.65751802921295, 23.503417134284973, 23.556671380996704, 23.63339126110077, 23.603164315223694, 23.63067054748535, 23.48706352710724, 23.499444127082825, 23.587281703948975, 23.39264678955078, 23.404136657714844, 23.370139122009277, 23.533151388168335, 23.464519381523132, 23.319634556770325, 23.46924924850464, 23.378071784973145, 23.31250309944153, 23.3523827791214, 23.417473912239075, 23.399043798446655, 23.34398078918457, 23.307657122612, 23.33588695526123, 23.293833017349243, 23.354920148849487, 23.257060527801514, 23.104058504104614, 23.079845428466797, 23.207927942276, 23.12650191783905, 23.083728671073914, 23.10625958442688, 23.071075558662415, 23.202224254608154, 23.49167048931122, 23.39466381072998, 23.316121697425842, 23.28037691116333, 23.09726059436798, 23.14007532596588, 23.028215169906616, 22.93428635597229, 23.038836240768433, 22.895893692970276, 23.053534746170044, 23.033187866210938, 23.0334894657135], "ae_eval_losses": [90.77843990325928, 59.018629741668704, 49.32470693588257, 41.80182638168335, 50.0966911315918, 37.255070209503174, 34.52483959197998, 31.41819124221802, 30.19162697792053, 28.962436866760253, 28.0405930519104, 27.145756244659424, 26.95596652030945, 26.464070129394532, 25.77471342086792, 25.464092111587526, 25.411196613311766, 24.87645831108093, 25.110197401046754, 24.891496562957762, 24.81581344604492, 24.4648558139801, 24.560667991638184, 24.478576469421387, 24.22761263847351, 24.481062602996825, 24.788157558441164, 25.84807767868042, 24.22011008262634, 24.123526334762573, 24.10688920021057, 24.60708394050598, 23.91274290084839, 24.101398611068724, 24.435113382339477, 24.00569987297058, 24.212511396408082, 24.123503398895263, 24.158356189727783, 23.787708139419557, 23.76342816352844, 23.968591976165772, 24.438564825057984, 23.89056529998779, 24.231326866149903, 23.730779552459715, 23.577147912979125, 23.579078197479248, 26.148633575439455, 24.503664875030516, 23.705234050750732, 24.01647267341614, 23.54979305267334, 23.592249202728272, 24.09900517463684, 23.454746294021607, 23.477746438980102, 23.877736568450928, 23.420792961120604, 23.823699378967284, 23.550031661987305, 23.4190514087677, 23.54885878562927, 23.249569988250734, 23.682257175445557, 23.394273471832275, 23.504219198226927, 23.765711307525635, 23.177698707580568, 23.516298007965087, 24.611598587036134, 23.43939814567566, 23.27525939941406, 23.438301229476927, 23.135977602005006, 23.27192602157593, 23.32573275566101, 23.23464689254761, 23.269963788986207, 23.19845404624939, 23.73617901802063, 23.071634340286256, 23.112908267974852, 23.10408205986023, 23.365890550613404, 23.174116230010988, 23.587222051620483, 24.146544218063354, 23.58749966621399, 23.520315504074098, 23.381096601486206, 22.93839225769043, 23.235751819610595, 23.080165910720826, 23.027190494537354, 22.98833260536194, 23.062252616882326, 23.026078271865845, 23.028978633880616, 23.035278511047363]}