{"ae_train_losses": [106.72185306549072, 51.31466579437256, 44.09121932983398, 40.875857734680174, 38.11604518890381, 35.84610557556152, 33.92700567245483, 32.65852584838867, 31.272678279876708, 29.78600959777832, 28.592860603332518, 27.57754440307617, 26.744172668457033, 26.157717323303224, 25.846960735321044, 25.639974689483644, 25.379022884368897, 25.044240188598632, 24.890520000457762, 24.70806531906128, 24.62492561340332, 24.463757514953613, 24.379276180267333, 24.291648292541502, 24.42718372344971, 24.242206382751466, 23.976221084594727, 24.118389225006105, 23.944924449920656, 23.893390560150145, 24.06606788635254, 23.852387714385987, 23.76922369003296, 23.780249691009523, 23.813184452056884, 23.720160675048827, 23.63948211669922, 23.63205556869507, 23.60224494934082, 23.70531358718872, 23.695926856994628, 23.571301651000976, 23.527608013153078, 24.089262676239013, 24.111960220336915, 23.74516363143921, 23.580256462097168, 23.640477466583253, 23.50264444351196, 23.38141326904297, 23.443230056762694, 23.370347023010254, 23.44347505569458, 23.3022705078125, 23.401134490966797, 23.408320331573485, 23.279471111297607, 23.20195093154907, 23.147949981689454, 23.197367000579835, 23.149025917053223, 23.13682565689087, 23.19119462966919, 23.064763259887695, 23.088941478729247, 23.09008092880249, 23.03592538833618, 23.139384937286376, 22.99534406661987, 23.093522167205812, 23.06961336135864, 23.027902603149414, 23.025328826904296, 23.019751739501952, 22.957930660247804, 22.967498874664308, 22.967888259887694, 23.004492664337157, 22.99051742553711, 22.86491413116455, 22.866701221466066, 23.013361167907714, 22.871630954742432, 22.933690547943115, 22.993261528015136, 22.97778949737549, 23.08616018295288, 22.886410999298096, 22.946203231811523, 23.05335397720337, 22.832378673553468, 22.867805385589598, 22.855373477935792, 22.779995250701905, 22.811857986450196, 22.80518283843994, 22.831376838684083, 22.825860691070556, 22.786971950531004, 22.753480625152587], "ae_eval_losses": [75.44100990295411, 45.135843467712405, 45.116580390930174, 40.117878437042236, 37.6360689163208, 35.429222869873044, 33.97534074783325, 32.74675827026367, 30.73263759613037, 29.315804719924927, 28.13984594345093, 27.287393188476564, 26.64957227706909, 26.075442218780516, 25.871233034133912, 25.48392233848572, 25.46075859069824, 25.362706184387207, 25.03467607498169, 24.834475708007812, 25.0428288936615, 24.543265533447265, 25.235062265396117, 24.815307474136354, 24.600185775756835, 24.207670497894288, 24.130910873413086, 23.860887145996095, 23.96669225692749, 23.920501804351808, 24.150838375091553, 24.03070001602173, 23.779316329956053, 23.89749960899353, 23.95275902748108, 23.90801796913147, 23.88593158721924, 23.75457968711853, 23.721994829177856, 23.487916469573975, 23.599586057662965, 23.518183374404906, 24.12821235656738, 24.9562780380249, 24.182235050201417, 23.85438780784607, 23.832896089553834, 24.018429136276247, 23.663411331176757, 23.587955522537232, 23.612192583084106, 23.676734447479248, 23.355644989013673, 23.280358028411865, 23.485586643218994, 23.37217493057251, 23.360636138916014, 23.183772373199464, 23.307401657104492, 23.284806346893312, 23.436991691589355, 23.24256639480591, 23.35977449417114, 23.136654376983643, 23.092502117156982, 23.252819538116455, 23.20107479095459, 23.371936893463136, 23.135185766220093, 23.092301750183104, 23.092290735244752, 23.124369287490843, 23.23296375274658, 23.01687607765198, 22.909783697128297, 22.994743585586548, 22.975428915023805, 23.159389877319335, 22.96311550140381, 22.936240005493165, 22.98561248779297, 22.958243942260744, 22.977957725524902, 23.000950860977174, 22.978600883483885, 23.247353267669677, 23.17539710998535, 22.909718704223632, 23.045585584640502, 22.98061408996582, 23.098821926116944, 22.801229906082153, 22.955764245986938, 22.98622817993164, 22.904994106292726, 22.827743577957154, 22.898558330535888, 22.93903684616089, 22.809408712387086, 22.850713396072386]}