{"ae_train_losses": [104.04662895202637, 57.352100944519044, 47.83429164886475, 47.45257720947266, 42.81031341552735, 36.40503368377686, 33.71205787658691, 31.495731258392333, 29.225872421264647, 27.4303279876709, 26.504881954193117, 25.943845653533934, 25.433700370788575, 25.092030906677245, 24.857923126220705, 24.73373947143555, 24.719570350646972, 24.45265007019043, 24.5284273147583, 24.527014923095702, 24.329129219055176, 24.25072536468506, 24.18610429763794, 24.18016357421875, 24.21711845397949, 24.277980899810792, 24.02834348678589, 24.039438724517822, 23.9392746925354, 24.024461269378662, 23.92607698440552, 23.873010063171385, 23.853951835632323, 23.699441051483156, 23.72986059188843, 23.728377056121825, 23.680995559692384, 23.726453590393067, 23.598629093170167, 23.595862865447998, 23.649210739135743, 23.416442775726317, 23.577095794677735, 23.605419635772705, 23.533587074279787, 23.580984783172607, 23.345635414123535, 23.365231227874755, 23.410713386535644, 23.456292152404785, 23.337580680847168, 23.355663108825684, 23.246303462982176, 23.161237716674805, 23.203782844543458, 23.387503910064698, 23.583918285369872, 23.452338409423827, 23.279543781280516, 23.170307636260986, 23.237416744232178, 23.164343929290773, 22.974816513061523, 22.989700984954833, 23.09400291442871, 23.037416648864745, 22.98022871017456, 23.187884998321532, 23.476611804962157, 23.410302352905273, 23.291499423980714, 23.122119235992432, 23.24679880142212, 23.25355110168457, 23.03577537536621, 23.012290382385252, 22.987565803527833, 22.893757915496828, 22.90961275100708, 22.869249057769775, 22.9191330909729, 22.995239162445067, 22.92686653137207, 22.893037509918212, 22.768194961547852, 22.946737861633302, 22.827944183349608, 22.794745540618898, 22.885354232788085, 22.954878330230713, 22.776236152648927, 22.804732990264892, 22.741150760650633, 22.80463581085205, 22.783775520324706, 22.749053382873534, 22.722390365600585, 22.91883068084717, 22.789401149749757, 22.821679019927977], "ae_eval_losses": [79.06725673675537, 52.9714017868042, 48.435281658172606, 55.2910943031311, 40.603698921203616, 35.89547119140625, 33.29478244781494, 30.675553703308104, 28.475768899917604, 27.302871322631837, 26.475373125076295, 25.66700315475464, 25.36180920600891, 25.25067620277405, 25.176036405563355, 24.671200609207155, 24.8042272567749, 24.550534963607788, 24.687356758117676, 24.641946458816527, 24.565123796463013, 24.27913146018982, 24.731005096435545, 24.55132908821106, 24.852312517166137, 24.205758237838744, 23.854645681381225, 23.982977437973023, 24.251068115234375, 24.156112813949584, 24.23226113319397, 23.780351638793945, 24.151426696777342, 23.95478472709656, 23.931916809082033, 23.952874660491943, 24.20665431022644, 23.698379850387575, 23.95209674835205, 23.76726689338684, 23.62051339149475, 23.566597557067873, 23.84116201400757, 24.04592819213867, 23.923230600357055, 23.512049865722656, 23.3231671333313, 23.403030729293825, 23.62131814956665, 23.300303411483764, 23.409358072280884, 23.41307129859924, 23.382499933242798, 23.313054847717286, 23.482194423675537, 25.200319910049437, 23.67898235321045, 23.716234493255616, 23.573401737213135, 23.225413227081297, 23.279918479919434, 23.231323528289796, 23.1788019657135, 23.116858100891115, 23.145072984695435, 23.14027690887451, 23.20769634246826, 24.239076232910158, 23.65465292930603, 23.491375637054443, 23.323501968383788, 23.287429332733154, 23.667109489440918, 23.242150592803956, 23.07387466430664, 23.062796783447265, 23.054112339019774, 22.912673425674438, 22.90320987701416, 23.040209579467774, 23.0262309551239, 22.909299755096434, 22.840229940414428, 22.97556447982788, 22.870677423477172, 23.00857901573181, 23.14499101638794, 22.921660089492796, 22.98881940841675, 22.928451776504517, 22.954588317871092, 22.802344417572023, 22.917050790786742, 22.88974223136902, 22.79757218360901, 22.76696734428406, 22.865064907073975, 22.88076333999634, 22.7425057888031, 22.788808059692382]}