{"ae_train_losses": [117.22770195007324, 55.549996566772464, 46.64401988983154, 42.420351600646974, 39.47487106323242, 36.993601608276364, 34.18540649414062, 31.764859199523926, 30.161029720306395, 28.875510025024415, 27.939320945739745, 27.032025146484376, 26.174242401123045, 25.578860378265382, 25.138763999938966, 24.79718132019043, 24.476255702972413, 24.5009859085083, 24.40851936340332, 24.441352558135986, 24.380367946624755, 24.195617485046387, 24.19352102279663, 23.982619094848634, 24.042551708221435, 24.1259708404541, 23.89934883117676, 23.940277099609375, 23.988503456115723, 24.018714714050294, 23.895481872558594, 23.849259853363037, 23.7259352684021, 23.646515560150146, 23.671506500244142, 23.66591806411743, 23.728428268432616, 23.609012794494628, 23.600789928436278, 23.616154670715332, 23.43562479019165, 23.416129493713377, 23.421689605712892, 23.398856735229494, 23.453936862945557, 23.376775074005128, 23.407010650634767, 23.310673904418945, 23.260730934143066, 23.227510356903075, 23.20622205734253, 23.307723236083984, 23.130941581726074, 23.08341751098633, 23.18644800186157, 23.113531589508057, 23.21629114151001, 22.90519552230835, 23.079788970947266, 23.046490383148193, 23.104784870147704, 22.982429790496827, 23.05850706100464, 22.961369514465332, 22.955711841583252, 23.05808553695679, 22.97896718978882, 22.977211475372314, 23.16812171936035, 23.32077798843384, 23.346348094940186, 23.11487398147583, 23.233891773223878, 23.030114459991456, 22.918627071380616, 23.009453201293944, 22.926301765441895, 22.8504319190979, 22.899815177917482, 22.863612270355226, 22.822381687164306, 22.830260372161867, 22.788549518585206, 22.818128395080567, 22.778269481658935, 22.680784225463867, 22.729974365234376, 22.8747200012207, 22.78805227279663, 22.730094337463377, 22.583240699768066, 22.71005859375, 22.655891323089598, 22.634653091430664, 22.659294986724852, 22.532154273986816, 22.530541515350343, 22.467683601379395, 22.498662757873536, 22.3926344871521], "ae_eval_losses": [85.54301795959472, 48.01745843887329, 45.60512609481812, 41.79372215270996, 39.04754648208618, 35.85785322189331, 33.79011754989624, 30.586218738555907, 29.359445905685426, 28.373423480987547, 27.509632110595703, 26.96116328239441, 25.935547399520875, 25.52488775253296, 25.17868399620056, 24.75998001098633, 24.676238203048705, 24.582529306411743, 24.615663290023804, 24.54762887954712, 24.489072465896605, 24.26288022994995, 24.29273729324341, 24.22035183906555, 24.435299825668334, 24.10329637527466, 23.889502382278444, 24.05044732093811, 24.22462363243103, 23.835006284713746, 24.50338978767395, 23.930821037292482, 23.61960835456848, 23.699483346939086, 24.018340826034546, 23.948229932785033, 24.02635383605957, 23.643821954727173, 23.845120477676392, 23.546195793151856, 23.62982120513916, 23.483874893188478, 23.557123804092406, 23.986050128936768, 23.645060062408447, 23.376401662826538, 23.28898606300354, 23.378154277801514, 23.42258825302124, 23.31706166267395, 23.397220516204833, 23.36950364112854, 23.234884881973265, 23.262468147277833, 23.23162932395935, 23.14657859802246, 23.11646523475647, 23.135373401641846, 23.395655250549318, 23.11495122909546, 23.185688829422, 23.238771963119508, 23.17260937690735, 23.078892707824707, 23.036329793930054, 23.142800521850585, 23.074749612808226, 23.87012734413147, 23.56864252090454, 23.36508140563965, 23.2248441696167, 23.230720806121827, 23.42128014564514, 23.023499631881712, 23.079989194869995, 23.104855442047118, 22.964465379714966, 22.975835704803465, 22.901892280578615, 22.903942775726318, 22.932185792922972, 22.888774871826172, 22.94210844039917, 22.80669264793396, 22.72989077568054, 22.87398204803467, 22.807538938522338, 22.781130599975587, 22.85017008781433, 22.84052209854126, 22.739288997650146, 22.71299343109131, 22.790397310256957, 22.696722984313965, 22.576291465759276, 22.732238483428954, 22.669363737106323, 22.74909462928772, 22.588166999816895, 22.420466136932372]}