{"ae_train_losses": [158.21729736328126, 124.73734893798829, 110.64957733154297, 84.26752014160157, 63.4482063293457, 57.30976486206055, 54.92345275878906, 52.148046875, 48.958883666992186, 47.429266357421874, 44.136572265625, 44.227151489257814, 45.707645416259766, 45.33315505981445, 44.27201385498047, 41.7236946105957, 41.43529357910156, 40.352447509765625, 38.679586029052736, 38.67968063354492, 37.19933242797852, 37.19604263305664, 35.06015396118164, 35.56826553344727, 34.29459075927734, 33.13998641967773, 32.15217819213867, 31.36934814453125, 31.142275619506837, 29.97521057128906, 29.916702270507812, 29.735727310180664, 28.561880111694336, 27.52317008972168, 28.16246795654297, 27.57435722351074, 27.226345825195313, 27.4754337310791, 26.975196075439452, 27.057627487182618, 25.774666213989256, 26.10309829711914, 26.41652908325195, 26.701712799072265, 25.76136703491211, 26.038494873046876, 25.55141372680664, 25.030858993530273, 25.709608840942384, 25.70061683654785, 26.04761085510254, 25.848852157592773, 25.249383163452148, 24.850191497802733, 25.612607574462892, 25.449901580810547, 25.4274112701416, 25.224763107299804, 25.633085632324217, 25.133221054077147, 25.874688339233398, 25.092773056030275, 24.77347526550293, 25.29507713317871, 25.074888229370117, 25.319895553588868, 25.405126571655273, 25.289728546142577, 25.8728889465332, 25.25515785217285, 25.06438789367676, 26.172581100463866, 25.247299575805663, 24.923991775512697, 24.757239151000977, 24.745661544799805, 23.842621994018554, 24.232750701904298, 24.258227920532228, 24.92635307312012, 25.119732666015626, 25.81020317077637, 24.886281967163086, 24.36230049133301, 25.58799018859863, 24.86005096435547, 24.45739860534668, 25.018078231811522, 24.83284149169922, 24.82205467224121, 24.99396743774414, 24.746692276000978, 24.663734436035156, 24.240229034423827, 24.57190818786621, 25.57095603942871, 24.46770820617676, 25.23533821105957, 24.51632652282715, 24.764584732055663], "ae_eval_losses": [136.0174903869629, 117.19314632415771, 107.56333541870117, 87.91784477233887, 70.76668071746826, 89.37620315551757, 60.1560338973999, 72.78650588989258, 65.36158590316772, 51.084804153442384, 48.224229145050046, 43.33341302871704, 46.28795785903931, 51.24885110855102, 40.36474637985229, 43.45714130401611, 39.03707408905029, 40.67848138809204, 38.688422203063965, 37.87350950241089, 38.67487506866455, 36.763833904266356, 36.44299144744873, 34.638701820373534, 33.942727375030515, 33.46758141517639, 31.998866033554076, 31.41481657028198, 31.055079221725464, 30.20436210632324, 29.901374864578248, 28.998092460632325, 28.687540912628172, 28.704924058914184, 27.913731718063353, 28.260425567626953, 27.45435495376587, 27.357067918777467, 26.814144802093505, 26.467354917526244, 26.330832099914552, 26.4723228931427, 26.16016368865967, 26.17189178466797, 25.918385648727416, 25.953905153274537, 26.05558547973633, 25.787894582748415, 25.91904273033142, 25.673644399642946, 25.47658429145813, 25.685343408584593, 25.53210892677307, 25.551724195480347, 25.367381286621093, 25.1733838558197, 25.31189775466919, 25.369788503646852, 25.39530019760132, 25.346561861038207, 25.15604166984558, 25.07688703536987, 24.96044054031372, 25.081451654434204, 25.28947157859802, 25.400525331497192, 25.59802851676941, 25.56036491394043, 25.848647928237916, 25.452857875823973, 25.560873556137086, 25.78880820274353, 25.643295669555663, 25.422422552108763, 25.20160903930664, 24.881368827819824, 24.96077766418457, 25.08979983329773, 25.176573324203492, 24.945327043533325, 25.177770709991456, 25.4310320854187, 25.168248176574707, 25.302294731140137, 24.880212116241456, 24.901346158981323, 24.68783049583435, 24.838108491897582, 25.09236979484558, 25.665013980865478, 25.148475885391235, 24.89333724975586, 24.64059724807739, 24.84743466377258, 25.02888069152832, 24.996966075897216, 24.843463230133057, 24.636264944076537, 25.000589895248414, 25.445831966400146]}