{"ae_train_losses": [222.30479431152344, 215.99464416503906, 165.6880645751953, 142.85354614257812, 130.4530792236328, 120.06826782226562, 115.38597106933594, 113.60558319091797, 112.28784942626953, 111.21826934814453, 109.61103057861328, 107.68810272216797, 105.89341735839844, 103.79454040527344, 101.03753662109375, 98.73087310791016, 93.91242218017578, 90.61915588378906, 87.49310302734375, 85.4559555053711, 83.5259780883789, 81.95536804199219, 81.22465515136719, 79.60429382324219, 78.60575103759766, 75.5698471069336, 74.69496154785156, 70.87593078613281, 66.9454116821289, 65.90755462646484, 64.6048583984375, 60.9667854309082, 60.21091842651367, 58.78108596801758, 58.38437271118164, 56.76559829711914, 57.71357345581055, 55.640926361083984, 56.76409912109375, 54.02478790283203, 55.36894226074219, 55.2919921875, 52.50068283081055, 51.88029098510742, 54.84709930419922, 53.61255645751953, 52.63254928588867, 52.628211975097656, 50.62029266357422, 55.44558334350586, 50.37964630126953, 51.2054328918457, 52.24625015258789, 50.31953811645508, 49.41374969482422, 50.28175735473633, 48.55702209472656, 50.32221603393555, 48.323486328125, 47.49794006347656, 48.622337341308594, 46.52787399291992, 46.925018310546875, 48.57856750488281, 46.49882888793945, 45.99878692626953, 47.03276824951172, 45.44875717163086, 45.11701965332031, 44.330535888671875, 45.25507736206055, 44.99356460571289, 43.6630744934082, 44.84952163696289, 43.17856216430664, 44.29380798339844, 41.84755325317383, 43.26172637939453, 41.82643508911133, 42.00888442993164, 41.88954162597656, 41.93118667602539, 40.821468353271484, 41.0637092590332, 40.81426239013672, 39.68938446044922, 40.40992736816406, 39.27244186401367, 40.08939743041992, 39.180931091308594, 39.82356643676758, 39.36647415161133, 39.664737701416016, 39.00733947753906, 38.22687530517578, 38.008148193359375, 38.77299118041992, 37.77608871459961, 37.60078430175781, 37.78858184814453], "ae_eval_losses": [140.38465614318847, 136.42980270385743, 125.05145225524902, 119.77324352264404, 112.47563076019287, 108.68131599426269, 108.1241355895996, 107.8153305053711, 107.6540283203125, 107.11037044525146, 106.54818782806396, 105.818896484375, 104.93914337158203, 103.60951347351075, 101.55965538024903, 99.18768730163575, 97.2501615524292, 94.31766872406006, 91.93184852600098, 91.03801403045654, 90.74570007324219, 89.11792221069337, 88.30492305755615, 86.20947456359863, 84.26601581573486, 83.61677856445313, 82.71744651794434, 80.54227123260497, 77.0850091934204, 73.5184196472168, 67.8751220703125, 63.313001823425296, 60.64979181289673, 61.43397359848022, 60.806619262695314, 62.77117080688477, 58.814069747924805, 56.307662868499754, 55.697804641723636, 57.402752590179446, 55.706117153167725, 56.38072738647461, 55.29579486846924, 55.41192741394043, 59.0135612487793, 62.28743848800659, 59.430293273925784, 56.05203866958618, 54.150637817382815, 57.7193922996521, 59.67674865722656, 60.45310201644897, 56.05336599349975, 52.555712413787845, 51.375732612609866, 54.971758937835695, 56.117435455322266, 52.30513887405395, 49.4476541519165, 48.6105860710144, 48.556337451934816, 49.722984600067136, 50.98722848892212, 49.28759613037109, 46.60832071304321, 45.463720607757566, 46.44944620132446, 48.11402578353882, 48.62801752090454, 47.75005178451538, 45.247240734100345, 43.79391345977783, 43.84535036087036, 44.63032445907593, 45.16316871643066, 45.13315334320068, 43.997021484375, 43.31798667907715, 42.71352777481079, 42.27526273727417, 42.90353727340698, 42.99403610229492, 43.37748775482178, 43.108310794830324, 41.871426582336426, 41.23330984115601, 40.91332187652588, 41.016677379608154, 41.86365299224853, 41.99428005218506, 41.36972064971924, 40.351416778564456, 39.69232330322266, 39.45729684829712, 39.35971117019653, 39.444651412963864, 39.33943405151367, 39.17368011474609, 38.897456645965576, 38.575503253936766]}