{"ae_train_losses": [174.6787841796875, 106.98157196044922, 88.6454574584961, 70.30889739990235, 59.09388656616211, 54.02906265258789, 51.553076171875, 49.23849029541016, 51.5135612487793, 48.4166374206543, 45.92372436523438, 46.840389251708984, 44.41094436645508, 43.69647064208984, 42.79021224975586, 41.97470474243164, 42.822968292236325, 39.66171112060547, 37.54085464477539, 35.350925064086915, 36.42845687866211, 34.78750457763672, 33.24891357421875, 33.39369277954101, 32.42686538696289, 31.783353424072267, 31.5545597076416, 30.90407066345215, 30.952778244018553, 30.767380905151366, 30.782823944091795, 29.968402862548828, 29.784040451049805, 30.11040344238281, 29.145385360717775, 28.927135467529297, 29.575925064086913, 29.32830810546875, 28.653194427490234, 29.3244384765625, 28.675673294067384, 28.361312866210938, 28.21421890258789, 27.80011558532715, 27.28324165344238, 27.33350028991699, 27.19660530090332, 27.106391143798827, 27.426123809814452, 27.537382507324217, 27.417920684814455, 26.818373107910155, 26.108091735839842, 27.541373825073244, 27.516970825195312, 28.15777931213379, 27.649760818481447, 27.58634262084961, 27.246329879760744, 26.717604446411134, 26.64810905456543, 27.29325180053711, 27.567469787597656, 27.53691177368164, 28.13840980529785, 25.988644409179688, 26.292010498046874, 26.00686569213867, 27.196052169799806, 26.638242340087892, 26.291049194335937, 26.408732223510743, 26.399490356445312, 26.553913116455078, 26.978022003173827, 26.078490447998046, 25.953529357910156, 27.03764762878418, 26.434811782836913, 26.02829780578613, 26.272906494140624, 26.653239822387697, 26.399106597900392, 27.044717407226564, 26.375297927856444, 27.64268226623535, 26.850912857055665, 26.292041397094728, 26.942827224731445, 26.203681564331056, 26.412348556518555, 25.692497634887694, 25.853006744384764, 25.700823974609374, 25.74416618347168, 24.90655097961426, 25.64788246154785, 25.72585678100586, 26.263109970092774, 25.96619758605957], "ae_eval_losses": [113.15715045928955, 94.87448196411133, 89.11402797698975, 74.32334127426148, 62.27636318206787, 53.40936727523804, 52.38716793060303, 49.767683792114255, 45.652451801300046, 48.45629348754883, 49.230384826660156, 43.27219324111938, 42.41940259933472, 42.95549154281616, 49.63552894592285, 52.55650634765625, 39.7987865447998, 40.54557733535766, 37.44901237487793, 35.89288063049317, 35.281689739227296, 33.614318180084226, 33.42905778884888, 33.493578577041625, 31.619293689727783, 31.293561506271363, 30.87161068916321, 30.054314661026, 30.27910485267639, 30.767335653305054, 30.119390439987182, 30.51121277809143, 29.111018037796022, 29.34474711418152, 29.48226914405823, 29.416421508789064, 28.444900226593017, 28.615673446655272, 28.17152066230774, 28.223530578613282, 28.385359287261963, 28.29373164176941, 27.6722683429718, 27.40198369026184, 27.05373330116272, 27.24510531425476, 26.782889556884765, 27.097701597213746, 27.001550960540772, 26.81846332550049, 27.089501810073852, 26.647661685943604, 26.32306742668152, 27.27914433479309, 27.214015531539918, 27.047286081314088, 27.36373152732849, 26.85928840637207, 27.22864441871643, 27.179857110977174, 27.508282899856567, 26.616485834121704, 30.564536333084106, 28.937912464141846, 26.878113174438475, 27.158689260482788, 26.71029405593872, 26.6810462474823, 27.225583267211913, 26.778494548797607, 26.040041971206666, 26.594094371795656, 26.613276290893555, 26.27671608924866, 26.012715673446657, 26.323632669448852, 25.881968212127685, 26.339498949050903, 26.118747901916503, 26.15361371040344, 26.309075021743773, 25.916183519363404, 25.97055039405823, 25.696010780334472, 27.073253917694093, 26.558575868606567, 26.682446098327638, 25.824983406066895, 25.701627588272096, 26.184717321395873, 25.97813696861267, 25.391198253631593, 25.487263870239257, 25.279907512664796, 25.13308663368225, 25.161168479919432, 25.067965507507324, 25.275343275070192, 24.987521839141845, 25.722049236297607]}