{"ae_train_losses": [207.78741455078125, 210.3712615966797, 170.72348022460938, 139.47869873046875, 128.79995727539062, 124.00212860107422, 120.21829986572266, 118.25582122802734, 116.775390625, 115.3609848022461, 113.74501037597656, 112.17161560058594, 110.28865051269531, 107.98464965820312, 104.56026458740234, 101.61746215820312, 96.01611328125, 90.2457046508789, 86.92198181152344, 84.03380584716797, 81.87623596191406, 78.4456787109375, 75.44689178466797, 71.32353210449219, 69.90435028076172, 66.16400909423828, 65.27281951904297, 60.52062225341797, 61.631072998046875, 56.2131233215332, 55.492431640625, 54.674198150634766, 53.121498107910156, 54.91575241088867, 52.854736328125, 52.855751037597656, 50.59291458129883, 49.64927673339844, 49.38515853881836, 50.55944061279297, 49.28738021850586, 50.32648468017578, 49.55384826660156, 47.42351531982422, 48.5508918762207, 48.44526290893555, 46.98848342895508, 47.91658020019531, 47.42399215698242, 46.95756149291992, 45.92695999145508, 46.02158737182617, 45.61079788208008, 44.845760345458984, 45.23494338989258, 44.59978103637695, 44.904842376708984, 44.58393478393555, 43.91925811767578, 43.93949508666992, 44.546058654785156, 43.70710754394531, 43.24932861328125, 43.623348236083984, 43.04985427856445, 42.97050857543945, 43.038002014160156, 42.248008728027344, 43.0018310546875, 41.504920959472656, 42.943973541259766, 41.23419189453125, 42.41195297241211, 41.228553771972656, 42.04330062866211, 41.28981399536133, 40.63466262817383, 41.22290802001953, 40.73755645751953, 40.33363342285156, 40.52880096435547, 41.38261795043945, 40.42313003540039, 40.46915817260742, 40.4052619934082, 39.976131439208984, 39.77933883666992, 38.97556686401367, 39.275272369384766, 38.15039825439453, 40.31764602661133, 40.619171142578125, 40.1429557800293, 39.55073547363281, 39.13812255859375, 39.29726791381836, 39.55377197265625, 39.05233383178711, 39.498104095458984, 38.245269775390625], "ae_eval_losses": [136.0124526977539, 137.03677062988282, 125.30361328125, 117.88275451660157, 116.12922554016113, 114.92507991790771, 113.69095478057861, 112.75408840179443, 112.08530864715576, 111.24785003662109, 110.18411312103271, 108.8345266342163, 107.07904853820801, 105.17256412506103, 103.81609020233154, 100.72409534454346, 95.79187870025635, 91.1145034790039, 88.55064277648925, 86.84351329803467, 84.08395652770996, 81.21751976013184, 79.11172733306884, 77.1819444656372, 76.16626644134521, 71.869993019104, 64.02312726974488, 61.76949596405029, 57.37724361419678, 55.10372142791748, 53.460744285583495, 52.226955318450926, 51.876490688323976, 52.79875564575195, 53.427433013916016, 51.03401336669922, 48.725971126556395, 48.022619533538816, 48.21851348876953, 51.929642868041995, 53.58293809890747, 52.00201778411865, 48.80970363616943, 46.63548040390015, 46.06474962234497, 47.97837028503418, 49.26629381179809, 50.36690149307251, 48.87730255126953, 46.645134925842285, 44.91378974914551, 45.08107204437256, 46.13324489593506, 47.269254970550534, 46.808326721191406, 45.50991649627686, 44.76025161743164, 44.44973497390747, 44.65120372772217, 44.60270204544067, 44.479211235046385, 45.15415716171265, 44.947958660125735, 44.77840528488159, 44.1963849067688, 43.9269739151001, 43.68836240768432, 42.671886157989505, 42.29754409790039, 41.93256435394287, 42.51484966278076, 43.349277114868165, 43.58440084457398, 42.88588123321533, 41.59446430206299, 41.429239177703856, 41.35368194580078, 41.37510471343994, 41.82136001586914, 42.21719236373902, 41.92309465408325, 41.38722410202026, 41.00947380065918, 41.89357643127441, 41.82555236816406, 40.843759536743164, 40.027641201019286, 39.943062496185306, 40.15026321411133, 40.397014427185056, 40.388284015655515, 40.26336145401001, 39.87597122192383, 39.50990447998047, 39.16512842178345, 39.35379142761231, 40.68516159057617, 41.18565082550049, 40.390571689605714, 39.10569400787354]}