{"ae_train_losses": [120.87056684494019, 57.16865873336792, 51.08555507659912, 45.987648010253906, 41.01807475090027, 37.15253806114197, 35.39521861076355, 34.001232862472534, 32.132956743240356, 30.48119080066681, 29.234280228614807, 28.809115290641785, 28.076855659484863, 27.453248381614685, 26.986215114593506, 26.299553990364075, 25.98782968521118, 25.75647521018982, 25.97381603717804, 25.5842467546463, 25.352984309196472, 24.942206740379333, 25.18387758731842, 25.01706027984619, 24.73909056186676, 24.432324528694153, 24.341054439544678, 24.376832365989685, 24.253353357315063, 24.277352452278137, 24.352596879005432, 23.98255741596222, 24.013027548789978, 24.124287724494934, 23.977389335632324, 23.99289071559906, 24.169365525245667, 24.009786248207092, 23.868566751480103, 23.89926302433014, 23.959750771522522, 23.75148105621338, 23.657041788101196, 23.890310049057007, 23.757782459259033, 23.627476692199707, 23.672759890556335, 23.808661818504333, 23.59548795223236, 23.92236328125, 23.931482195854187, 23.717088222503662, 23.593717217445374, 23.535276293754578, 23.418660879135132, 23.759705662727356, 23.749038338661194, 23.654064655303955, 23.709987998008728, 23.566538333892822, 23.616519808769226, 23.520887970924377, 23.415471076965332, 23.404816031455994, 23.36203920841217, 23.344927072525024, 23.32302951812744, 23.396643042564392, 23.369680523872375, 23.3120174407959, 23.292059659957886, 23.332254648208618, 23.445215821266174, 23.360349774360657, 23.360686659812927, 23.4215030670166, 23.213974952697754, 23.283070921897888, 23.22469127178192, 23.2535138130188, 23.190589904785156, 23.2500638961792, 23.015462160110474, 23.047455310821533, 23.07745623588562, 23.090008854866028, 23.14630961418152, 23.43345069885254, 23.381414771080017, 23.305474162101746, 23.275632977485657, 23.08017122745514, 23.02468776702881, 23.013816118240356, 22.952741742134094, 23.1024888753891, 22.852454900741577, 22.953633427619934, 22.934539556503296, 22.87787103652954], "ae_eval_losses": [82.3826322555542, 51.95833787918091, 50.61220636367798, 43.203391551971436, 40.83482999801636, 36.710221481323245, 34.97949914932251, 33.10842156410217, 31.743344926834105, 29.579918909072877, 29.061346006393432, 28.807036542892455, 27.559669542312623, 27.11112070083618, 26.737480401992798, 26.170217561721802, 25.985289335250854, 26.24557309150696, 25.731465291976928, 25.437342834472656, 25.266068172454833, 25.129519081115724, 25.18375039100647, 24.697707843780517, 24.625421810150147, 24.656219959259033, 24.597555017471315, 24.48546404838562, 24.506852769851683, 24.414099597930907, 24.64120235443115, 24.210493040084838, 23.904231214523314, 24.196116781234743, 25.36365737915039, 24.031591987609865, 23.778996086120607, 23.842393732070924, 23.750690507888795, 24.18714623451233, 23.745585775375368, 23.767068910598756, 24.42169032096863, 23.88626012802124, 23.837262296676634, 24.65144338607788, 23.847645568847657, 23.79804697036743, 26.696779584884645, 24.25730152130127, 23.704024171829225, 23.91660084724426, 23.519759321212767, 23.661896467208862, 23.672076416015624, 24.303560543060303, 23.438787508010865, 24.07069597244263, 23.312502956390382, 25.55184531211853, 23.666406631469727, 23.69714641571045, 23.704139375686644, 23.35667233467102, 23.403636121749877, 23.362881660461426, 23.600405263900758, 23.60216889381409, 23.24399070739746, 23.43264603614807, 23.216237354278565, 23.445291566848756, 23.377988433837892, 24.162257385253906, 23.202692174911498, 23.32007598876953, 23.33048505783081, 23.25884246826172, 23.26627860069275, 23.03501167297363, 23.957601642608644, 23.003883028030394, 23.67425103187561, 23.1468945980072, 23.2567449092865, 23.12836570739746, 23.769983530044556, 24.47768168449402, 23.378897857666015, 23.325753450393677, 23.121342182159424, 22.935759687423705, 23.078289222717284, 23.172403573989868, 22.979374408721924, 23.139437198638916, 22.978751134872436, 22.98703713417053, 23.06214928627014, 23.072268533706666]}