{"ae_train_losses": [166.40089543660483, 80.75071620941162, 59.4385929107666, 52.86011028289795, 49.74705251057943, 47.25087833404541, 44.43722756703695, 41.48126411437988, 38.31153806050619, 35.691118240356445, 34.19781303405762, 33.50470797220866, 32.61861117680868, 31.569032669067383, 30.643537521362305, 29.744595368703205, 29.24357255299886, 28.829000155131023, 28.287006219228108, 27.908337752024334, 27.352766354878742, 26.976473172505695, 26.88483953475952, 26.702173233032227, 26.546006679534912, 26.158733367919922, 26.14227835337321, 26.09553607304891, 25.899452050526936, 25.92943286895752, 25.61719846725464, 25.603681087493896, 25.346381187438965, 24.959842681884766, 24.83836778004964, 24.810169378916424, 24.83240842819214, 24.93090883890788, 24.5916428565979, 24.582968711853027, 24.589410305023193, 24.737834930419922, 24.645553429921467, 24.492691040039062, 24.414785385131836, 24.479921023050945, 24.405045827229817, 24.593011220296223, 24.50017499923706, 24.324345747629803, 24.256888071695965, 24.154273509979248, 24.16122595469157, 24.164088408152264, 24.28587595621745, 24.323888778686523, 24.07206455866496, 24.252291520436604, 24.156599044799805, 24.028472582499187, 24.08989445368449, 23.81289307276408, 23.900875409444172, 23.92939790089925, 23.852372487386067, 23.899029572804768, 24.00401480992635, 23.945381959279377, 23.836505889892578, 23.867969353993733, 23.782041390736897, 23.934417247772217, 23.714258670806885, 23.75005531311035, 23.709476312001545, 23.78978745142619, 23.690149466196697, 23.679512977600098, 23.58788267771403, 23.697925249735516, 23.703092575073242, 23.64341910680135, 23.614138921101887, 23.496298948923748, 23.761306603749592, 23.780529657999676, 23.680181821187336, 23.674770673116047, 23.647273540496826, 23.484235286712646, 23.493451754252117, 23.373085021972656, 23.48365592956543, 23.392977714538574, 23.50917609532674, 23.54851309458415, 23.78952693939209, 23.767440636952717, 23.66112454732259, 23.75842873255412], "ae_eval_losses": [114.14425544738769, 76.69040031433106, 58.61642484664917, 53.03757381439209, 44.65920267105103, 45.018197536468506, 41.60485582351684, 39.83786487579346, 38.737539768218994, 35.78402051925659, 34.537057399749756, 34.019479274749756, 32.78232426643372, 31.061351251602172, 30.35465383529663, 29.97629165649414, 28.89165143966675, 28.871634101867677, 28.154668521881103, 27.740621900558473, 27.14951424598694, 27.02526912689209, 26.783787536621094, 26.53904523849487, 26.20853762626648, 26.360941314697264, 26.15377812385559, 25.92135362625122, 25.85000295639038, 25.58477473258972, 25.557075786590577, 25.366365003585816, 25.733666610717773, 25.106951808929445, 24.715980339050294, 24.80880136489868, 24.929831647872923, 24.560499715805054, 24.732108974456786, 24.857606410980225, 24.63067493438721, 24.394894075393676, 24.62180361747742, 24.609890937805176, 24.800681400299073, 24.32826099395752, 24.843579053878784, 24.76138381958008, 24.302294206619262, 24.162235307693482, 24.087037563323975, 24.141872882843018, 24.421143436431883, 23.956741189956666, 24.705361127853394, 24.141380167007448, 24.114888858795165, 24.157416915893556, 24.5790904045105, 24.268207216262816, 23.846180391311645, 23.889929676055907, 24.218881368637085, 23.901440143585205, 23.7000461101532, 24.017763757705687, 24.027647066116334, 24.233489513397217, 23.81481513977051, 23.75016622543335, 23.940104675292968, 23.98372220993042, 23.714853954315185, 23.716308736801146, 23.65584001541138, 23.69239115715027, 24.213865995407104, 23.485274744033813, 23.670911979675292, 23.85306234359741, 23.782807779312133, 23.51340718269348, 23.588888311386107, 23.97637720108032, 24.826129627227782, 23.93817868232727, 23.66024479866028, 23.709373807907106, 23.66171236038208, 23.42985248565674, 23.446613550186157, 23.3748761177063, 23.517189931869506, 23.709327745437623, 23.303628635406493, 24.655143070220948, 23.791826248168945, 23.761931848526, 23.5668354511261, 23.830030727386475]}