{"ae_train_losses": [156.58851470947266, 111.86778717041015, 94.73539428710937, 71.45438232421876, 60.76294784545898, 54.68285598754883, 53.884637451171876, 50.90563049316406, 49.77724609375, 48.490509033203125, 47.30120010375977, 47.569123077392575, 49.054316711425784, 45.27948150634766, 43.42441253662109, 41.48428802490234, 40.36537551879883, 38.75744781494141, 37.39923934936523, 36.55321426391602, 35.61891632080078, 35.26817169189453, 33.29313583374024, 32.41094551086426, 32.32907218933106, 31.74587631225586, 30.988544845581053, 30.65291633605957, 30.897074890136718, 30.031176376342774, 29.5968318939209, 29.38158302307129, 29.450745391845704, 28.43282470703125, 28.580342102050782, 28.150732803344727, 27.534714889526366, 27.409497833251955, 27.266059112548827, 27.679092788696288, 27.170965576171874, 26.2423095703125, 26.410678482055665, 26.97748908996582, 26.153719329833983, 26.102130889892578, 26.229158782958983, 25.43561248779297, 25.816149139404295, 26.371364212036134, 26.167750930786134, 25.815697860717773, 25.79454803466797, 25.233520126342775, 26.038955307006837, 25.648070526123046, 25.59174346923828, 25.330056381225585, 25.68519172668457, 25.721308135986327, 26.300397872924805, 25.813312149047853, 25.321730422973634, 25.92641944885254, 25.61319580078125, 25.597397232055663, 25.351313018798827, 25.65710029602051, 25.360587692260744, 25.708996200561522, 25.081806182861328, 26.061215972900392, 25.45803031921387, 25.086994552612303, 24.838592529296875, 24.58888359069824, 24.294340133666992, 24.785826873779296, 24.70463752746582, 25.377727127075197, 25.570598983764647, 26.278979873657228, 25.60831985473633, 24.83764991760254, 25.8385368347168, 25.0922061920166, 24.55686149597168, 24.734415817260743, 24.62260513305664, 25.140207290649414, 25.0304313659668, 24.718421936035156, 24.93936233520508, 24.5166805267334, 24.78047981262207, 25.631947708129882, 24.584074020385742, 25.561965942382812, 24.909132766723634, 25.33792915344238], "ae_eval_losses": [115.07169609069824, 106.2149133682251, 102.09144039154053, 75.06324787139893, 59.242649745941165, 68.22658615112304, 69.62056980133056, 51.5124192237854, 51.853853702545166, 51.93247623443604, 47.4042308807373, 52.08851089477539, 44.12670202255249, 50.27633962631226, 39.47144269943237, 41.896862506866455, 38.88556118011475, 40.15409126281738, 40.543343734741214, 36.2799859046936, 38.303150749206544, 35.62473516464233, 33.41221647262573, 33.09826035499573, 31.933102512359618, 31.367455196380615, 31.12623014450073, 30.77992606163025, 30.048111581802367, 29.818182754516602, 29.600176095962524, 29.940491008758546, 28.985006761550903, 29.658660173416138, 28.228252506256105, 28.463997507095335, 27.53324704170227, 27.537765645980834, 27.295242929458617, 27.001427173614502, 26.85707778930664, 26.618425369262695, 26.961390495300293, 26.945917558670043, 26.114609813690187, 26.494882106781006, 26.378723907470704, 25.893124961853026, 26.302519845962525, 26.073176670074464, 25.69361367225647, 26.242211961746214, 25.878060054779052, 26.29683938026428, 25.660281372070312, 25.605692911148072, 25.551374530792238, 25.68950219154358, 25.642073106765746, 26.1584725856781, 25.628529357910157, 25.675706148147583, 25.483543872833252, 25.675182247161864, 25.94183940887451, 25.454870986938477, 26.13632216453552, 25.823558235168456, 25.712524271011354, 25.21957721710205, 25.369555377960204, 25.85035467147827, 25.35962324142456, 25.11193151473999, 24.912371015548707, 25.23627977371216, 25.70698766708374, 25.50737624168396, 25.53252778053284, 25.461963367462157, 25.415555047988892, 25.844202613830568, 25.619247436523438, 25.71872568130493, 25.328962421417238, 25.22612018585205, 24.9260694026947, 24.91199688911438, 24.71233015060425, 24.750715732574463, 24.851025438308717, 24.763246870040895, 24.678353929519652, 24.800148582458498, 24.81573405265808, 24.68342523574829, 25.190396308898926, 24.754696464538576, 24.94347515106201, 25.157268714904784]}