{"ae_train_losses": [159.7052764892578, 205.4797821044922, 148.05581665039062, 126.947998046875, 112.76968383789062, 103.60598754882812, 100.44674682617188, 97.94096374511719, 96.98519134521484, 95.95805358886719, 94.90538024902344, 93.9330062866211, 93.45021057128906, 92.41645050048828, 91.6673812866211, 90.70613861083984, 89.67778778076172, 88.06150817871094, 86.95442962646484, 86.78800964355469, 85.63944244384766, 84.89418029785156, 84.44139099121094, 83.09040832519531, 81.54069519042969, 80.0829086303711, 78.74124145507812, 77.40573120117188, 74.96635437011719, 73.35411071777344, 72.86381530761719, 70.34130859375, 70.19618225097656, 66.98339080810547, 64.67037963867188, 63.70063400268555, 60.22551727294922, 59.61265563964844, 57.594032287597656, 56.38059616088867, 56.60868835449219, 55.77414321899414, 55.35693359375, 55.65964126586914, 55.13844680786133, 52.51228332519531, 52.837215423583984, 53.42572021484375, 51.97181701660156, 53.095115661621094, 53.23335647583008, 52.037147521972656, 51.349365234375, 51.62746047973633, 50.63867950439453, 50.748050689697266, 49.847991943359375, 50.43711853027344, 50.22529983520508, 50.8831787109375, 49.47906494140625, 49.40970993041992, 50.81757736206055, 50.34537887573242, 48.15400695800781, 49.07426834106445, 48.80249786376953, 48.739559173583984, 47.13885498046875, 48.07839584350586, 48.19416046142578, 46.16506576538086, 48.6242561340332, 49.594329833984375, 51.44636154174805, 50.32722854614258, 48.567195892333984, 49.76604461669922, 47.75373840332031, 46.19190216064453, 45.50535583496094, 46.0185432434082, 47.33236312866211, 45.56559371948242, 46.1811408996582, 45.85761642456055, 45.03136444091797, 44.28580856323242, 43.92835235595703, 43.56587219238281, 42.93881607055664, 44.29941177368164, 42.52338409423828, 42.26642608642578, 42.664764404296875, 42.34947967529297, 41.514732360839844, 41.54294967651367, 42.209716796875, 41.66828536987305], "ae_eval_losses": [127.48251228332519, 121.26840553283691, 113.99965076446533, 108.18002662658691, 102.76224212646484, 97.92416458129883, 94.97298450469971, 93.98750019073486, 93.64125537872314, 93.17907180786133, 92.88995952606201, 92.54720802307129, 92.23161163330079, 91.65416145324707, 90.89293594360352, 89.80549030303955, 89.1408302307129, 88.51735954284668, 87.86265354156494, 87.25009975433349, 86.66589069366455, 86.11233196258544, 85.65911464691162, 84.95722961425781, 84.37478084564209, 83.79942321777344, 82.55219249725342, 82.51798572540284, 79.24836082458496, 77.66353778839111, 75.72322807312011, 75.38073997497558, 73.44313526153564, 72.81628761291503, 71.53443698883056, 69.42766780853272, 64.84629201889038, 61.033738708496095, 58.95812387466431, 58.69748582839966, 58.07516069412232, 57.13771076202393, 55.95093069076538, 54.48544664382935, 52.57188482284546, 52.2106954574585, 53.472192192077635, 52.093015575408934, 55.602355003356934, 54.98875455856323, 53.241246700286865, 51.3996503829956, 50.239594268798825, 51.64901170730591, 52.393432426452634, 53.4203049659729, 52.234353637695314, 50.201564693450926, 49.59838342666626, 50.51210517883301, 50.62527875900268, 49.71464653015137, 48.341900157928464, 49.612802028656006, 49.69177007675171, 48.981340408325195, 47.5362943649292, 48.87241621017456, 48.54029140472412, 47.25642642974854, 46.362862300872806, 45.862464904785156, 50.76165399551392, 55.05675277709961, 52.0286039352417, 48.09655132293701, 47.468501281738284, 46.84502410888672, 45.293276119232175, 44.89544162750244, 45.73693027496338, 45.52741737365723, 43.72968053817749, 43.13894271850586, 43.51005735397339, 44.57349519729614, 44.45023746490479, 43.797965335845944, 43.340605640411376, 43.28772649765015, 43.18442831039429, 42.734128856658934, 42.51355495452881, 42.26548013687134, 41.882738971710204, 42.068264198303225, 42.587883186340335, 42.95599699020386, 42.2423773765564, 41.698403930664064]}