{"ae_train_losses": [130.31404972076416, 91.65075206756592, 67.63658237457275, 52.39656352996826, 48.68792200088501, 46.53135395050049, 45.704323291778564, 49.63250541687012, 43.47909450531006, 40.57970142364502, 38.27233409881592, 36.436787128448486, 34.415730476379395, 32.76352262496948, 31.11824631690979, 29.76014804840088, 28.79627823829651, 28.07153296470642, 27.464452981948853, 26.93697476387024, 26.496723175048828, 26.48638343811035, 26.092243671417236, 25.935489892959595, 25.634819269180298, 25.569750547409058, 25.320762157440186, 25.09885835647583, 24.983182191848755, 24.789820909500122, 24.592579126358032, 24.68160104751587, 24.652854681015015, 24.51789116859436, 24.663897275924683, 24.66000986099243, 24.406623125076294, 24.474725484848022, 24.59533381462097, 24.28303575515747, 24.345796585083008, 24.386180639266968, 24.250014066696167, 24.415791749954224, 24.37619161605835, 24.01595711708069, 23.881412029266357, 24.01142168045044, 24.23877739906311, 24.038975954055786, 24.06126117706299, 24.006060361862183, 23.818143606185913, 23.94341254234314, 23.827066898345947, 23.959672212600708, 24.01059651374817, 24.100853443145752, 23.921401977539062, 23.909488916397095, 23.904193878173828, 23.835269689559937, 23.615440607070923, 23.738152980804443, 23.705820322036743, 23.533013820648193, 23.774345874786377, 23.59236216545105, 23.671270608901978, 23.57708191871643, 23.44270920753479, 23.66268253326416, 23.39061689376831, 23.473612546920776, 23.51968026161194, 23.30823850631714, 23.25914716720581, 23.12887692451477, 23.280733346939087, 23.108064889907837, 23.265810012817383, 23.22798490524292, 23.194085121154785, 23.247650146484375, 23.324350833892822, 23.011105060577393, 23.112709999084473, 22.933453798294067, 22.996866464614868, 23.04954242706299, 22.883400678634644, 22.77884030342102, 22.737797737121582, 22.954724311828613, 22.73684072494507, 22.827571868896484, 22.917279481887817, 22.7688729763031, 22.5808846950531, 22.715327262878418], "ae_eval_losses": [97.91584396362305, 95.20860290527344, 68.38049392700195, 68.09826650619507, 51.96121406555176, 53.50434560775757, 44.8327600479126, 41.91236400604248, 39.86748304367065, 38.67851943969727, 37.284982204437256, 35.55850734710693, 34.177047443389895, 32.265198707580566, 30.711941862106322, 29.085979890823364, 28.654402112960817, 27.755840587615968, 27.166569089889528, 26.7357280254364, 26.588197565078737, 26.218858671188354, 26.32722544670105, 25.718652057647706, 25.78462896347046, 25.62376985549927, 25.099378967285155, 24.874068403244017, 24.97131743431091, 24.706187105178834, 24.67131824493408, 24.611890888214113, 24.630675935745238, 24.856960010528564, 24.6976233959198, 24.528217458724974, 24.662202262878417, 24.4760262966156, 24.48238925933838, 24.284347200393675, 24.253175687789916, 24.22180461883545, 24.201423025131227, 24.248018312454224, 24.150992679595948, 23.992173767089845, 24.01584095954895, 24.34047112464905, 23.994698572158814, 24.064962291717528, 23.834135150909425, 24.070304203033448, 23.78140769004822, 23.762316274642945, 24.133733224868774, 24.17699728012085, 24.18308582305908, 23.954607915878295, 24.334664011001585, 24.08794798851013, 23.951617574691774, 23.981177473068236, 23.75726261138916, 23.6770480632782, 23.7406635761261, 23.72780337333679, 23.773847913742067, 23.719837856292724, 23.48938751220703, 23.636382722854613, 23.538369178771973, 23.767320728302003, 23.829009437561034, 23.598206329345704, 23.40815453529358, 23.32898106575012, 23.35943946838379, 23.309300708770753, 23.22772889137268, 23.22147493362427, 23.31817479133606, 23.381214094161987, 23.082012796401976, 23.309304666519164, 23.12445650100708, 23.044216775894164, 23.141823863983156, 23.05214042663574, 23.034851264953613, 23.029015016555785, 22.896700525283812, 22.949031829833984, 22.90855164527893, 22.784703922271728, 22.862483549118043, 22.83194031715393, 23.025044107437132, 22.8570538520813, 23.03558216094971, 22.837350368499756]}