{"ae_train_losses": [69.72314395904542, 38.3634313583374, 30.499372291564942, 27.318978309631348, 25.40208692550659, 24.116074752807616, 23.425845527648924, 22.71047172546387, 22.341569805145262, 21.850989055633544, 21.42421054840088, 21.20707788467407, 21.03189001083374, 20.88874979019165, 20.754330253601076, 20.55314407348633, 20.525099563598634, 20.492783737182616, 20.405576133728026, 20.31756372451782, 20.282787895202638, 20.243551540374757, 20.226647090911865, 20.07102975845337, 20.01914463043213, 19.99938545227051, 20.0127290725708, 19.870871448516844, 19.8107253074646, 19.784824466705324, 19.76647605895996, 19.779305076599123, 19.73245096206665, 19.768215274810792, 19.726247119903565, 19.553063297271727, 19.517035293579102, 19.533546924591064, 19.569060707092284, 19.465996551513673, 19.370570182800293, 19.40413103103638, 19.427811717987062, 19.394844627380373, 19.46929998397827, 19.40543794631958, 19.174210166931154, 19.36756811141968, 19.23545846939087, 19.500954627990723, 19.348078727722168, 19.174110221862794, 19.138559818267822, 19.21720266342163, 19.241736698150635, 19.093775939941406, 19.06747703552246, 19.033487224578856, 19.048417377471925, 19.127758979797363, 19.158188819885254, 19.020578479766847, 19.02256050109863, 18.928861618041992, 18.84267416000366, 19.034091472625732, 18.90346336364746, 18.83345546722412, 18.92003116607666, 18.828312397003174, 18.827180480957033, 18.956131553649904, 18.902601051330567, 18.826904773712158, 18.764868927001952, 18.969726276397704, 18.845028495788576, 18.86419086456299, 18.858130168914794, 18.775807857513428, 18.85441675186157, 18.789338302612304, 18.787114524841307, 18.780731391906738, 18.680918598175047, 18.570699405670165, 18.6592586517334, 18.66331434249878, 18.664708805084228, 18.684679889678954, 18.74812469482422, 18.667260360717773, 18.738593292236327, 18.573749923706053, 18.606927585601806, 18.588213539123537, 18.733459377288817, 18.5971342086792, 18.571684741973876, 18.57795295715332], "ae_eval_losses": [46.64552698135376, 34.37234582901001, 28.86439428329468, 26.303827142715456, 24.556830072402953, 23.63839817047119, 22.791203689575195, 22.43425407409668, 21.940915632247926, 21.65160675048828, 21.40937008857727, 21.246869611740113, 21.100116395950316, 20.761420488357544, 20.778646898269653, 20.586617374420165, 20.55873284339905, 20.650774192810058, 20.40155186653137, 20.58986291885376, 20.33608808517456, 20.47770028114319, 20.928283882141113, 20.196810293197633, 20.27552409172058, 20.423918676376342, 19.98311529159546, 20.259298372268677, 19.973494052886963, 19.99578490257263, 20.09858660697937, 19.837203121185304, 20.20496759414673, 19.986889600753784, 19.800176334381103, 19.808157300949098, 19.770638275146485, 19.6602744102478, 19.780387973785402, 19.681127882003786, 19.54868245124817, 19.623712253570556, 19.773452758789062, 19.61099910736084, 19.77823338508606, 19.71666488647461, 19.59174213409424, 19.711207485198976, 19.57870931625366, 19.79843978881836, 19.537003135681154, 19.53393597602844, 19.49279079437256, 19.794498682022095, 19.473661279678346, 19.31320514678955, 19.3605357170105, 19.449106693267822, 19.513648653030394, 19.633083391189576, 19.236760711669923, 19.34568061828613, 19.238318586349486, 19.179817962646485, 19.19871644973755, 19.231591749191285, 19.16338458061218, 19.306091022491454, 19.32049036026001, 19.140424251556396, 19.272139501571655, 19.171574735641478, 19.167704820632935, 19.26421537399292, 19.377095317840578, 19.552464103698732, 19.373438167572022, 19.1490647315979, 19.346236991882325, 19.165315771102904, 19.203379583358764, 19.1706582069397, 19.075189876556397, 19.26038603782654, 19.029308605194093, 19.117433261871337, 19.2335618019104, 19.0035315990448, 19.065825176239013, 19.17111201286316, 18.943437337875366, 19.27033567428589, 19.023922443389893, 19.01856369972229, 19.11080160140991, 19.019415426254273, 19.16069221496582, 19.11002149581909, 19.078145265579224, 19.114890003204344]}