{"ae_train_losses": [132.79136657714844, 166.47991943359375, 133.3557891845703, 116.09113311767578, 107.15601348876953, 99.52651977539062, 97.81271362304688, 97.0527114868164, 96.0169448852539, 94.85575866699219, 93.80536651611328, 93.73918914794922, 92.89356994628906, 92.16336059570312, 90.84204864501953, 90.55758666992188, 89.10271453857422, 86.04206848144531, 84.49407958984375, 81.96649932861328, 78.5521240234375, 76.53762817382812, 73.7262954711914, 70.05815887451172, 67.7317886352539, 65.94365692138672, 63.82365417480469, 60.906864166259766, 58.9316291809082, 57.83609390258789, 55.77810287475586, 57.015869140625, 55.0193977355957, 55.46050262451172, 52.28861999511719, 53.4202880859375, 53.19881820678711, 52.15232849121094, 50.657875061035156, 50.48092269897461, 50.39662170410156, 48.43719482421875, 48.51239013671875, 49.70405197143555, 47.6945686340332, 47.34298324584961, 48.61798095703125, 47.019588470458984, 47.70561599731445, 47.206600189208984, 46.61140441894531, 47.73566436767578, 48.10957717895508, 45.60198974609375, 46.55260467529297, 45.93401336669922, 45.18461227416992, 43.68922805786133, 46.21006774902344, 45.468475341796875, 44.19417953491211, 45.24512481689453, 45.66888427734375, 44.56232833862305, 43.15521240234375, 43.33653259277344, 42.55202865600586, 43.17180633544922, 42.9341926574707, 42.59188461303711, 41.99066162109375, 42.13427734375, 40.97218704223633, 39.90361404418945, 40.02402114868164, 40.722373962402344, 40.16007614135742, 39.60260772705078, 39.134796142578125, 39.172019958496094, 38.96460723876953, 38.40285110473633, 38.259483337402344, 37.074501037597656, 38.131282806396484, 36.58196258544922, 37.983943939208984, 35.63491439819336, 35.64246368408203, 35.85877990722656, 36.32039260864258, 36.24930191040039, 35.88259506225586, 35.932098388671875, 35.7146110534668, 35.302757263183594, 34.96350860595703, 34.19047164916992, 34.32444763183594, 33.75668716430664], "ae_eval_losses": [125.69490051269531, 124.62807273864746, 119.49965934753418, 115.41944942474365, 106.9188331604004, 101.78272857666016, 99.76904926300048, 97.86792469024658, 95.97175273895263, 94.67573547363281, 94.0361541748047, 93.44948310852051, 92.99986190795899, 92.64867362976074, 92.5363712310791, 92.259197807312, 91.5464427947998, 90.0414613723755, 88.75345211029052, 86.72614307403565, 83.24502716064453, 79.5348087310791, 76.88103618621827, 73.58099918365478, 72.07916870117188, 72.26284637451172, 71.24766273498535, 70.1167540550232, 66.22823362350464, 61.66054019927979, 58.823336601257324, 57.753568458557126, 56.35667314529419, 55.35539855957031, 55.21472606658936, 55.02062902450562, 53.96763572692871, 52.111044311523436, 50.30145273208618, 49.31036138534546, 48.9301323890686, 52.07815065383911, 53.816256809234616, 52.14127044677734, 48.38114681243896, 47.428121948242186, 48.927518653869626, 52.44019680023193, 52.66014051437378, 50.50480718612671, 47.837191104888916, 47.715522861480714, 50.76572952270508, 54.07261800765991, 53.823723793029785, 50.63343915939331, 46.77945699691772, 44.84871015548706, 45.174276161193845, 47.65252132415772, 49.54650039672852, 49.169797039031984, 46.421024799346924, 43.145309352874754, 41.82323160171509, 42.88425168991089, 44.862763023376466, 45.643124198913576, 44.65309715270996, 42.53317089080811, 41.06303806304932, 40.60041170120239, 41.45355110168457, 41.63746871948242, 42.311824321746826, 41.87616300582886, 41.04045286178589, 40.97596626281738, 40.82917070388794, 40.84810018539429, 40.69501028060913, 40.19869565963745, 40.033531188964844, 39.47592315673828, 38.79912281036377, 38.33563566207886, 38.21657218933105, 37.94366292953491, 37.55082416534424, 37.22274112701416, 37.576528263092044, 37.729518508911134, 37.42911567687988, 36.91318759918213, 36.37963390350342, 36.122399711608885, 36.2134407043457, 36.648031902313235, 36.975651550292966, 36.50467987060547]}