{"ae_train_losses": [162.03392028808594, 165.85958862304688, 132.44674682617188, 118.62627410888672, 109.7957763671875, 104.16439819335938, 102.06729125976562, 99.60651397705078, 98.13044738769531, 95.92850494384766, 94.34393310546875, 91.85623931884766, 90.03289031982422, 87.12760925292969, 83.27762603759766, 77.95022583007812, 74.694580078125, 71.3291015625, 66.3656234741211, 65.3150634765625, 62.10023880004883, 61.08118438720703, 59.7640266418457, 59.95206069946289, 58.56808090209961, 56.230369567871094, 56.11160659790039, 54.986698150634766, 55.65180587768555, 53.86115264892578, 54.99012756347656, 52.692039489746094, 52.23624801635742, 51.57174301147461, 51.794803619384766, 49.515525817871094, 49.20881271362305, 51.46120071411133, 50.2914924621582, 50.39186096191406, 48.85875701904297, 49.0408935546875, 47.09389877319336, 46.83287811279297, 46.26123046875, 47.100799560546875, 47.32939529418945, 46.91048812866211, 46.167762756347656, 46.62009811401367, 46.18555450439453, 45.08132553100586, 47.66484451293945, 44.15880584716797, 45.54894256591797, 45.17305374145508, 45.44857406616211, 43.86802291870117, 41.89492416381836, 41.84675216674805, 41.0250244140625, 41.73845672607422, 40.88631057739258, 40.387451171875, 39.3671875, 39.2148323059082, 38.50041580200195, 38.098411560058594, 37.58452606201172, 37.74564743041992, 37.20119857788086, 36.22092819213867, 36.91606521606445, 37.044212341308594, 35.294883728027344, 35.4088020324707, 35.904903411865234, 36.10253143310547, 35.39793395996094, 34.39606475830078, 33.95450210571289, 34.43504333496094, 34.07481002807617, 35.09374237060547, 33.30753707885742, 33.34320068359375, 32.62771987915039, 33.12134552001953, 31.666526794433594, 32.340858459472656, 31.988786697387695, 31.280160903930664, 31.807329177856445, 31.17142105102539, 29.97945785522461, 31.051889419555664, 30.43003273010254, 30.759328842163086, 30.54009246826172, 30.91714859008789], "ae_eval_losses": [145.6047451019287, 149.93692016601562, 137.82124061584472, 124.90442905426025, 115.50059452056885, 109.54903926849366, 104.39856605529785, 101.15179672241212, 99.25134315490723, 97.46718845367431, 95.73022575378418, 94.31970520019532, 93.37577724456787, 93.08448238372803, 92.48110961914062, 92.46301155090332, 87.57268981933593, 78.41813163757324, 70.01506099700927, 61.96229944229126, 59.08278665542603, 60.15178689956665, 58.82899208068848, 56.53992614746094, 55.23765411376953, 54.1060528755188, 55.084852027893064, 60.076204013824466, 63.04689588546753, 62.038367652893065, 59.057264137268064, 55.343038654327394, 51.96953182220459, 50.7928409576416, 51.50460510253906, 52.85760793685913, 52.90797052383423, 51.20810775756836, 49.48667764663696, 48.35948238372803, 47.09659872055054, 48.578122234344484, 50.23240451812744, 50.44265604019165, 49.04967613220215, 47.77821445465088, 48.611104774475095, 50.88933992385864, 51.86285934448242, 51.15877227783203, 47.86396284103394, 45.337696170806886, 49.384707832336424, 52.71288356781006, 52.72644577026367, 49.874977588653564, 45.76319484710693, 42.53345804214477, 41.39349966049194, 41.73097324371338, 42.77009925842285, 44.18239135742188, 43.83347778320312, 41.74086513519287, 40.73576431274414, 40.296373748779295, 39.621751117706296, 39.03086643218994, 38.623237419128415, 38.75886240005493, 38.85863046646118, 38.69105672836304, 38.54857168197632, 37.600376224517824, 36.8877610206604, 36.452584171295165, 36.4479923248291, 36.63035221099854, 35.97715921401978, 35.42060317993164, 35.081785678863525, 35.34886274337769, 36.10323534011841, 36.037902450561525, 35.33733677864075, 34.40166416168213, 33.891425704956056, 33.96310863494873, 34.10545949935913, 34.09715757369995, 33.799821853637695, 33.2439564704895, 32.68774766921997, 32.56158809661865, 32.35288987159729, 32.75715966224671, 33.09139666557312, 32.868549060821536, 32.15839490890503, 31.77046627998352]}