{"ae_train_losses": [102.02276077270508, 52.12595806121826, 46.11188716888428, 42.80078258514404, 40.45021915435791, 34.93251972198486, 30.5930588722229, 28.433885383605958, 26.91238136291504, 25.700198650360107, 24.989763736724854, 24.692420101165773, 24.210094928741455, 24.171945571899414, 24.01737880706787, 23.975588512420654, 23.871638011932372, 23.858063411712646, 23.79695596694946, 23.755181407928468, 23.798134994506835, 23.687384700775148, 23.652928733825682, 23.549506282806398, 23.64923677444458, 23.569606494903564, 23.41810827255249, 23.406877040863037, 23.419143962860108, 23.229716491699218, 23.254413414001466, 23.220319938659667, 23.088356590270998, 22.89023675918579, 22.80087194442749, 22.7879958152771, 22.625459003448487, 22.40630760192871, 22.415552043914794, 22.17366886138916, 22.030046463012695, 22.001659679412843, 21.765730381011963, 21.624312686920167, 21.513704109191895, 21.356789112091064, 21.25611810684204, 21.22116298675537, 21.066756439208984, 20.95256061553955, 20.887236499786376, 20.88819761276245, 20.831616497039796, 20.670945739746095, 20.78495979309082, 20.702505779266357, 20.471713161468507, 20.46003189086914, 20.30441246032715, 20.265739822387694, 20.170213317871095, 20.168138408660887, 20.227951335906983, 20.099435234069823, 20.036459255218507, 20.076959896087647, 20.052746295928955, 19.979052734375, 19.915905952453613, 19.84870433807373, 19.723174571990967, 19.68393211364746, 19.797397518157958, 19.697615814208984, 19.643153285980226, 19.700500202178954, 19.6040132522583, 19.601144313812256, 19.628056526184082, 19.53462905883789, 19.49272241592407, 19.61232280731201, 19.52209129333496, 19.465162372589113, 19.541558170318602, 19.611728477478028, 19.436936569213866, 19.35085525512695, 19.449059391021727, 19.406498146057128, 19.36162872314453, 19.302917575836183, 19.35984468460083, 19.25687208175659, 19.203474617004396, 19.20833730697632, 19.194348907470705, 19.17488212585449, 19.262536811828614, 19.16395483016968], "ae_eval_losses": [70.15297451019288, 50.700590229034425, 42.95321016311645, 44.125138664245604, 38.539592266082764, 32.81691489219666, 29.028052711486815, 27.429790449142455, 26.61527900695801, 25.236338520050047, 24.762596368789673, 24.56466164588928, 24.37433753013611, 24.532209968566896, 24.095560169219972, 23.83687467575073, 23.935849809646605, 23.964894676208495, 23.74229383468628, 23.71804361343384, 23.87232232093811, 23.766448640823363, 23.970289564132692, 23.832618236541748, 23.659600162506102, 23.557914876937865, 23.309731197357177, 23.479146003723145, 23.201360511779786, 23.257688283920288, 23.471293497085572, 23.066688299179077, 23.22440767288208, 23.080831289291382, 22.874270963668824, 22.764620351791383, 22.66186418533325, 22.408915090560914, 22.655995559692382, 22.209401178359986, 21.904309606552125, 21.75006322860718, 21.884426259994505, 21.600003814697267, 21.45980010032654, 21.400680255889892, 21.247966861724855, 21.32421431541443, 21.21446771621704, 20.866424369812012, 20.92409152984619, 20.960723781585692, 20.62742862701416, 20.68203773498535, 20.878418827056883, 20.52363862991333, 20.48146505355835, 20.31985878944397, 20.43764305114746, 20.244823122024535, 20.301858949661256, 20.321417140960694, 20.1857892036438, 20.241434717178343, 20.101413249969482, 20.150633811950684, 20.11032772064209, 20.170829010009765, 19.851548767089845, 19.822253131866454, 19.82486982345581, 19.867652082443236, 19.821800470352173, 19.76097345352173, 19.845722055435182, 19.649035024642945, 19.706213855743407, 19.68121953010559, 19.74925994873047, 19.756741046905518, 19.658817529678345, 19.461768007278444, 19.66911029815674, 19.570095348358155, 19.73518419265747, 19.74696183204651, 19.541891193389894, 19.48324794769287, 19.60834746360779, 19.55129942893982, 19.46610207557678, 19.44328956604004, 19.446619939804076, 19.41770997047424, 19.37862358093262, 19.41889019012451, 19.48361768722534, 19.36966242790222, 19.41713809967041, 19.44694995880127]}