{"ae_train_losses": [113.30341386795044, 57.19318962097168, 48.620909214019775, 47.19727158546448, 41.871437549591064, 38.50413990020752, 35.26226282119751, 31.931333899497986, 29.443020224571228, 28.01127803325653, 26.499237775802612, 25.47298240661621, 24.9473694562912, 24.870638966560364, 24.44421899318695, 24.25689148902893, 24.224587082862854, 24.157613277435303, 24.05592966079712, 23.91507089138031, 23.93117368221283, 24.002626657485962, 23.96386468410492, 23.728256106376648, 23.621867895126343, 23.815385103225708, 23.63157832622528, 23.54855966567993, 23.48150908946991, 23.42083239555359, 23.288946390151978, 23.379967093467712, 23.201406598091125, 23.096404194831848, 23.091050505638123, 22.793808817863464, 22.585497975349426, 22.561936616897583, 22.666664481163025, 22.393147468566895, 22.35551917552948, 22.382046222686768, 22.177942752838135, 22.063199996948242, 21.86515998840332, 21.73623490333557, 21.64311444759369, 21.587204337120056, 21.541227102279663, 21.485928416252136, 21.403249740600586, 21.208329439163208, 21.28333568572998, 21.158410787582397, 21.04629075527191, 20.993712902069092, 20.859891653060913, 20.78292715549469, 20.83125078678131, 20.75180447101593, 20.675129532814026, 20.543319940567017, 20.439849734306335, 20.60473132133484, 20.545953631401062, 20.318376779556274, 20.330604434013367, 20.44928252696991, 20.267094612121582, 20.215813040733337, 20.32477080821991, 20.23655140399933, 20.13996934890747, 20.20486354827881, 20.25523543357849, 20.168399572372437, 20.137201070785522, 20.074816584587097, 19.90473508834839, 19.925938725471497, 19.912866473197937, 19.928800106048584, 19.82315707206726, 19.793070793151855, 19.817522168159485, 19.705583333969116, 19.802841901779175, 19.743990302085876, 19.72684383392334, 19.72122848033905, 19.73250162601471, 19.687021851539612, 19.69997465610504, 19.769044160842896, 19.719148874282837, 19.628975868225098, 19.550975561141968, 19.62629508972168, 19.54758358001709, 19.460154056549072], "ae_eval_losses": [103.92287540435791, 55.5898720741272, 55.93260793685913, 42.434208965301515, 41.49605474472046, 35.85867719650268, 35.967012310028075, 29.865655994415285, 28.690888833999633, 27.050307512283325, 25.917350721359252, 25.229646587371825, 24.841698169708252, 24.80061807632446, 24.478330230712892, 24.31965970993042, 24.216139030456542, 24.076751470565796, 24.17234687805176, 23.88720769882202, 24.047929811477662, 23.92239212989807, 23.985179233551026, 23.835406970977782, 23.660774374008177, 23.703868627548218, 23.636372327804565, 23.683127784729002, 23.489714002609254, 23.38591833114624, 23.404441022872923, 23.361031103134156, 23.20836696624756, 23.143127775192262, 22.754462337493898, 22.65002875328064, 22.604575872421265, 22.602987146377565, 22.795501136779784, 22.31830506324768, 22.327007579803468, 22.469212579727174, 22.163187074661256, 22.24016318321228, 21.65423321723938, 21.81300506591797, 21.634770917892457, 21.57788496017456, 21.413784646987914, 21.446941232681276, 21.32591304779053, 21.235720300674437, 21.00987286567688, 21.434831523895262, 21.101600408554077, 20.943749332427977, 20.80741157531738, 21.006723737716676, 20.778306341171266, 20.712343311309816, 20.67275400161743, 20.64171357154846, 20.79186930656433, 20.718981122970582, 20.382352542877197, 20.431104040145875, 20.753288221359252, 20.374714040756224, 20.32348895072937, 20.31747999191284, 20.38729124069214, 20.22320351600647, 20.366989517211913, 20.47411470413208, 20.25856194496155, 20.399286842346193, 20.28382363319397, 20.05728030204773, 20.037717628479005, 20.063770914077757, 19.929568433761595, 20.129716539382933, 20.01864595413208, 19.91156325340271, 19.860349798202513, 19.874851655960082, 20.023092460632324, 19.910038328170778, 19.887621021270753, 19.91101393699646, 19.817747783660888, 19.731789207458498, 19.972233915328978, 19.852078914642334, 19.859616374969484, 19.81880912780762, 19.88763508796692, 19.78210711479187, 19.688569641113283, 19.67151975631714]}