{"ae_train_losses": [108.34664573669434, 52.07905902862549, 47.11903343200684, 44.93795547485352, 37.545240211486814, 33.33277015686035, 30.284045505523682, 28.230635547637938, 27.161642646789552, 26.48654947280884, 25.838769245147706, 25.264431381225585, 24.980605030059813, 24.58855676651001, 24.471724700927734, 24.372492790222168, 24.207710552215577, 24.222368812561037, 24.160552501678467, 24.10763626098633, 23.879981327056885, 23.93445806503296, 23.932242965698244, 23.81469144821167, 23.80678653717041, 23.750833606719972, 23.68519706726074, 23.65470609664917, 23.42248821258545, 23.320314979553224, 23.276115512847902, 23.204663467407226, 23.109189224243163, 23.02784252166748, 23.003413581848143, 22.82278299331665, 22.86737871170044, 22.831356048583984, 22.78415822982788, 22.608963298797608, 22.63642978668213, 22.51156368255615, 22.74113264083862, 22.57617120742798, 22.63244285583496, 22.550102138519286, 22.311612033843993, 22.518321990966797, 22.42399263381958, 22.48704786300659, 22.505248832702637, 22.406632709503175, 22.386262607574462, 22.366613388061523, 22.259300231933594, 22.26906862258911, 22.210050106048584, 22.21313409805298, 22.06940813064575, 22.144595050811766, 22.052548503875734, 22.042641735076906, 22.037279415130616, 21.859159851074217, 21.960898399353027, 21.906149005889894, 21.820385646820068, 21.76618766784668, 21.798568439483642, 21.57227506637573, 21.595445823669433, 21.51164903640747, 21.520834541320802, 21.255454349517823, 21.355737972259522, 21.33941259384155, 21.133927726745604, 21.166687488555908, 20.959715366363525, 20.964788913726807, 21.028397178649904, 20.85861654281616, 20.81119337081909, 20.8213360786438, 20.697038459777833, 20.6736909866333, 20.660869884490968, 20.741006088256835, 20.742708110809325, 20.57218465805054, 20.604910564422607, 20.508131313323975, 20.522082233428954, 20.364916133880616, 20.46257085800171, 20.333605194091795, 20.36796979904175, 20.35829315185547, 20.45335998535156, 20.27877187728882], "ae_eval_losses": [72.77098484039307, 57.863867378234865, 49.18894891738891, 39.31836061477661, 36.592767810821535, 31.871210861206055, 28.766811418533326, 27.647984123229982, 26.649043321609497, 26.31273760795593, 25.45481653213501, 25.21786484718323, 24.830055284500123, 24.506360912322997, 24.45999231338501, 24.256904220581056, 24.346277809143068, 24.197190046310425, 23.997089862823486, 24.511943340301514, 23.991856193542482, 23.893867015838623, 23.95942168235779, 23.771813440322877, 23.98629207611084, 24.040548515319824, 23.659187030792236, 23.553994750976564, 23.797980308532715, 23.28697814941406, 23.24647250175476, 23.254225969314575, 23.28498764038086, 23.085063171386718, 23.190034770965575, 23.03382577896118, 22.853330087661742, 23.204782962799072, 22.840527296066284, 22.823496723175047, 22.6800377368927, 22.617867183685302, 22.754395055770875, 22.691364526748657, 22.52808952331543, 22.41635928153992, 22.490149068832398, 22.4372615814209, 22.635147190093996, 22.27154450416565, 22.818312406539917, 22.891745471954344, 22.443046617507935, 22.371200561523438, 22.319909954071044, 22.149928998947143, 22.205400800704957, 22.09686150550842, 22.298289155960084, 22.148291206359865, 22.111754369735717, 22.229631853103637, 22.069168663024904, 21.98081245422363, 22.05870485305786, 21.988024997711182, 21.931105756759642, 21.689574241638184, 21.719148445129395, 21.606970405578615, 21.591618156433107, 21.526750802993774, 21.42473793029785, 21.443117332458495, 21.316743421554566, 21.105898714065553, 21.396596479415894, 21.215480852127076, 20.976214933395386, 20.961255884170534, 21.05140390396118, 21.06150074005127, 21.014521646499634, 20.89556488990784, 20.791605710983276, 20.743948698043823, 20.92097177505493, 20.871149873733522, 20.7358332157135, 20.665386056900026, 20.570374393463133, 20.523845291137697, 20.439289712905882, 20.451508378982545, 20.377784538269044, 20.372230768203735, 20.480425548553466, 22.712321710586547, 20.64493613243103, 20.53036847114563]}