{"ae_train_losses": [126.48628950119019, 64.48969006538391, 51.62306547164917, 47.44524574279785, 44.808578968048096, 42.18728566169739, 39.133148193359375, 35.92482328414917, 33.08203482627869, 31.046422004699707, 29.658623099327087, 28.416473627090454, 27.376866817474365, 26.686511874198914, 26.4059876203537, 25.93001699447632, 25.6416038274765, 25.346051454544067, 25.190531849861145, 24.975865244865417, 25.04664397239685, 24.89761221408844, 24.833244919776917, 24.704272150993347, 24.682058453559875, 24.72901451587677, 24.572369694709778, 24.520076036453247, 24.392181396484375, 24.333078145980835, 24.43756854534149, 24.190908789634705, 24.342712879180908, 24.227742195129395, 24.0482075214386, 24.104432702064514, 24.16031038761139, 24.08439290523529, 24.108354210853577, 23.98669743537903, 24.01057529449463, 24.075324058532715, 24.05840301513672, 24.020671486854553, 24.07780122756958, 23.972306728363037, 24.00567400455475, 24.144765377044678, 24.089330315589905, 23.985134720802307, 23.82839274406433, 23.901973366737366, 23.864863991737366, 23.97134828567505, 23.81799590587616, 23.60558569431305, 23.587446093559265, 23.76124382019043, 23.703826785087585, 23.949501037597656, 24.147666931152344, 23.76390290260315, 23.995091199874878, 23.912217378616333, 23.564210772514343, 23.937143921852112, 23.825130105018616, 23.651033639907837, 23.60115885734558, 23.584038376808167, 23.353281378746033, 23.37378442287445, 23.409611463546753, 23.547754645347595, 23.376359224319458, 23.415313601493835, 23.50454306602478, 23.410518765449524, 23.364214062690735, 23.234623670578003, 23.471787214279175, 23.33868944644928, 23.46513080596924, 23.33760404586792, 23.54694163799286, 23.28440296649933, 23.324161052703857, 23.395352005958557, 23.227176427841187, 23.37498962879181, 23.35603177547455, 23.284088253974915, 23.235358715057373, 23.378398537635803, 23.345890522003174, 23.277759432792664, 23.382046103477478, 23.270357131958008, 23.226778507232666, 23.298877120018005], "ae_eval_losses": [105.13512229919434, 61.1715500831604, 49.14608068466187, 43.251982593536376, 43.61699342727661, 40.70455808639527, 38.99676113128662, 35.197765064239505, 32.27556509971619, 30.50498971939087, 28.91507453918457, 27.852058362960815, 27.044672679901122, 26.49513645172119, 26.016785383224487, 25.702952003479005, 25.32273688316345, 25.23115782737732, 25.07003598213196, 24.956245517730714, 24.877710819244385, 24.88414716720581, 24.60696210861206, 24.5567889213562, 24.629226160049438, 24.975057649612427, 24.28323130607605, 24.314604616165163, 24.26174216270447, 24.414531087875368, 24.241380596160887, 24.63834443092346, 24.113535356521606, 24.221334409713744, 24.29057369232178, 24.28608980178833, 24.40719223022461, 23.889799070358276, 24.250381422042846, 24.06384892463684, 24.277462863922118, 24.159153556823732, 24.539807176589967, 24.22662024497986, 23.84170503616333, 23.87957935333252, 26.64066982269287, 24.531520557403564, 23.839632749557495, 23.853007221221922, 23.956856107711793, 24.114166975021362, 23.63989152908325, 23.671413564682005, 23.612569999694824, 23.830510330200195, 23.96562738418579, 23.528859424591065, 29.22395896911621, 24.40089683532715, 23.79709401130676, 23.915601110458375, 25.01863956451416, 23.728580808639528, 24.208475160598756, 24.209770488739014, 23.551788759231567, 23.480029773712157, 23.397697305679323, 23.37803053855896, 23.376234149932863, 23.26096863746643, 23.59525818824768, 23.26920642852783, 23.56403331756592, 23.25175561904907, 23.59475712776184, 23.33387498855591, 23.300245571136475, 23.28867111206055, 23.45141487121582, 23.18555326461792, 23.172052955627443, 23.483522748947145, 23.19689598083496, 23.45397882461548, 23.23877739906311, 23.29083104133606, 23.18934292793274, 23.21199960708618, 23.54418501853943, 23.16862816810608, 23.379997634887694, 23.40823588371277, 23.9156391620636, 23.23988060951233, 23.19724111557007, 23.191098117828368, 23.227793741226197, 23.144939184188843]}