{"ae_train_losses": [233.467041015625, 215.0691680908203, 160.44595336914062, 126.41380310058594, 115.46058654785156, 108.14915466308594, 105.44591522216797, 103.30441284179688, 101.60771179199219, 99.92007446289062, 98.3392562866211, 97.23683166503906, 96.34317016601562, 95.37033081054688, 95.39468383789062, 93.97172546386719, 92.75370788574219, 90.99139404296875, 89.65304565429688, 88.62239074707031, 86.10250091552734, 83.32241821289062, 80.70350646972656, 78.58615112304688, 76.73776245117188, 75.50292205810547, 73.60082244873047, 74.587646484375, 72.0698013305664, 70.05884552001953, 68.0101318359375, 65.20881652832031, 63.9955940246582, 60.88703155517578, 59.42152786254883, 59.2594108581543, 56.66794967651367, 56.43262481689453, 55.28089904785156, 54.864051818847656, 53.32635498046875, 54.18872833251953, 53.646522521972656, 52.42782211303711, 51.89639663696289, 53.58434295654297, 52.71460723876953, 53.560340881347656, 53.98991394042969, 51.02589797973633, 53.136962890625, 50.56918716430664, 50.84960174560547, 51.35194778442383, 49.9351806640625, 48.54017639160156, 49.165283203125, 49.69011688232422, 48.83953094482422, 47.94303512573242, 47.11308670043945, 47.16172790527344, 47.97616195678711, 46.10212707519531, 46.04799270629883, 46.33433532714844, 47.29971694946289, 45.51039505004883, 45.82588577270508, 44.30023956298828, 45.019287109375, 43.528564453125, 43.49272918701172, 44.23676300048828, 43.455223083496094, 43.28586959838867, 43.63262939453125, 43.35700225830078, 42.53398895263672, 42.14033126831055, 41.99391555786133, 42.698280334472656, 41.07937240600586, 41.786746978759766, 40.967864990234375, 40.47990798950195, 39.54244613647461, 38.10775375366211, 38.87034606933594, 38.814231872558594, 39.56846237182617, 38.72433853149414, 39.119476318359375, 37.12570571899414, 37.71831512451172, 36.51271438598633, 36.293861389160156, 36.76966857910156, 37.196807861328125, 35.503108978271484], "ae_eval_losses": [144.84248237609864, 142.4988571166992, 120.92771434783936, 109.69840221405029, 103.39400730133056, 100.42675075531005, 98.42045593261719, 97.17167453765869, 96.36815128326415, 95.72038269042969, 95.27377700805664, 94.72660789489746, 94.28243503570556, 93.77498016357421, 93.39431705474854, 92.71722183227538, 92.10619850158692, 91.50822677612305, 90.48901710510253, 89.07327613830566, 86.96922874450684, 84.45518226623535, 82.14102230072021, 80.20608825683594, 79.13006591796875, 78.04131088256835, 80.28875980377197, 75.92984638214111, 73.64580917358398, 71.68934707641601, 71.50442581176758, 68.62520065307618, 64.04688863754272, 62.13237218856811, 60.27766046524048, 57.450676918029785, 55.74295291900635, 54.206736373901364, 53.50484924316406, 52.74006271362305, 51.27669858932495, 54.02880449295044, 51.82484292984009, 50.97522058486938, 50.47238645553589, 52.99315204620361, 59.18880796432495, 59.326778411865234, 52.503296279907225, 48.20283088684082, 49.08939599990845, 51.57417640686035, 50.794211864471436, 48.56527128219604, 46.56833257675171, 45.273004627227785, 45.75424308776856, 46.96496744155884, 47.0337610244751, 45.301341915130614, 44.35679111480713, 45.18004741668701, 46.52027406692505, 47.730945682525636, 46.18950052261353, 44.11438121795654, 44.89146718978882, 44.85698318481445, 44.269578266143796, 43.557381057739256, 44.82056636810303, 45.99144096374512, 45.59046382904053, 44.34204502105713, 42.58728656768799, 41.735474014282225, 42.44750499725342, 42.74766912460327, 42.975944137573244, 42.02593545913696, 40.795072364807126, 40.47416172027588, 41.167834758758545, 41.0907940864563, 40.03923902511597, 39.331495952606204, 38.958544635772704, 39.14260978698731, 39.701575660705565, 39.52363758087158, 38.66989011764527, 38.035985469818115, 37.57295389175415, 37.14842863082886, 36.8903772354126, 37.37852640151978, 37.659218311309814, 37.13070087432861, 36.543882274627684, 35.96705312728882]}