{"ae_train_losses": [175.8232391357422, 126.51688232421876, 96.95547485351562, 69.03688201904296, 59.7336784362793, 57.005611419677734, 55.57441940307617, 53.83745574951172, 54.507633972167966, 53.050907897949216, 55.853390502929685, 51.12221984863281, 48.99381713867187, 46.902696228027345, 44.00707168579102, 42.08959884643555, 40.817176818847656, 40.41798477172851, 39.29671859741211, 39.0619255065918, 37.8468132019043, 38.32996139526367, 36.645477294921875, 35.80889739990234, 35.44608764648437, 34.812818908691405, 34.70500717163086, 34.11415786743164, 34.40432357788086, 33.30329818725586, 33.049888610839844, 32.80580215454101, 32.27257385253906, 31.557410430908202, 32.15295944213867, 31.65496482849121, 31.51368179321289, 32.503289794921876, 30.86860580444336, 31.246994400024413, 30.132228088378906, 30.27372016906738, 29.90452651977539, 30.0096923828125, 29.59339294433594, 29.268961715698243, 29.231499481201173, 28.451871871948242, 28.967755126953126, 28.93099250793457, 29.87373580932617, 29.047405242919922, 28.768467330932616, 28.424002838134765, 28.811350631713868, 28.704914093017578, 28.34548683166504, 28.094638442993165, 28.443799209594726, 27.45850372314453, 29.115498352050782, 29.318452835083008, 27.839533233642577, 27.91361312866211, 27.484061813354494, 27.491981506347656, 27.16578140258789, 27.764459228515626, 27.68820571899414, 27.499198150634765, 27.11034698486328, 27.80813865661621, 27.113991928100585, 26.499526596069337, 26.51435775756836, 26.03429412841797, 25.575125885009765, 26.003681182861328, 25.889173126220705, 26.472701644897462, 26.62668571472168, 26.799936294555664, 26.189535522460936, 25.294269180297853, 26.431427001953125, 25.97071647644043, 24.97371826171875, 25.651707077026366, 25.49489555358887, 26.97922019958496, 26.18260040283203, 25.700664901733397, 26.22770004272461, 25.55095443725586, 25.703537368774413, 26.068813705444335, 25.19327163696289, 25.666541290283202, 25.089186477661134, 25.485286712646484], "ae_eval_losses": [129.45502166748048, 116.28424072265625, 108.55499458312988, 71.13782215118408, 69.20141220092773, 69.49798316955567, 69.28856563568115, 75.59135761260987, 56.92088871002197, 44.0940598487854, 65.52207851409912, 52.04965791702271, 42.24650182723999, 46.83078117370606, 39.757958602905276, 43.592704105377194, 39.09735622406006, 39.52446823120117, 39.34323596954346, 37.57909078598023, 39.04599580764771, 37.42745132446289, 38.37106676101685, 36.119304752349855, 35.581233978271484, 35.66226453781128, 34.3272608757019, 33.484494876861575, 34.699201583862305, 33.471416568756105, 32.53125252723694, 32.59710950851441, 32.09301681518555, 33.33483285903931, 32.29195261001587, 31.983981609344482, 31.59742727279663, 30.6284161567688, 30.449458742141722, 30.243334913253783, 30.187716054916383, 29.66924591064453, 30.73432822227478, 29.502281522750856, 29.492825841903688, 29.574462604522704, 28.73575577735901, 29.00894079208374, 29.3026611328125, 29.18058009147644, 28.491489124298095, 28.866186571121215, 28.15778441429138, 29.211145401000977, 28.051807641983032, 28.723359537124633, 28.204337310791015, 28.04171109199524, 27.774397897720338, 27.887261056900023, 28.998629760742187, 27.600243425369264, 27.825303268432616, 27.627062129974366, 27.362906551361085, 26.822554111480713, 27.16105637550354, 26.748036003112794, 27.10026879310608, 26.796387910842896, 27.373938035964965, 26.912735509872437, 26.88468470573425, 26.578910541534423, 26.2247615814209, 26.252977323532104, 26.470195960998534, 25.97647581100464, 26.49774408340454, 25.943483304977416, 26.011429119110108, 26.023068571090697, 25.718690967559816, 25.88026089668274, 25.505055332183836, 25.64260959625244, 25.54841766357422, 25.601008796691893, 26.169193029403687, 26.57756190299988, 29.147018241882325, 27.9240930557251, 27.366369676589965, 26.71181516647339, 25.798095655441283, 25.9898344039917, 25.391903781890868, 25.323857641220094, 25.512858295440672, 26.243716716766357]}