{"ae_train_losses": [193.75791931152344, 209.6883087158203, 144.8233184814453, 122.23995971679688, 115.20700073242188, 112.22319030761719, 110.21214294433594, 108.61087799072266, 106.95803833007812, 105.54541015625, 103.22441101074219, 100.50953674316406, 96.64352416992188, 93.3524398803711, 90.80646514892578, 86.84913635253906, 84.89299011230469, 82.98580169677734, 80.00275421142578, 77.49978637695312, 75.0155258178711, 71.7081298828125, 68.71727752685547, 67.59030151367188, 62.90287780761719, 62.16624069213867, 60.98306655883789, 57.56616973876953, 55.986717224121094, 55.40864562988281, 54.75062561035156, 53.52330017089844, 53.27272415161133, 52.836673736572266, 52.3310432434082, 50.940086364746094, 51.625770568847656, 49.89959716796875, 51.525428771972656, 49.34840774536133, 49.702537536621094, 49.73365020751953, 50.517635345458984, 49.285888671875, 49.22194290161133, 48.44184112548828, 47.05934524536133, 48.41914367675781, 47.68963623046875, 47.3076171875, 47.30597686767578, 47.19673538208008, 47.182518005371094, 46.44184494018555, 45.99874496459961, 46.620487213134766, 46.28888702392578, 45.25100326538086, 44.7607307434082, 44.79048156738281, 45.38819122314453, 45.02669906616211, 44.60630798339844, 46.68040084838867, 44.11588668823242, 43.60514450073242, 42.71039581298828, 43.75304412841797, 44.028099060058594, 42.42530822753906, 43.21280288696289, 43.00215148925781, 42.69500732421875, 41.54525375366211, 42.96973419189453, 41.66569137573242, 41.244834899902344, 41.600135803222656, 41.19845199584961, 42.20358657836914, 40.55991744995117, 39.925106048583984, 39.91561508178711, 39.33795928955078, 40.56498336791992, 40.0997428894043, 40.49005126953125, 39.61333465576172, 39.28681564331055, 38.266807556152344, 39.402854919433594, 39.66319274902344, 38.15943145751953, 38.23474884033203, 38.1099853515625, 38.7696533203125, 38.38908004760742, 37.42281723022461, 36.66066360473633, 36.91872787475586], "ae_eval_losses": [128.18092517852784, 123.61167049407959, 111.8057029724121, 109.99316635131837, 108.50536136627197, 106.96487941741944, 105.84444789886474, 105.04595794677735, 104.25025882720948, 103.11370525360107, 101.80039005279541, 100.16074886322022, 98.6901662826538, 96.98476371765136, 95.12918739318847, 93.50451545715332, 91.50060920715332, 90.37506427764893, 91.10836753845214, 88.47806224822997, 83.99543170928955, 80.02294960021973, 77.06511058807374, 76.18048782348633, 73.17567100524903, 67.55283489227295, 62.31725597381592, 58.7660795211792, 57.200273513793945, 56.8256118774414, 54.81974248886108, 53.93148756027222, 52.716108322143555, 52.69019203186035, 52.10383415222168, 52.13119764328003, 51.539573192596436, 51.24664354324341, 51.8064190864563, 51.62062330245972, 52.12774887084961, 52.18156499862671, 52.28638591766357, 53.00357894897461, 51.32325057983398, 50.16316957473755, 48.66794319152832, 49.6484619140625, 50.858255577087405, 51.51549272537231, 49.013550472259524, 47.21439447402954, 47.74683094024658, 48.78042631149292, 48.54914855957031, 47.766362476348874, 49.20587606430054, 49.313258743286134, 48.423027992248535, 46.78228950500488, 46.351202964782715, 46.940050792694095, 46.18950176239014, 45.737965202331544, 46.180279922485354, 45.83524122238159, 44.698201942443845, 43.433096694946286, 44.00532712936401, 44.73897933959961, 44.206542301177976, 43.39111776351929, 43.25466661453247, 42.644294834136964, 42.85982704162598, 43.15783252716064, 42.64187479019165, 41.95359048843384, 42.23491353988648, 42.78806257247925, 42.54999437332153, 41.54040031433105, 40.76167058944702, 41.08918571472168, 42.290537166595456, 42.90036630630493, 42.08029680252075, 40.97615566253662, 40.659980869293214, 39.9871711730957, 41.15255126953125, 41.84772386550903, 41.43148794174194, 40.3438419342041, 39.523640155792236, 39.71053295135498, 40.508495235443114, 40.34514961242676, 39.5197868347168, 38.90157947540283]}