{"ae_train_losses": [82.87972291310628, 46.218018213907875, 37.66486771901449, 32.39781538645426, 29.24666468302409, 27.369113127390545, 26.169517676035564, 25.197495142618816, 24.52008883158366, 23.79571278889974, 23.118862469991047, 22.632126172383625, 22.360777060190838, 22.005960782368977, 21.813783168792725, 21.619385878245037, 21.329219341278076, 21.248711585998535, 21.007318655649822, 20.857386271158855, 20.75541416803996, 20.8204288482666, 20.571112950642902, 20.509840329488117, 20.3262677192688, 20.416948954264324, 20.364737510681152, 20.49073298772176, 20.339150110880535, 20.194325923919678, 20.10453685124715, 20.074300448099773, 20.062693913777668, 20.065792242685955, 19.867117404937744, 20.00515015920003, 19.96218220392863, 19.831162134806316, 19.742056210835774, 19.852912267049152, 19.712910970052082, 19.81312831242879, 19.816534678141277, 19.76883904139201, 19.78669786453247, 19.656185785929363, 19.731284936269123, 19.642852942148846, 19.65144952138265, 19.638660113016766, 19.58744541803996, 19.502324263254803, 19.668373107910156, 19.47474718093872, 19.403729279836018, 19.38538424173991, 19.32302713394165, 19.40195671717326, 19.223072687784832, 19.23304335276286, 19.26787217458089, 19.37570603688558, 19.39898093541463, 19.436397711435955, 19.41885995864868, 19.40694220860799, 19.216824849446613, 19.11117458343506, 18.991480032602947, 19.320135911305744, 19.239784876505535, 19.29313866297404, 18.998687108357746, 19.00508387883504, 19.159514268239338, 19.127573490142822, 19.081501960754395, 19.316911220550537, 19.127016067504883, 18.942697366078693, 19.07991584142049, 19.01902675628662, 19.114647070566814, 19.010501702626545, 18.93269697825114, 18.944873015085857, 18.916675249735516, 18.847071170806885, 18.8440580368042, 18.832548300425213, 18.993558883666992, 18.94428809483846, 18.900675137837727, 19.01869010925293, 18.837842623392742, 18.963544845581055, 18.766775131225586, 18.761422634124756, 18.91978104909261, 18.843894640604656], "ae_eval_losses": [72.87233657836914, 40.799486827850345, 33.41362600326538, 31.26231231689453, 28.34574160575867, 26.378296232223512, 25.286584854125977, 24.72014174461365, 23.846241521835328, 23.251770305633546, 23.07059316635132, 22.657689476013182, 22.294828414916992, 22.020118999481202, 21.80963525772095, 21.486134815216065, 21.40447006225586, 21.511797857284545, 21.226391124725343, 20.92301788330078, 20.96536965370178, 20.920935583114623, 20.681973123550414, 20.669509077072142, 20.600994348526, 20.600378656387328, 20.73058862686157, 20.517307186126708, 20.531534051895143, 20.39707236289978, 20.571406507492064, 20.41156964302063, 20.383237266540526, 20.502490091323853, 20.184881734848023, 20.444438314437868, 20.073494529724123, 20.152252006530762, 20.197918605804443, 19.969466495513917, 20.188346672058106, 20.175923919677736, 20.19627242088318, 19.965942096710204, 20.12300639152527, 20.13373408317566, 20.09699652194977, 20.05287070274353, 20.112386417388915, 20.15671100616455, 20.128407382965086, 20.01409230232239, 19.83931097984314, 19.678174686431884, 19.74225273132324, 19.953259658813476, 19.912480306625366, 19.72412052154541, 20.057179403305053, 19.741784143447877, 19.831486082077028, 19.836478805541994, 19.965179777145387, 19.6705340385437, 19.785105752944947, 20.063356828689574, 19.85408682823181, 19.609029150009157, 19.59404773712158, 20.08888931274414, 19.71070775985718, 19.74693431854248, 19.634626483917238, 19.557608938217165, 19.671397399902343, 19.74418830871582, 19.82831130027771, 19.7664493560791, 19.54727396965027, 19.717625617980957, 19.639550638198852, 19.644250202178956, 19.553490304946898, 19.42941470146179, 19.744163370132448, 19.452158308029176, 19.62065644264221, 19.537602519989015, 19.738331747055053, 19.686167812347414, 19.566387557983397, 19.71166491508484, 19.703528213500977, 19.421205759048462, 19.50014023780823, 19.69767847061157, 19.56202836036682, 19.48677086830139, 19.57114248275757, 19.804555940628052]}