{"ae_train_losses": [96.16633262634278, 46.44442882537842, 39.704128646850585, 36.500620460510255, 34.08003120422363, 31.76091194152832, 29.802184295654296, 28.50553150177002, 27.76423053741455, 26.929729080200197, 26.326924896240236, 25.547442150115966, 25.128718757629393, 24.989350986480712, 24.843752288818358, 24.602456760406493, 24.529137897491456, 24.253561401367186, 24.243338584899902, 24.235906219482423, 24.305198097229002, 24.140448570251465, 24.097801780700685, 23.901844596862794, 24.052556133270265, 24.01011962890625, 23.664736175537108, 23.75737247467041, 23.767578125, 23.914766597747803, 23.70017433166504, 23.579170799255373, 23.54898099899292, 23.414984798431398, 23.450147342681884, 23.38418025970459, 23.419499778747557, 23.364538288116456, 23.25799140930176, 23.239645957946777, 23.1649076461792, 23.096838569641115, 22.931448936462402, 22.958950138092042, 22.932766723632813, 22.683553600311278, 22.69002285003662, 22.65906572341919, 22.531909656524657, 22.51374273300171, 22.335160350799562, 22.39079523086548, 22.27167272567749, 22.161947822570802, 22.11205644607544, 22.080840015411376, 21.994397735595705, 21.602053070068358, 21.577165031433104, 21.473707485198975, 21.447240543365478, 21.397600746154787, 21.33095712661743, 21.159301280975342, 21.097409820556642, 20.881450176239014, 20.980175399780272, 20.89411735534668, 20.870085048675538, 20.7678955078125, 20.6176965713501, 20.528573322296143, 20.637934017181397, 20.47738399505615, 20.390769481658936, 20.374597454071044, 20.46368274688721, 20.369553756713866, 20.54394636154175, 20.540442276000977, 20.26388120651245, 20.38376932144165, 20.253844833374025, 20.190022563934328, 20.20446949005127, 20.180512523651124, 20.064485454559325, 20.03055896759033, 19.965459251403807, 20.013629341125487, 19.958683013916016, 19.912733840942384, 19.875956344604493, 19.911173152923585, 19.820081329345705, 19.713570308685302, 19.79871234893799, 19.632883262634277, 19.692551708221437, 19.593583011627196], "ae_eval_losses": [62.741175174713135, 44.71001329421997, 38.75812635421753, 35.789847230911256, 33.58201847076416, 31.124836206436157, 29.357651805877687, 28.201974534988402, 27.491149187088013, 26.776828670501708, 26.037019634246825, 25.660025453567506, 25.29959363937378, 25.20278158187866, 24.99687271118164, 24.4929931640625, 24.482965755462647, 24.34433012008667, 24.437896823883058, 24.46240644454956, 24.58197650909424, 24.62393226623535, 24.30971827507019, 24.044272422790527, 23.992386674880983, 23.981012392044068, 23.677619647979736, 23.872532987594603, 23.957666158676147, 23.581006669998168, 25.08740129470825, 23.692812061309816, 23.525321197509765, 23.62854766845703, 23.46521415710449, 23.719445180892944, 23.56701531410217, 23.614625787734987, 24.113275384902956, 23.329069757461546, 23.10290946960449, 22.894809341430665, 23.42412757873535, 23.342803478240967, 22.927805185317993, 22.73080644607544, 22.650859785079955, 22.663577175140382, 22.700472116470337, 22.435602474212647, 22.875480794906615, 22.425643014907838, 22.185124015808107, 22.204552268981935, 22.024686527252197, 22.43998498916626, 21.976199007034303, 21.61877727508545, 21.652840995788573, 21.613699865341186, 21.374999523162842, 21.46565189361572, 21.327121448516845, 21.17596893310547, 20.89316372871399, 21.1109787940979, 20.853221797943114, 21.03446822166443, 20.688665246963502, 20.70550332069397, 20.65542607307434, 20.630778074264526, 20.55898003578186, 20.462886333465576, 20.494541501998903, 20.53357400894165, 20.39074487686157, 25.097933769226074, 20.973560428619386, 20.51805396080017, 20.355984020233155, 20.282551097869874, 20.30689172744751, 20.194653511047363, 20.179045534133913, 20.283009481430053, 20.10311131477356, 20.029609298706056, 20.12062087059021, 19.940302085876464, 19.9889386177063, 19.988291597366334, 19.936294984817504, 19.82917709350586, 19.805894804000854, 19.8349271774292, 20.062162351608276, 19.813659811019896, 19.765453577041626, 19.821513891220093]}