{"ae_train_losses": [67.88109073638915, 43.939497756958005, 37.06021728515625, 31.652224159240724, 27.83301134109497, 25.459492683410645, 24.053703212738036, 23.188538360595704, 22.392555141448973, 22.037543201446532, 21.672990131378175, 21.44781150817871, 21.237934589385986, 21.09933958053589, 21.00929355621338, 20.89221019744873, 20.79084539413452, 20.7021315574646, 20.72423610687256, 20.507268333435057, 20.484682750701904, 20.454034328460693, 20.394253063201905, 20.26600456237793, 20.305430698394776, 20.30065784454346, 20.18203821182251, 20.027701473236085, 20.099802017211914, 20.209089088439942, 20.009943389892577, 19.90516538619995, 19.923581409454346, 19.883351612091065, 19.93197031021118, 19.87532205581665, 19.7664044380188, 19.837271404266357, 19.71933584213257, 19.64428424835205, 19.57674894332886, 19.57554235458374, 19.480161666870117, 19.621980476379395, 19.430061054229736, 19.57153902053833, 19.499491691589355, 19.38942422866821, 19.385773754119874, 19.383727550506592, 19.39904680252075, 19.286623764038087, 19.237198162078858, 19.190284633636473, 19.266172790527342, 19.444566249847412, 19.32050018310547, 19.26119022369385, 19.223476886749268, 19.185787391662597, 19.262255477905274, 19.276408004760743, 19.22975149154663, 19.008776569366454, 19.159458923339844, 19.186414432525634, 19.04899835586548, 19.05527334213257, 19.01389150619507, 19.086755561828614, 19.031064128875734, 19.121444034576417, 19.311189079284667, 19.172466945648193, 18.971007347106934, 18.984811878204347, 18.986560153961182, 19.072225761413574, 18.822932529449464, 18.98706169128418, 18.90945234298706, 18.87896375656128, 18.98239049911499, 18.843506813049316, 18.84615287780762, 18.856614208221437, 18.929448318481445, 18.803017807006835, 18.791158294677736, 18.77432746887207, 18.886318397521972, 18.854298877716065, 18.84610996246338, 18.760537242889406, 18.697599411010742, 18.65413131713867, 18.749914932250977, 18.757086658477782, 18.633550548553465, 18.72467784881592], "ae_eval_losses": [52.32747955322266, 40.37314224243164, 34.21456055641174, 29.832295989990236, 26.260277938842773, 24.500533723831175, 23.634987306594848, 22.65789465904236, 22.041197776794434, 21.850113725662233, 21.361110353469847, 21.280221796035768, 21.011461639404295, 20.945351552963256, 20.891440773010252, 20.741482543945313, 20.682176446914674, 20.680614042282105, 20.83100471496582, 20.68060722351074, 20.362638998031617, 20.28569574356079, 20.414231061935425, 20.441785907745363, 20.760495615005492, 20.476947116851807, 20.23263168334961, 20.219697999954224, 20.379947328567503, 20.16546082496643, 20.187730312347412, 19.86504430770874, 19.847723627090453, 20.204357814788818, 19.818862915039062, 20.428874063491822, 19.841051244735716, 19.862295150756836, 19.7837664604187, 19.870133066177367, 19.663190650939942, 19.610389137268065, 19.878292322158813, 19.733224201202393, 19.60054783821106, 19.64083890914917, 19.44225435256958, 19.485011672973634, 19.6140287399292, 19.577801084518434, 19.540124320983885, 19.4036593914032, 19.42450108528137, 19.347287893295288, 19.8643470287323, 19.72755708694458, 19.47999234199524, 19.327072668075562, 19.543610334396362, 19.387052488327026, 19.304927587509155, 19.648333406448366, 19.22739462852478, 19.476529121398926, 19.467520236968994, 19.259469270706177, 19.34921326637268, 19.252384614944457, 19.182441091537477, 19.480747795104982, 19.35499439239502, 19.60108151435852, 19.418284845352172, 19.274563121795655, 19.212702083587647, 19.171648263931274, 19.313675832748412, 19.154982995986938, 19.397148370742798, 19.272360277175903, 19.00837993621826, 19.240282917022704, 19.12542486190796, 19.27822036743164, 19.152010345458983, 19.200439310073854, 19.42255711555481, 19.095588874816894, 19.170899868011475, 19.211085510253906, 19.126363611221315, 19.331137704849244, 19.201723957061766, 18.912932872772217, 18.988593578338623, 19.193472385406494, 19.07970724105835, 19.105983114242555, 19.139147520065308, 19.00655903816223]}