{"ae_train_losses": [179.0661163330078, 116.49008178710938, 96.95664672851562, 82.43491973876954, 68.63464965820313, 61.87956008911133, 57.40904541015625, 56.292111206054685, 54.906985473632815, 52.71745071411133, 52.04245223999023, 51.64720764160156, 50.37783660888672, 47.567352294921875, 47.05310134887695, 45.928550720214844, 45.600012969970706, 45.64321365356445, 43.11363830566406, 42.972895812988284, 40.221804809570315, 40.021392822265625, 38.773155975341794, 37.56989974975586, 37.44798202514649, 36.10343475341797, 35.29978561401367, 33.53961334228516, 32.060394287109375, 32.44669418334961, 32.048851013183594, 31.925169372558592, 31.4616340637207, 31.26915397644043, 30.247067260742188, 29.74090118408203, 29.535025787353515, 28.93334617614746, 28.598696517944337, 29.728677368164064, 29.747935485839843, 29.138826370239258, 28.420086669921876, 29.77305793762207, 28.629381942749024, 28.598535537719727, 28.324338531494142, 28.824586868286133, 28.39423599243164, 28.036517715454103, 27.660187911987304, 28.366121673583983, 27.818863296508788, 27.700205993652343, 27.13518524169922, 27.581653213500978, 27.275589752197266, 27.625493621826173, 26.997127532958984, 26.878426361083985, 26.982250213623047, 27.147174072265624, 27.015356063842773, 27.52531509399414, 27.085698699951173, 26.80400848388672, 26.193937301635742, 26.13748207092285, 26.405701446533204, 27.392630767822265, 26.174689483642577, 26.018793869018555, 26.536198806762695, 26.60167121887207, 26.5370231628418, 26.580189514160157, 26.176637268066408, 26.646910858154296, 26.171019744873046, 25.937195205688475, 25.42042236328125, 25.931238174438477, 27.42188262939453, 26.166779708862304, 26.669002532958984, 25.80672607421875, 25.536431884765626, 26.723816680908204, 27.09984016418457, 26.37031021118164, 26.100200271606447, 26.098330688476562, 26.645146942138673, 25.760380935668945, 26.164701461791992, 26.05034980773926, 26.294614791870117, 26.27791748046875, 26.721001815795898, 26.900607299804687], "ae_eval_losses": [112.91494464874268, 111.92973384857177, 107.19655513763428, 113.00766983032227, 90.25792770385742, 66.0683669090271, 59.18654079437256, 58.897179985046385, 49.531345176696775, 47.18058605194092, 51.819945621490476, 52.748174571990965, 45.89912586212158, 47.63641548156738, 53.63040857315063, 54.54659862518311, 44.640945529937746, 44.339303970336914, 51.310414981842044, 39.987600040435794, 42.2696946144104, 43.7788631439209, 37.7522910118103, 39.20469751358032, 37.46073083877563, 35.69726114273071, 34.499733543396, 33.16929998397827, 32.52047924995422, 33.830746459960935, 31.616792583465575, 31.06866588592529, 30.6986300945282, 30.33536648750305, 29.94387021064758, 29.478099012374877, 29.39499258995056, 28.86659255027771, 28.995893144607543, 29.097290372848512, 28.450369024276732, 28.894437313079834, 30.70095853805542, 30.528463077545165, 29.27166266441345, 29.00041832923889, 28.614721155166627, 29.115636920928956, 28.410427951812743, 28.082156801223753, 28.01243348121643, 27.966427612304688, 27.790243911743165, 27.198496294021606, 27.316756629943846, 27.99539170265198, 27.9359393119812, 27.121461629867554, 27.47070026397705, 27.108100605010986, 27.19718647003174, 27.00706539154053, 27.1263680934906, 26.814824628829957, 26.639993524551393, 26.424472093582153, 26.725669050216673, 26.428374004364013, 26.364958000183105, 26.122304725646973, 26.99511694908142, 27.188092279434205, 26.66398468017578, 26.629808521270753, 26.41002526283264, 26.253542041778566, 26.777141952514647, 26.273527717590333, 26.938678646087645, 26.370122241973878, 25.98780426979065, 25.930771780014037, 27.172740316390993, 34.45404524803162, 28.10099854469299, 27.176418828964234, 28.003499889373778, 27.033733081817626, 27.38005633354187, 26.563371086120604, 26.060976886749266, 26.968758058547973, 26.23729615211487, 26.494301271438598, 25.967873048782348, 26.326084089279174, 26.045302152633667, 26.7912709236145, 25.499039363861083, 26.461552238464357]}