{"ae_train_losses": [74.4164719581604, 41.179296255111694, 32.87334740161896, 28.659178972244263, 26.312002658843994, 25.181907176971436, 24.391202211380005, 23.581640243530273, 22.90043556690216, 22.25081765651703, 21.873644948005676, 21.48193645477295, 21.188414692878723, 21.01871156692505, 20.946422457695007, 20.822986364364624, 20.783554434776306, 20.733710408210754, 20.598381996154785, 20.52522325515747, 20.577406525611877, 20.403196811676025, 20.318521857261658, 20.330379486083984, 20.303340315818787, 20.26386535167694, 20.052819848060608, 20.0583473443985, 19.97302782535553, 20.034674763679504, 20.010892868041992, 19.852526903152466, 19.833019971847534, 19.90373182296753, 19.691933631896973, 19.706626415252686, 19.735345482826233, 19.738210797309875, 19.682589650154114, 19.577531456947327, 19.625221371650696, 19.72595250606537, 19.69374108314514, 19.547802925109863, 19.619588971138, 19.469996333122253, 19.344369888305664, 19.342275619506836, 19.431730031967163, 19.3445782661438, 19.38606309890747, 19.419547080993652, 19.238120555877686, 19.362411856651306, 19.32837677001953, 19.231090664863586, 19.224334120750427, 19.294219255447388, 19.332050442695618, 19.18863606452942, 19.41469669342041, 19.283089995384216, 19.17983627319336, 19.03639817237854, 19.087016105651855, 19.119207739830017, 19.103759050369263, 18.99239671230316, 18.906341671943665, 18.941271543502808, 19.009270191192627, 19.035337805747986, 19.02027118206024, 19.049612164497375, 18.984841346740723, 18.88364815711975, 18.90201485157013, 18.98808181285858, 19.008559107780457, 18.988922834396362, 18.79259717464447, 18.75910973548889, 18.761239767074585, 18.794997692108154, 18.756479144096375, 18.854000568389893, 18.832777976989746, 18.833313703536987, 18.85239863395691, 18.84791123867035, 18.89101481437683, 18.674647450447083, 18.76256835460663, 18.736545085906982, 18.70051348209381, 18.602299690246582, 18.58839976787567, 18.681097149848938, 18.678525686264038, 18.623919010162354], "ae_eval_losses": [53.879557609558105, 36.70372562408447, 30.778444051742554, 27.211909008026122, 26.03783893585205, 24.35135931968689, 23.951138257980347, 23.659875345230102, 22.642200326919557, 22.16537117958069, 21.675083446502686, 21.517835426330567, 21.05739221572876, 21.175478076934816, 21.091288089752197, 20.731581926345825, 20.993588066101076, 20.770372819900512, 20.70925841331482, 20.861702537536623, 20.760362482070924, 20.336581087112428, 20.455609703063963, 20.523609161376953, 20.78631958961487, 20.582279872894286, 20.259119749069214, 20.13383479118347, 20.161716604232787, 20.54736771583557, 20.34261074066162, 19.944817876815797, 20.017756748199464, 20.214480352401733, 19.87793049812317, 20.04658946990967, 20.072844552993775, 20.29840130805969, 19.78635416030884, 19.911259841918945, 19.763383674621583, 20.456686401367186, 20.065857791900633, 20.079486036300658, 20.117110824584962, 19.66613187789917, 19.461425495147704, 19.794578504562377, 19.67883667945862, 19.74855179786682, 19.98949933052063, 19.55946593284607, 19.41985845565796, 19.797038745880126, 19.710335969924927, 19.49391918182373, 19.89204626083374, 19.639559507369995, 19.808492565155028, 19.73091411590576, 19.580510330200195, 19.53548631668091, 19.59727463722229, 19.524664449691773, 19.44218502044678, 19.693232917785643, 19.49287395477295, 19.285755968093873, 19.54392099380493, 19.464575481414794, 19.389898777008057, 19.514252376556396, 19.363080787658692, 19.332951641082765, 19.530673933029174, 19.51415100097656, 19.402777910232544, 19.29320001602173, 19.487015151977538, 19.32014479637146, 19.23032741546631, 19.138270378112793, 19.248131847381593, 19.216861772537232, 19.556023263931273, 19.342605590820312, 19.361831998825075, 19.37806248664856, 19.358165311813355, 19.361533880233765, 19.229503059387206, 19.379165601730346, 19.67974090576172, 19.159102392196655, 19.155828094482423, 19.249699449539186, 19.20902705192566, 19.32330150604248, 19.185528135299684, 19.249128103256226]}