{"ae_train_losses": [110.8488302230835, 58.558002948760986, 47.15913128852844, 44.55811858177185, 44.58946251869202, 37.8067352771759, 34.51729702949524, 31.694137454032898, 29.437204837799072, 27.556567072868347, 26.814494490623474, 26.3066463470459, 25.78880739212036, 25.51500117778778, 25.22963523864746, 24.92376732826233, 24.671764254570007, 24.552524209022522, 24.50126349925995, 24.416035175323486, 24.269539952278137, 24.278193473815918, 24.41538441181183, 24.367181658744812, 24.229689717292786, 24.411136031150818, 24.189512729644775, 24.132736444473267, 24.027354836463928, 23.891494512557983, 24.08222508430481, 24.041621446609497, 23.95597195625305, 23.987892746925354, 23.714279651641846, 23.73744225502014, 23.669990181922913, 23.574065923690796, 23.798537850379944, 23.709117650985718, 23.7651549577713, 23.749833345413208, 23.63563108444214, 23.48938000202179, 23.55063557624817, 23.45349109172821, 23.495786786079407, 23.453134298324585, 23.616437554359436, 23.44238770008087, 23.57520306110382, 23.466885566711426, 23.36103069782257, 23.468363881111145, 23.358477234840393, 23.2162424325943, 23.274447679519653, 23.238443613052368, 23.17963981628418, 23.27726435661316, 23.094861268997192, 23.102228045463562, 22.92460870742798, 22.963746309280396, 22.950690746307373, 22.93452298641205, 22.868878841400146, 22.871570348739624, 22.738350868225098, 22.696722626686096, 22.62189245223999, 22.51531982421875, 22.36666774749756, 22.34849989414215, 22.22323727607727, 22.158693313598633, 22.124183297157288, 22.102233171463013, 22.035136580467224, 21.742790460586548, 21.79004418849945, 21.852806568145752, 21.706005096435547, 21.65137016773224, 21.527066588401794, 21.360177993774414, 21.4431494474411, 21.35522961616516, 21.26857602596283, 21.44101071357727, 21.43003559112549, 21.216036677360535, 21.189998626708984, 21.260610103607178, 21.107054352760315, 21.0390385389328, 20.966386914253235, 21.183254957199097, 20.8617525100708, 20.752198934555054], "ae_eval_losses": [94.48712882995605, 57.51261625289917, 45.00806999206543, 66.43655252456665, 38.887945556640624, 36.12350158691406, 33.339979553222655, 30.335431814193726, 28.306139516830445, 27.09134135246277, 26.49038109779358, 26.21863112449646, 25.703170776367188, 25.67187614440918, 25.30451455116272, 24.647887325286867, 24.493766164779665, 24.847977352142333, 24.56433186531067, 24.386995220184325, 24.479080152511596, 24.217243719100953, 24.262971925735474, 24.259055042266844, 24.427121925354005, 24.08750295639038, 24.08225483894348, 24.15512728691101, 23.80207176208496, 23.981637525558472, 23.850899600982665, 23.936548900604247, 24.176865100860596, 23.85160083770752, 23.826413679122926, 23.7697793006897, 23.68148031234741, 23.761245250701904, 23.618573570251463, 23.676166200637816, 23.845083236694336, 23.64291343688965, 23.483588457107544, 23.627666568756105, 23.46904492378235, 23.420416355133057, 23.961142110824586, 23.983833599090577, 23.512884283065794, 23.405674505233765, 23.454194688796996, 23.65735411643982, 23.20799403190613, 23.51122899055481, 23.232148551940917, 23.593611240386963, 23.63347945213318, 23.38971734046936, 23.360274076461792, 23.135163497924804, 23.081665802001954, 23.114141988754273, 23.162902736663817, 22.90554609298706, 23.005314540863036, 22.81289072036743, 22.92248992919922, 22.61684331893921, 22.585650634765624, 22.604943466186523, 22.50489673614502, 22.407073402404784, 22.401162719726564, 22.347897624969484, 22.263176107406615, 22.220520639419554, 21.99561152458191, 22.018687200546264, 21.827427768707274, 21.94896020889282, 21.908580541610718, 21.69407424926758, 21.609146118164062, 21.889875602722167, 21.437675142288207, 21.528618335723877, 21.460285186767578, 21.507517194747926, 21.801702213287353, 21.556885099411012, 21.542237329483033, 21.2581729888916, 21.59832806587219, 21.282088947296142, 21.219189739227296, 21.089324235916138, 21.091468238830565, 20.999669075012207, 20.85025362968445, 20.845269918441772]}