{"ae_train_losses": [148.18796730041504, 88.44452381134033, 58.56988191604614, 50.01551151275635, 47.0026535987854, 45.45795774459839, 43.93020486831665, 42.65588045120239, 41.621360301971436, 40.584965229034424, 39.40277147293091, 38.478012561798096, 37.307369232177734, 36.47762870788574, 35.491883277893066, 35.17681264877319, 34.584683895111084, 33.64109802246094, 32.88527774810791, 32.23782181739807, 31.701001405715942, 31.234169006347656, 30.561511278152466, 29.897732257843018, 29.370530128479004, 28.939754486083984, 28.5589439868927, 27.92058253288269, 27.47966766357422, 27.126049757003784, 26.895113468170166, 26.743578910827637, 26.49078106880188, 26.24001979827881, 25.732197046279907, 25.547099828720093, 25.523151397705078, 25.609683990478516, 25.466997623443604, 25.550294876098633, 25.399012327194214, 25.218108415603638, 24.87506413459778, 24.9119291305542, 24.84691023826599, 24.869901180267334, 24.772037029266357, 24.63733220100403, 24.795185565948486, 24.683494329452515, 24.45126700401306, 24.459080457687378, 24.556939601898193, 24.562670707702637, 24.527459859848022, 24.5621554851532, 24.397989749908447, 24.39322304725647, 24.214725732803345, 24.36012864112854, 24.290475130081177, 24.00199055671692, 24.206371068954468, 24.2051522731781, 24.132078409194946, 24.180741548538208, 24.062302350997925, 23.94686198234558, 24.10213327407837, 24.062018156051636, 23.959206342697144, 23.92569136619568, 23.99675464630127, 23.98103976249695, 23.72038722038269, 23.795165538787842, 24.076274394989014, 23.86774206161499, 23.891582250595093, 23.903533220291138, 23.706596851348877, 23.755021333694458, 23.46120524406433, 23.522298336029053, 23.647565364837646, 23.688446044921875, 23.468704223632812, 23.692323923110962, 23.86897110939026, 24.101965188980103, 24.018900632858276, 23.911993980407715, 23.686012268066406, 23.64829921722412, 23.633883714675903, 23.77818536758423, 23.491597175598145, 23.573097944259644, 23.4434654712677, 23.411754369735718], "ae_eval_losses": [106.12590389251709, 95.36049461364746, 61.01696138381958, 49.81845073699951, 52.748829174041745, 43.2344428062439, 42.64067134857178, 44.58573684692383, 41.63174934387207, 41.06353425979614, 40.06838006973267, 37.710984802246095, 37.22638854980469, 36.52513570785523, 36.22853364944458, 35.668960094451904, 34.38421268463135, 33.576310539245604, 32.78738865852356, 32.25763754844665, 31.578475189208984, 30.84301404953003, 30.360637664794922, 29.538178396224975, 29.23390293121338, 28.6519522190094, 28.239921426773073, 27.52937431335449, 27.337993097305297, 27.08256092071533, 27.036748504638673, 26.528655433654784, 26.482412242889403, 25.922593212127687, 26.00504388809204, 25.50522804260254, 25.411183309555053, 25.461573362350464, 25.417951917648317, 25.800180912017822, 25.338045835494995, 24.995310878753664, 25.26354126930237, 25.13864130973816, 24.9843994140625, 25.003378295898436, 24.62914357185364, 24.95408229827881, 24.74171314239502, 24.62742042541504, 24.4146776676178, 24.49451403617859, 24.792468547821045, 24.804613828659058, 24.895506429672242, 24.600261926651, 24.732517337799074, 24.382800149917603, 24.406120347976685, 24.39703760147095, 24.020629501342775, 24.34040198326111, 24.283538150787354, 24.17301449775696, 24.2439706325531, 24.035162019729615, 24.048611783981322, 23.98006582260132, 24.186504554748534, 24.083847951889037, 23.96336817741394, 23.961760330200196, 24.162968969345094, 23.89046812057495, 23.87440958023071, 23.807847118377687, 24.07386646270752, 23.79464645385742, 23.869508600234987, 23.74544186592102, 23.701645374298096, 23.820517778396606, 23.624965095520018, 23.75886688232422, 23.609560108184816, 23.717321252822877, 23.883653306961058, 23.937532472610474, 25.410415744781496, 24.79987072944641, 23.675271368026735, 23.904615354537963, 24.15021905899048, 24.272258520126343, 23.96003303527832, 23.67872714996338, 23.568057346343995, 23.642949438095094, 23.588422298431396, 23.56687355041504]}