{"ae_train_losses": [116.01067962646485, 63.40516128540039, 54.53616790771484, 49.21736068725586, 43.640601348876956, 40.12551422119141, 38.531592559814456, 35.22046661376953, 33.65069732666016, 32.25320129394531, 30.304655456542967, 29.513019180297853, 29.114806747436525, 29.002318572998046, 28.038271713256837, 27.35212936401367, 27.218507385253908, 26.98144950866699, 26.059770584106445, 26.000128936767577, 26.13174934387207, 25.941504669189452, 24.777705001831055, 24.878668594360352, 26.383709716796876, 25.17424964904785, 25.118954467773438, 24.793973541259767, 24.614537048339844, 24.218316650390626, 23.784322357177736, 24.457966613769532, 23.525470352172853, 23.435837936401366, 23.525563430786132, 23.254685592651366, 23.138988494873047, 23.22842445373535, 22.78139991760254, 23.255251693725587, 22.95929946899414, 23.17404098510742, 22.454800415039063, 23.004328536987305, 22.290024185180663, 22.590147018432617, 22.287784576416016, 21.989100646972656, 22.433293914794923, 22.560428619384766, 22.7937255859375, 22.75298728942871, 21.64116554260254, 22.21868324279785, 22.411475372314452, 22.263025283813477, 22.202841186523436, 22.377896118164063, 22.293703079223633, 21.91883964538574, 22.298441696166993, 21.692135620117188, 21.36121826171875, 21.917971801757812, 21.580254745483398, 21.974616622924806, 21.626300048828124, 21.81832389831543, 21.537168121337892, 21.68422203063965, 21.599262237548828, 22.06997604370117, 21.429736328125, 21.02535400390625, 21.36662368774414, 21.24710159301758, 21.25269660949707, 20.977097702026366, 20.589333724975585, 20.948496627807618, 21.278016662597658, 21.833228302001952, 21.277450180053712, 20.87620429992676, 21.645183181762697, 21.30349464416504, 20.965832901000976, 21.33567543029785, 21.06917724609375, 21.01142807006836, 21.36948356628418, 21.072712326049803, 20.766237640380858, 20.720967102050782, 21.020560836791994, 21.166824340820312, 21.212286376953124, 21.74071273803711, 20.728244018554687, 20.690807342529297], "ae_eval_losses": [123.11436882019044, 92.79264049530029, 57.078627300262454, 44.56389560699463, 43.727423667907715, 39.97876319885254, 42.62406740188599, 35.480808925628665, 33.14506778717041, 31.604399156570434, 31.79922499656677, 30.077435398101805, 29.680712604522704, 28.418365383148192, 28.646593856811524, 27.10652561187744, 26.939978885650635, 26.616201066970824, 26.20583109855652, 26.11603455543518, 25.822405576705933, 25.849250555038452, 25.50217547416687, 25.96183571815491, 25.697478771209717, 25.55971293449402, 25.05803017616272, 24.541851377487184, 24.76225652694702, 24.625336933135987, 24.400770378112792, 23.97431411743164, 24.376125812530518, 24.51947913169861, 23.696249055862427, 23.848701524734498, 23.686464071273804, 23.522619771957398, 23.71093020439148, 23.20907893180847, 23.269694328308105, 23.36240496635437, 23.454351472854615, 23.02195715904236, 23.134407329559327, 22.76956124305725, 22.77006025314331, 22.868771600723267, 23.24515309333801, 23.493659448623657, 22.84662890434265, 22.543777418136596, 22.623142051696778, 22.408358812332153, 22.552192544937135, 22.843187952041625, 22.693571949005126, 22.60956778526306, 22.641056489944457, 22.44797863960266, 22.229793739318847, 22.356780338287354, 21.968675804138183, 22.247387599945068, 22.420354270935057, 22.0079993724823, 22.22176127433777, 22.009509754180907, 21.987121486663817, 22.01557264328003, 21.98327794075012, 22.261215114593504, 22.157211303710938, 22.090774726867675, 21.91384892463684, 21.96522150039673, 22.117893123626708, 21.804189205169678, 21.61669478416443, 21.96279239654541, 21.945385265350343, 21.686732482910156, 21.615211009979248, 21.566223669052125, 21.54553108215332, 21.77661485671997, 22.044584274291992, 21.913579082489015, 21.63861756324768, 21.76301689147949, 21.525245809555052, 21.82063341140747, 21.54622588157654, 21.783060121536256, 21.492099666595458, 21.68440008163452, 21.8907612323761, 21.831108617782593, 21.836380672454833, 22.116294860839844]}