{"ae_train_losses": [114.35715293884277, 57.37823123931885, 47.481712341308594, 42.991499519348146, 41.54748802185058, 37.7824764251709, 34.04432277679443, 31.440488815307617, 29.108461570739745, 27.855113887786864, 26.956165504455566, 26.251787757873537, 25.779295921325684, 25.36310272216797, 25.12967348098755, 24.922577571868896, 24.704361820220946, 24.499250888824463, 24.606498432159423, 24.605509281158447, 24.430164051055907, 24.3176682472229, 24.27161560058594, 24.314162063598634, 24.175370311737062, 24.04694414138794, 24.045351123809816, 23.92089958190918, 24.13246946334839, 24.128220558166504, 23.93291530609131, 23.892389678955077, 24.01367082595825, 24.054158878326415, 23.857881832122803, 23.839382553100585, 23.655783462524415, 23.64295768737793, 23.59916009902954, 23.7657452583313, 23.513226890563963, 23.47830753326416, 23.593880367279052, 23.439309215545656, 23.458238410949708, 23.478626251220703, 23.503377151489257, 23.436239528656007, 23.527792072296144, 23.352287769317627, 23.230102062225342, 23.21671829223633, 23.414283561706544, 23.409090328216553, 23.342192935943604, 23.375936794281007, 23.009706687927245, 23.211291599273682, 23.28229398727417, 23.227198123931885, 23.299854850769044, 23.266445350646972, 23.166625213623046, 23.071850204467772, 23.17442035675049, 23.090001583099365, 23.1123966217041, 23.066780185699464, 23.03176107406616, 23.070620727539062, 23.043512916564943, 23.038924312591554, 23.119329071044923, 22.941672325134277, 22.969379329681395, 22.941359996795654, 23.048086071014403, 22.90957565307617, 22.973497486114503, 23.00172872543335, 22.81487340927124, 22.925117015838623, 22.91318550109863, 22.917989635467528, 22.861762046813965, 22.862056064605714, 22.911804676055908, 22.82502202987671, 22.789248752593995, 22.890431690216065, 22.795598125457765, 22.851899433135987, 22.825198459625245, 22.863442134857177, 22.75839147567749, 22.677314662933348, 22.692390537261964, 22.667685127258302, 22.661277961730956, 22.49449224472046], "ae_eval_losses": [86.12279376983642, 54.022039318084715, 46.408767795562746, 45.74853506088257, 38.24288091659546, 35.643868160247806, 33.521356868743894, 30.08299865722656, 28.065690755844116, 27.06689085960388, 26.549420881271363, 25.974090766906738, 25.25659794807434, 25.18227367401123, 24.99511570930481, 24.823428058624266, 24.512353038787843, 24.597210788726805, 24.39303855895996, 24.389154624938964, 24.35346202850342, 24.15166816711426, 24.21843228340149, 24.26842279434204, 24.308360385894776, 24.098591232299803, 23.831523132324218, 23.831463384628297, 24.17553381919861, 24.143815326690675, 23.99544668197632, 24.304152154922484, 23.72292537689209, 24.66798038482666, 23.744756126403807, 23.612355279922486, 23.65798149108887, 23.63301420211792, 23.675508785247803, 23.584142923355103, 23.340982532501222, 23.508279514312743, 23.743222665786742, 23.466605758666994, 23.4062707901001, 23.603561019897462, 23.362809801101683, 23.23861722946167, 23.40204291343689, 23.427758598327635, 23.202081155776977, 23.41297278404236, 23.154185485839843, 23.105631351470947, 23.29802613258362, 23.150764560699464, 23.30076665878296, 23.226299715042114, 23.117290210723876, 23.175424528121948, 23.14183349609375, 23.21208291053772, 23.12832636833191, 22.95032148361206, 23.196286392211913, 23.157100343704222, 23.100033044815063, 22.909332990646362, 23.03821496963501, 23.16527953147888, 22.98676781654358, 23.08573980331421, 23.022846841812132, 23.010164880752562, 22.957934951782228, 22.855641269683836, 22.880104303359985, 22.86108088493347, 22.88689570426941, 22.859355211257935, 22.935215282440186, 22.73603563308716, 22.824550485610963, 22.980280923843384, 22.923143339157104, 22.84493660926819, 22.89223494529724, 22.8437762260437, 22.798118448257448, 22.897698879241943, 22.696705913543703, 22.797474575042724, 22.71479163169861, 22.639183616638185, 22.719681596755983, 22.69732012748718, 22.819970512390135, 22.570249843597413, 22.529720497131347, 22.493314218521117]}