{"ae_train_losses": [144.43853607177735, 111.81294708251953, 75.99903793334961, 59.783938598632815, 54.00291366577149, 50.10051803588867, 47.53843307495117, 45.018212127685544, 43.63638610839844, 42.38142700195313, 40.72942276000977, 39.88917770385742, 38.71176452636719, 37.783503723144534, 38.13964080810547, 37.28837509155274, 37.59219741821289, 35.873085021972656, 35.080107879638675, 34.015194702148435, 34.64221267700195, 33.66679992675781, 32.492829132080075, 32.662174224853516, 31.967182159423828, 31.3616024017334, 31.165325546264647, 31.180905914306642, 30.57359619140625, 29.830753326416016, 30.224293899536132, 29.275086212158204, 28.404584884643555, 29.29466896057129, 28.387605285644533, 28.219399642944335, 28.720682525634764, 28.102956008911132, 27.510129928588867, 28.29642524719238, 27.736489486694335, 27.18879089355469, 27.07768669128418, 26.800503540039063, 26.537740325927736, 26.987805938720705, 26.38832893371582, 26.953843688964845, 27.534748458862303, 26.85397834777832, 27.43811798095703, 27.073044204711913, 26.3700813293457, 27.18989791870117, 26.451280975341795, 26.853390884399413, 27.31935844421387, 27.05126953125, 26.295524215698244, 25.803726196289062, 25.835583877563476, 26.01779708862305, 26.882802963256836, 25.910279846191408, 26.407815551757814, 25.090352630615236, 25.382243728637697, 25.65411796569824, 26.575612258911132, 25.772894668579102, 24.991760635375975, 25.503395080566406, 25.759668350219727, 26.062430953979494, 26.174514389038087, 25.45015678405762, 25.694254684448243, 26.163729858398437, 26.273551177978515, 25.575675582885744, 25.692877960205077, 25.867636108398436, 25.212133407592773, 26.10486755371094, 25.86584815979004, 25.719382095336915, 25.652334213256836, 24.793428039550783, 25.866928100585938, 25.61088447570801, 25.644042205810546, 25.08788642883301, 25.13225212097168, 25.35830726623535, 24.659568786621094, 24.63147392272949, 24.650601959228517, 25.05903205871582, 25.17111740112305, 24.826709747314453], "ae_eval_losses": [120.57418060302734, 107.60872497558594, 69.61034755706787, 65.59809846878052, 54.376002407073976, 54.97741174697876, 52.833172988891604, 44.651219844818115, 45.07550220489502, 43.06532096862793, 40.695989513397215, 40.43859214782715, 39.11288175582886, 38.387265586853026, 38.526943588256835, 36.20103406906128, 35.958915615081786, 35.78470983505249, 34.0011284828186, 34.36535329818726, 33.208877372741696, 32.67900552749634, 32.11225275993347, 31.973743629455566, 31.19391074180603, 30.838387298583985, 31.440599060058595, 30.243872785568236, 29.85125184059143, 30.11238145828247, 29.217314767837525, 28.772293901443483, 29.184472513198852, 29.116473627090453, 28.51305809020996, 28.360086584091185, 27.46097559928894, 27.334235286712648, 27.39960298538208, 27.496359491348265, 27.49586901664734, 27.16361622810364, 26.792286586761474, 27.321268606185914, 26.75966057777405, 27.21594967842102, 26.437537813186644, 26.695445156097414, 26.87072534561157, 26.507366847991943, 26.62849760055542, 26.194499015808105, 25.970198583602905, 26.14891152381897, 26.303436851501466, 26.182219362258913, 26.88494477272034, 26.197376012802124, 26.076860904693604, 25.692683601379393, 25.703048276901246, 26.354789543151856, 27.084719562530516, 26.028872585296632, 25.46660523414612, 25.6921085357666, 25.435059452056883, 26.047369766235352, 25.80999412536621, 25.305895185470582, 25.16063184738159, 25.25985441207886, 26.407171535491944, 25.809187984466554, 25.78066005706787, 25.274069261550903, 25.157110738754273, 25.788709831237792, 26.09593825340271, 25.626760387420653, 25.25691866874695, 25.74783034324646, 25.406870555877685, 24.95397629737854, 25.10106587409973, 25.060151052474975, 25.148224973678587, 25.21306953430176, 25.200244092941283, 24.847301721572876, 24.604157781600954, 24.618348836898804, 25.15918731689453, 24.848266696929933, 24.519364309310912, 24.78144645690918, 24.632095098495483, 24.6093816280365, 24.71952223777771, 24.567253875732423]}