{"ae_train_losses": [153.15047645568848, 69.93514060974121, 55.730061531066895, 51.84192434946696, 49.90498161315918, 51.42470010121664, 45.98543898264567, 42.234161059061684, 38.55922985076904, 36.07849947611491, 33.6800479888916, 31.92468516031901, 30.678445021311443, 29.870186805725098, 28.932176907857258, 28.149914105733234, 27.665975252787273, 27.187833786010742, 26.623820304870605, 26.303293228149414, 25.89634116490682, 25.739942232767742, 25.498668829600017, 25.40920925140381, 25.1133238474528, 25.233437220255535, 25.01027774810791, 24.94313605626424, 24.80134169260661, 24.726673126220703, 24.744038105010986, 24.729146639506023, 24.670233249664307, 24.483850638071697, 24.29687484105428, 24.654990990956623, 24.54977544148763, 24.408271153767902, 24.329741954803467, 24.38644488652547, 24.372552235921223, 24.32114315032959, 24.17753521601359, 24.18774350484212, 24.16010618209839, 24.267268657684326, 24.027830600738525, 24.161214510599773, 24.222518603007, 24.12990442911784, 24.007678349812824, 24.12608830134074, 24.063212235768635, 23.993655681610107, 23.87799294789632, 23.87474759419759, 24.18865728378296, 24.204135417938232, 24.365622838338215, 24.17022180557251, 24.05712429682414, 23.853396733601887, 23.897494157155354, 23.87465190887451, 23.913434982299805, 23.874043305714924, 23.810778458913166, 23.89179213841756, 23.99602762858073, 23.824618657430012, 23.893802801767986, 23.846758524576824, 23.88174279530843, 23.752111593882244, 23.84166129430135, 23.831970691680908, 23.826263109842937, 23.66197443008423, 23.737501939137776, 23.72187026341756, 23.6225167910258, 23.524547576904297, 23.75219424565633, 23.7386900583903, 23.575823307037354, 23.502413431803387, 23.791927337646484, 23.462323506673176, 23.56619183222453, 23.50118096669515, 23.701427777608234, 23.639913241068523, 23.54634189605713, 23.5776522954305, 23.522978623708088, 23.53649107615153, 23.57699219385783, 23.677770614624023, 23.66610097885132, 23.96680784225464], "ae_eval_losses": [125.12602863311767, 69.53841419219971, 53.50508060455322, 48.55813398361206, 62.33508930206299, 42.47992000579834, 49.641500568389894, 38.24446258544922, 37.27370309829712, 35.51496982574463, 33.58314838409424, 31.27314147949219, 30.05878610610962, 29.09927921295166, 28.49307508468628, 27.702176904678346, 27.473066759109496, 26.883239221572875, 26.385292482376098, 25.933645486831665, 25.833701181411744, 25.61455669403076, 25.307916498184206, 25.167476606369018, 25.083275890350343, 25.09411311149597, 24.79670567512512, 24.878468179702757, 24.644205951690672, 24.7593683719635, 25.08431181907654, 24.516378688812257, 24.723463773727417, 24.496190547943115, 24.528049659729003, 24.794229650497435, 24.425494289398195, 24.137554168701172, 24.317867851257326, 24.322759056091307, 24.191958284378053, 24.060809469223024, 24.26969442367554, 24.38695158958435, 24.630635070800782, 24.357838726043703, 23.941125631332397, 24.215584421157835, 24.391228866577148, 23.841127586364745, 24.348008394241333, 24.09275875091553, 23.91929988861084, 23.987006759643556, 23.787016439437867, 24.152705192565918, 28.74983859062195, 24.65872964859009, 24.271541786193847, 24.055813694000243, 24.08367476463318, 23.924828481674194, 24.149639749526976, 24.464217710494996, 23.769297695159914, 23.867738676071166, 24.65165243148804, 23.791593027114867, 23.770335388183593, 23.610835981369018, 23.73106813430786, 23.609692430496217, 23.864250087738036, 24.092594051361083, 23.78975133895874, 23.707080602645874, 23.6707426071167, 23.72915925979614, 23.778857278823853, 23.63078031539917, 23.637115478515625, 23.6968026638031, 23.637660837173463, 23.75577645301819, 23.480997371673585, 23.90792360305786, 23.73882350921631, 23.645226621627806, 23.676495456695555, 23.732449579238892, 24.059196567535402, 23.520542240142824, 23.696227502822875, 23.825525093078614, 23.4781596660614, 23.50349907875061, 23.75277762413025, 25.45105447769165, 25.118406581878663, 23.695016431808472]}