{"ae_train_losses": [120.46648406982422, 66.77960427602132, 51.72638734181722, 50.45243835449219, 49.14124711354574, 44.953866958618164, 42.414107958475746, 39.681796391805015, 36.799336433410645, 33.86858685811361, 31.69027630488078, 29.954020977020264, 28.641616821289062, 27.783268133799236, 26.814401149749756, 25.697500546773274, 25.14648660024007, 24.890457312266033, 24.668275992075603, 24.51424487431844, 24.39347553253174, 24.403441429138184, 24.289274374643963, 24.27738602956136, 24.136029720306396, 24.021891752878826, 24.011420249938965, 23.954214572906494, 23.88801383972168, 23.875425497690838, 23.77790339787801, 23.924906253814697, 23.922293663024902, 23.867480436960857, 23.94886843363444, 23.713039875030518, 23.688456535339355, 23.5611146291097, 23.643067359924316, 23.6035958925883, 23.47195816040039, 23.503404935201008, 23.523560682932537, 23.352057615915935, 23.39835516611735, 23.42039966583252, 23.391233285268147, 23.41647211710612, 23.181589762369793, 23.298277537027996, 23.269547780354817, 23.142892360687256, 22.98098595937093, 23.074877103169758, 22.894151369730633, 22.85305404663086, 22.819867769877117, 22.85798184076945, 22.65516249338786, 22.551835695902508, 22.335800170898438, 22.281328837076824, 22.445254961649578, 22.1896816889445, 22.15702231725057, 22.086178302764893, 22.108759721120197, 21.87030029296875, 22.018699645996094, 21.795369307200115, 21.82243251800537, 21.66982889175415, 21.62498076756795, 21.627322832743328, 21.468200365702312, 21.39392344156901, 21.318487962086994, 21.283264636993408, 21.08295996983846, 21.18093140920003, 21.10944350560506, 20.98705546061198, 20.970529397328693, 20.85778347651164, 20.929933547973633, 20.921268304189045, 20.786506811777752, 20.634289264678955, 20.52710501352946, 20.588216304779053, 20.598068555196125, 20.51980495452881, 20.609298865000408, 20.551881472269695, 20.404997030893963, 20.39672549565633, 20.432937463124592, 20.210950056711834, 20.157926718393963, 20.245870272318523], "ae_eval_losses": [94.80151977539063, 62.97159748077392, 45.93913698196411, 64.55378913879395, 42.20283002853394, 43.669521236419676, 40.22376012802124, 38.41745014190674, 36.16370849609375, 33.0425591468811, 30.29039673805237, 29.279286909103394, 28.220592498779297, 27.36269669532776, 26.24467487335205, 25.18427677154541, 24.977736949920654, 24.817737007141112, 24.585355854034425, 24.57319846153259, 24.4975305557251, 24.348801040649413, 24.256212759017945, 24.145648527145386, 24.09041495323181, 24.118872690200806, 23.98649730682373, 23.89683394432068, 23.94672303199768, 23.752391815185547, 23.8773232460022, 23.826165914535522, 23.886139631271362, 24.02217674255371, 23.751881456375123, 23.834374094009398, 23.60850076675415, 23.71150584220886, 23.69812140464783, 23.549192333221434, 23.3862455368042, 23.443305873870848, 23.506817960739134, 23.55449857711792, 23.39139747619629, 23.31710000038147, 23.323462629318236, 23.54355993270874, 23.298962306976318, 23.144212245941162, 23.130491256713867, 23.18980951309204, 23.101677179336548, 22.954404067993163, 22.928097867965697, 22.970183277130126, 22.78987064361572, 22.845578622817992, 22.70122218132019, 22.636908054351807, 22.401728868484497, 22.431842613220216, 22.475572490692137, 22.11559419631958, 22.30111393928528, 22.043464422225952, 22.04246587753296, 22.01777572631836, 21.911872339248657, 21.805822706222536, 21.715631628036498, 21.7481942653656, 21.75320792198181, 21.459419012069702, 21.503095579147338, 21.421837043762206, 21.391532564163207, 21.350480699539183, 21.266150331497194, 21.169336557388306, 21.26234164237976, 20.981473541259767, 20.91834626197815, 21.114402770996094, 20.91606478691101, 21.22719120979309, 20.81089553833008, 20.988831758499146, 20.80843629837036, 20.665365982055665, 20.57656741142273, 20.64888939857483, 20.71901144981384, 20.62991871833801, 20.691440677642824, 20.480255603790283, 20.425014114379884, 20.342035961151122, 20.443618392944337, 20.24971652030945]}