{"ae_train_losses": [96.2594223022461, 143.58604431152344, 872865.1875, 102.41095733642578, 92.79546356201172, 87.09107208251953, 78.34848022460938, 71.93804931640625, 66.57172393798828, 65.5301284790039, 63.29511260986328, 60.89936447143555, 59.221492767333984, 57.70991897583008, 55.174072265625, 54.94648742675781, 54.422645568847656, 52.32674026489258, 51.504398345947266, 50.71100616455078, 51.49553680419922, 50.82036209106445, 50.06462860107422, 48.91362380981445, 48.34225845336914, 47.83683395385742, 47.97758865356445, 46.76747512817383, 46.874027252197266, 47.842864990234375, 46.439697265625, 45.40214920043945, 44.64341735839844, 44.59654998779297, 43.952606201171875, 42.72530746459961, 43.04549789428711, 42.2562255859375, 42.68028259277344, 41.33576583862305, 40.76390838623047, 40.97108459472656, 40.2453727722168, 39.99665832519531, 40.727210998535156, 39.232994079589844, 39.368492126464844, 38.35183334350586, 38.42841339111328, 38.45920181274414, 38.454193115234375, 37.56301498413086, 36.64697265625, 36.58342742919922, 35.45558166503906, 36.145713806152344, 35.62125015258789, 35.81474685668945, 35.603172302246094, 34.42364501953125, 34.69676208496094, 34.001522064208984, 34.840457916259766, 33.83953857421875, 33.915748596191406, 34.02663040161133, 32.957054138183594, 33.59014892578125, 32.211517333984375, 32.68510818481445, 33.08623123168945, 32.96399688720703, 33.431480407714844, 31.784032821655273, 31.63505744934082, 31.540903091430664, 31.134666442871094, 31.532514572143555, 30.404998779296875, 30.345293045043945, 30.662269592285156, 30.274625778198242, 30.321319580078125, 29.88372039794922, 30.31964111328125, 29.41265296936035, 29.533668518066406, 29.47052574157715, 28.878408432006836, 28.673315048217773, 28.67593765258789, 29.445392608642578, 28.311697006225586, 27.937877655029297, 27.98550796508789, 27.50409698486328, 27.78974151611328, 27.87337303161621, 27.32902717590332, 26.944156646728516], "ae_eval_losses": [117.54002304077149, 117.85780773162841, 101.58923645019532, 91.70323467254639, 84.23132514953613, 78.91208629608154, 75.62255992889405, 71.5647596359253, 67.01079626083374, 60.324576473236085, 55.158310890197754, 51.644788932800296, 49.845890522003174, 48.28740358352661, 47.50712080001831, 46.38040418624878, 46.237691497802736, 46.24585666656494, 45.88056478500366, 45.70800342559814, 45.46398763656616, 45.179516887664796, 45.027340507507326, 44.58073101043701, 44.28642044067383, 44.273745727539065, 43.88117294311523, 43.71658134460449, 43.50452919006348, 43.75351047515869, 43.22147932052612, 42.74720125198364, 42.42307815551758, 42.57018804550171, 42.30625848770141, 42.489149475097655, 42.43094806671142, 42.31924142837524, 41.84514236450195, 41.51013126373291, 40.55837349891662, 40.53533048629761, 40.57758274078369, 41.13202142715454, 41.33167715072632, 41.65996417999268, 41.0631516456604, 41.10816297531128, 40.31421785354614, 39.79259700775147, 39.246266555786136, 39.084186744689944, 39.116613960266115, 39.00125293731689, 38.66728525161743, 38.50800275802612, 38.51665058135986, 38.43716316223144, 38.89191980361939, 38.487855434417725, 38.05319356918335, 38.18475894927978, 37.93737058639526, 37.40536937713623, 37.31290082931518, 37.558933067321775, 37.09403371810913, 36.86316556930542, 36.88148469924927, 36.669029712677, 36.5666015625, 36.66935348510742, 36.56711616516113, 35.58543453216553, 35.06970186233521, 35.35717887878418, 35.18770875930786, 35.01661205291748, 34.69921998977661, 34.26841869354248, 34.297962474822995, 34.13840970993042, 34.16424083709717, 34.182945823669435, 34.139563179016115, 34.13405332565308, 33.969418144226076, 33.62384033203125, 33.15950398445129, 32.6737578868866, 32.397250461578366, 32.77715406417847, 32.961990928649904, 33.11650114059448, 32.81478815078735, 32.54458026885986, 32.10961937904358, 31.86970672607422, 31.7220778465271, 31.6445255279541]}