{"ae_train_losses": [211.93499145507812, 141.9262268066406, 113.13795471191406, 80.7723373413086, 64.53023071289063, 64.45480346679688, 59.09203567504883, 57.210435485839845, 56.17042694091797, 56.696021270751956, 54.66033248901367, 55.00172576904297, 51.689710998535155, 52.63714065551758, 49.29708709716797, 47.47689666748047, 49.09959716796875, 45.758786010742185, 43.7058219909668, 40.92379913330078, 41.05489044189453, 39.58595275878906, 37.721797943115234, 37.198178100585935, 36.119981384277345, 35.25184936523438, 35.23912582397461, 34.6857406616211, 34.23520355224609, 33.57705307006836, 34.04727020263672, 32.60386199951172, 31.9374267578125, 32.38233642578125, 30.938291931152342, 31.161609649658203, 32.43938064575195, 31.83293571472168, 31.588380813598633, 32.433293151855466, 30.682743072509766, 29.896063995361327, 30.053196716308594, 30.26878967285156, 29.374740600585938, 29.171058654785156, 28.814516830444337, 28.9938907623291, 29.31515121459961, 29.092091751098632, 28.82959976196289, 28.344331741333008, 27.784451293945313, 28.79171485900879, 28.442608642578126, 28.427792739868163, 27.806299209594727, 27.685628509521486, 27.43961372375488, 27.645421981811523, 27.565972137451173, 27.398432540893555, 28.819966888427736, 28.156562423706056, 28.397394561767577, 26.6835506439209, 26.927023696899415, 26.95526885986328, 28.30012741088867, 28.071570587158202, 26.95145378112793, 26.7574031829834, 26.61845932006836, 27.028871536254883, 27.06486701965332, 26.68840103149414, 26.24915428161621, 28.279461288452147, 27.661275482177736, 26.626055908203124, 26.937197113037108, 26.99843635559082, 26.29047546386719, 26.82735939025879, 26.522958755493164, 27.411552810668944, 26.542313385009766, 26.0664493560791, 27.02005958557129, 26.135428619384765, 26.14272117614746, 26.06756248474121, 25.93679275512695, 26.332937240600586, 26.4351016998291, 25.740632247924804, 25.869030380249022, 25.668978881835937, 26.297450256347656, 25.808808898925783], "ae_eval_losses": [137.69049186706542, 128.27210426330566, 110.18707866668701, 85.37912349700927, 61.02675886154175, 62.18201742172241, 53.12147207260132, 61.419637298583986, 61.67998733520508, 51.754794883728025, 61.23242864608765, 63.91553382873535, 52.80593023300171, 49.01102113723755, 51.30801687240601, 46.37752466201782, 49.16644296646118, 43.149114990234374, 39.519320487976074, 40.400823307037356, 37.88184003829956, 36.838474082946775, 41.67277460098266, 36.103088188171384, 37.194631290435794, 34.78242692947388, 34.9055591583252, 33.475091743469235, 33.4917407989502, 34.94159202575683, 32.83306064605713, 32.410910558700564, 31.623455715179443, 31.55179634094238, 31.170704507827757, 31.957435417175294, 30.917311477661134, 33.077094650268556, 30.576439809799194, 30.749369287490843, 29.614849615097047, 30.194284391403198, 30.008007955551147, 29.708788871765137, 29.20351243019104, 28.572591161727907, 29.122739839553834, 28.846802473068237, 28.451877069473266, 28.21462998390198, 28.431890153884886, 28.11124439239502, 27.64948787689209, 27.452886962890624, 27.335005378723146, 27.06469621658325, 27.349010515213013, 26.955683517456055, 27.237695074081422, 28.08264865875244, 27.925149774551393, 28.472244453430175, 28.920470237731934, 27.376787757873537, 27.128080701828004, 26.769182443618774, 26.919579839706422, 26.720577669143676, 27.776584005355836, 26.71695809364319, 27.229994010925292, 26.56228256225586, 27.034962320327757, 26.288181400299074, 26.337813138961792, 26.225372791290283, 26.255942153930665, 27.07146849632263, 26.816575908660887, 26.766707944869996, 26.39438729286194, 26.058684968948363, 26.642039108276368, 26.17500982284546, 26.658010530471802, 25.968762397766113, 26.202158832550047, 25.747327089309692, 25.805435371398925, 26.103411436080933, 25.983775281906127, 25.849324941635132, 25.947958755493165, 25.79285411834717, 25.671656847000122, 25.261882495880126, 25.285749530792238, 25.484605598449708, 25.31281099319458, 25.70356616973877]}