{"ae_train_losses": [127.43324041366577, 60.57567262649536, 49.10928130149841, 45.94571781158447, 43.217329025268555, 39.13702750205994, 36.751203536987305, 34.60514783859253, 32.57865750789642, 30.803033232688904, 29.384109258651733, 28.22099530696869, 27.783583521842957, 27.19555175304413, 26.600039839744568, 26.031654715538025, 25.93100345134735, 25.474697470664978, 25.27704906463623, 24.907079458236694, 24.8745676279068, 24.738110065460205, 24.615925550460815, 24.65031933784485, 24.470499992370605, 24.372902035713196, 24.261431336402893, 24.202651619911194, 24.22761905193329, 24.219109773635864, 24.19627559185028, 23.943679809570312, 23.880986094474792, 23.92566168308258, 23.926743984222412, 23.884523510932922, 23.813998818397522, 23.839239716529846, 23.86021101474762, 23.794986605644226, 23.740906834602356, 23.83899188041687, 23.76103663444519, 23.71156895160675, 23.673498511314392, 23.84073805809021, 23.860188484191895, 23.98050856590271, 23.6811763048172, 23.64499032497406, 23.543817162513733, 23.59732162952423, 23.6410790681839, 23.486305832862854, 23.6429044008255, 23.493619561195374, 23.593886017799377, 23.538979411125183, 23.41155171394348, 23.507825136184692, 23.476271152496338, 23.562978148460388, 23.49354863166809, 23.37776756286621, 23.305658221244812, 23.408227562904358, 23.281795144081116, 23.293901562690735, 23.22463369369507, 23.19685161113739, 23.20232665538788, 23.222850918769836, 23.19554340839386, 23.233819484710693, 23.138150811195374, 23.232110619544983, 23.202268600463867, 23.063532829284668, 23.08388912677765, 23.097793102264404, 22.983840823173523, 23.02590799331665, 23.07245683670044, 23.109651684761047, 23.004977345466614, 23.01739239692688, 23.013351678848267, 23.009857654571533, 23.00561773777008, 22.85935914516449, 22.967904448509216, 22.94542920589447, 22.951315999031067, 23.107722401618958, 22.825977683067322, 22.891199111938477, 22.922293066978455, 23.367546319961548, 23.367340922355652, 23.233404278755188], "ae_eval_losses": [96.98309288024902, 50.73267679214477, 50.20103120803833, 46.42233848571777, 38.76976499557495, 38.19856996536255, 36.63830671310425, 35.16810388565064, 32.93919587135315, 30.015792846679688, 28.618392658233642, 28.1015221118927, 27.75502142906189, 27.126718521118164, 26.437514877319337, 26.297350454330445, 25.810320091247558, 25.75369863510132, 25.07784233093262, 25.05251808166504, 24.674560928344725, 25.35098786354065, 24.92369647026062, 24.934037351608275, 24.487247467041016, 24.791654205322267, 24.21030225753784, 24.201228427886964, 24.25833353996277, 24.408374786376953, 24.163280296325684, 24.007593202590943, 24.030545568466188, 24.095793628692626, 23.94212374687195, 24.064332580566408, 24.056668710708617, 23.84521851539612, 23.992796897888184, 23.90467824935913, 24.00056219100952, 24.43063316345215, 23.672752237319948, 23.96305332183838, 23.85506992340088, 24.16475887298584, 24.264105606079102, 23.948099517822264, 23.899670696258546, 23.550520420074463, 23.45340738296509, 23.634462213516237, 23.44120569229126, 23.47286252975464, 23.75185647010803, 23.524533414840697, 24.039681911468506, 23.530942153930663, 27.000705432891845, 23.86282000541687, 23.442281007766724, 23.61117105484009, 23.555224609375, 23.461338424682616, 23.22064275741577, 23.405068492889406, 23.379479503631593, 23.272352981567384, 23.30621976852417, 23.268252897262574, 23.31806812286377, 23.161177492141725, 23.31338224411011, 23.236699724197386, 23.203345823287965, 23.345531845092772, 23.179133939743043, 23.11919288635254, 23.0702654838562, 23.143630456924438, 22.995859813690185, 23.400746011734007, 23.049394130706787, 23.102543973922728, 23.097977876663208, 23.223545598983765, 23.0610435962677, 23.03846025466919, 23.04850215911865, 23.0125901222229, 23.01262311935425, 22.954096508026122, 23.225341796875, 23.190875244140624, 22.921698093414307, 22.972449350357056, 23.04388689994812, 24.666793537139892, 23.286886405944824, 23.156352090835572]}