{"ae_train_losses": [118.15226955413819, 54.72880878448486, 47.94278755187988, 43.051156997680664, 38.4346227645874, 35.35612468719482, 32.81495323181152, 30.604191303253174, 29.30606698989868, 28.541922092437744, 27.8027702331543, 27.36619176864624, 26.79215030670166, 26.482677459716797, 26.074572372436524, 25.934990215301514, 25.52887878417969, 25.13828468322754, 25.006357765197755, 24.86715440750122, 24.588425636291504, 24.45023946762085, 24.287473297119142, 24.30086269378662, 24.260656452178956, 24.172969245910643, 24.08455467224121, 23.922346210479738, 23.94900026321411, 23.848436260223387, 23.854206371307374, 23.902871322631835, 23.729746723175047, 23.921467113494874, 23.616300296783447, 23.699051189422608, 23.71075611114502, 23.584482955932618, 23.539123058319092, 23.567570686340332, 23.582631397247315, 23.439637851715087, 23.637387466430663, 23.60604820251465, 23.65123224258423, 23.788329982757567, 23.53870849609375, 23.584412479400633, 23.5232177734375, 23.51971216201782, 23.430361461639404, 23.45424919128418, 23.3265380859375, 23.4034366607666, 23.366931533813478, 23.313621234893798, 23.247422885894775, 23.24847412109375, 23.242788219451903, 23.20205965042114, 23.152599143981934, 23.21888647079468, 23.206515312194824, 23.23355007171631, 23.130774593353273, 23.169912815093994, 23.169860935211183, 23.09151268005371, 23.035520458221434, 23.009335231781005, 23.05095729827881, 22.96278076171875, 23.1446891784668, 23.205172634124757, 22.963251686096193, 22.93483171463013, 22.95493860244751, 22.77034463882446, 22.926719379425048, 22.96884412765503, 22.798564434051514, 22.74030351638794, 22.684331035614015, 22.763339233398437, 22.701546001434327, 22.55063066482544, 22.511179447174072, 22.524295997619628, 22.635412406921386, 22.515082168579102, 22.44047803878784, 22.379798793792723, 22.519608592987062, 22.378827571868896, 22.318861103057863, 22.348991012573244, 22.363566398620605, 22.20658149719238, 22.292076778411865, 22.15719356536865], "ae_eval_losses": [71.97081546783447, 54.45275468826294, 42.76035470962525, 40.8458812713623, 37.97047119140625, 34.40564641952515, 31.58665442466736, 30.010061407089232, 28.769189977645873, 28.129740715026855, 27.7807710647583, 26.930062198638915, 26.471707916259767, 26.344469261169433, 25.87992396354675, 26.48642807006836, 25.526532411575317, 25.311236238479616, 24.878530073165894, 25.047825050354003, 24.69229440689087, 24.289759492874147, 24.546918201446534, 24.59769015312195, 24.23016800880432, 24.23864378929138, 24.029541778564454, 23.85313138961792, 24.16162486076355, 24.275057983398437, 23.953066301345824, 23.989236927032472, 24.34043946266174, 23.790134382247924, 23.745990753173828, 24.58059983253479, 23.622901725769044, 23.403129005432127, 23.6704541683197, 23.878992557525635, 23.851416969299315, 23.758279418945314, 24.797266960144043, 23.744895505905152, 24.070688676834106, 23.66935477256775, 23.598043966293336, 23.616720104217528, 23.489303302764892, 23.514906263351442, 23.284987878799438, 23.441761684417724, 23.229325437545775, 23.317439985275268, 23.206543064117433, 23.13756055831909, 23.54280571937561, 23.29320855140686, 23.5008544921875, 23.307466506958008, 23.253016662597656, 23.97423686981201, 23.283019161224367, 23.35806589126587, 23.13401026725769, 23.2224036693573, 23.107439613342287, 23.069306659698487, 23.169513082504274, 23.073298358917235, 23.179867553710938, 22.95469946861267, 23.767636489868163, 23.071840000152587, 22.900236892700196, 22.951329612731932, 22.920820903778075, 22.89792642593384, 22.882048225402833, 22.93901710510254, 22.959419393539427, 22.666307353973387, 22.768252277374266, 22.72927279472351, 22.782161808013917, 22.687187910079956, 22.62241005897522, 22.544969415664674, 22.620303916931153, 22.50881028175354, 22.42848482131958, 22.41622929573059, 22.420506477355957, 22.39987063407898, 22.391194915771486, 22.355900859832765, 22.320774650573732, 22.36568202972412, 22.314181184768678, 22.197643184661864]}