{"ae_train_losses": [138.67810668945313, 95.44747161865234, 80.01856231689453, 67.32769088745117, 56.33721923828125, 51.552354431152345, 48.32753295898438, 47.2754638671875, 44.98152236938476, 42.964926147460936, 42.88030471801758, 42.000509643554686, 41.50086212158203, 42.84400177001953, 42.22115859985352, 39.87321472167969, 40.06511535644531, 38.634169006347655, 37.08167190551758, 37.62287063598633, 36.17819442749023, 36.0215705871582, 35.68228988647461, 36.05866928100586, 35.028744506835935, 33.822722625732425, 32.72365036010742, 32.612772369384764, 30.731601333618165, 31.562149047851562, 30.983249282836915, 31.4525505065918, 29.990724563598633, 30.380852508544923, 29.60236358642578, 28.482445907592773, 28.78098907470703, 28.080266571044923, 27.46099853515625, 28.191261291503906, 28.3231689453125, 27.215752029418944, 27.0339656829834, 27.980824279785157, 27.49870147705078, 27.025450134277342, 26.939067077636718, 26.43833770751953, 26.58870620727539, 25.745393753051758, 25.71897087097168, 26.426659393310548, 25.38819999694824, 25.811111450195312, 25.343896102905273, 25.99588813781738, 25.640564727783204, 25.775922775268555, 25.510296630859376, 25.634384155273438, 25.30337028503418, 25.575637817382812, 25.523649597167967, 25.992491149902342, 25.578754043579103, 25.381145477294922, 25.07008171081543, 25.086643981933594, 24.79585952758789, 26.14382209777832, 25.594255447387695, 25.18789291381836, 25.163797760009764, 25.733706665039062, 25.248869323730467, 25.12834358215332, 24.67973861694336, 25.489542770385743, 25.019945907592774, 24.43757438659668, 24.782341384887694, 24.99022674560547, 25.515507888793945, 25.01945343017578, 25.450019073486327, 25.64109115600586, 25.118699645996095, 25.72613067626953, 25.765521621704103, 25.246669006347656, 25.362881088256835, 24.590036392211914, 25.15297927856445, 24.925850296020506, 25.034357833862305, 25.337870788574218, 25.209479522705077, 24.448944091796875, 24.626727294921874, 25.35720024108887], "ae_eval_losses": [111.88402061462402, 88.68509330749512, 85.29496726989746, 72.7772954940796, 61.87248315811157, 57.90843105316162, 53.41215467453003, 46.58235349655151, 49.51702823638916, 44.604248046875, 44.40491790771485, 42.00133695602417, 48.48963108062744, 40.57255716323853, 41.54750394821167, 40.18224287033081, 38.8515983581543, 39.29506607055664, 37.87605142593384, 37.2610951423645, 35.98845338821411, 36.13945751190185, 37.440763759613034, 34.10101289749146, 34.955429267883304, 32.5378137588501, 32.20324678421021, 31.467396926879882, 30.993588781356813, 30.868856763839723, 30.58698468208313, 29.916865587234497, 29.420073556900025, 29.118239974975587, 28.960937309265137, 28.711464405059814, 29.165129470825196, 28.0349169254303, 28.07142095565796, 27.49508571624756, 27.218552827835083, 27.049289655685424, 27.501183128356935, 26.988992643356323, 27.12598624229431, 26.76807346343994, 26.005261135101318, 26.5720326423645, 26.546962022781372, 25.87880120277405, 25.92709140777588, 25.905829429626465, 25.94593439102173, 25.79003267288208, 25.987964487075807, 25.69100685119629, 26.380482006073, 26.538656520843507, 25.96290464401245, 25.70490837097168, 25.977143812179566, 25.62308974266052, 25.717285871505737, 25.393065023422242, 25.52399334907532, 25.182147359848024, 25.22370090484619, 25.538345527648925, 25.153204011917115, 25.77809543609619, 25.677323436737062, 25.519105243682862, 25.39067587852478, 24.84136543273926, 24.611124753952026, 24.725325536727905, 25.118516397476196, 24.95470881462097, 24.99964838027954, 25.14029402732849, 25.458876132965088, 24.765463876724244, 25.036247491836548, 25.23526997566223, 25.508292770385744, 24.89548544883728, 24.96526780128479, 25.039728355407714, 25.03055806159973, 25.15940589904785, 24.634589910507202, 25.084275245666504, 25.068877458572388, 24.878180503845215, 24.532577419281004, 25.072967195510863, 24.580900526046754, 24.795579957962037, 24.62800326347351, 24.744281435012816]}