{"ae_train_losses": [150.70528316497803, 91.9622278213501, 68.60444974899292, 54.58530378341675, 51.48421049118042, 49.92436122894287, 49.83326578140259, 50.331464767456055, 48.53195095062256, 45.54128408432007, 42.263306617736816, 40.172086238861084, 38.51825189590454, 37.08918762207031, 35.65205764770508, 33.85313272476196, 32.40185046195984, 31.095271587371826, 30.322760820388794, 29.74314785003662, 28.842692613601685, 28.584211826324463, 27.987682104110718, 27.549919605255127, 27.367694854736328, 27.116516828536987, 26.787984132766724, 26.43220090866089, 26.43218231201172, 26.00114893913269, 25.997530698776245, 25.741886138916016, 25.695861339569092, 25.74560546875, 25.7292742729187, 25.235456943511963, 25.078644037246704, 25.04844880104065, 25.143346548080444, 24.961688995361328, 24.984166383743286, 24.787562608718872, 24.503474473953247, 24.698148250579834, 24.771819591522217, 24.628177881240845, 24.564273834228516, 24.556581258773804, 24.551379442214966, 24.422099590301514, 24.560651779174805, 24.398282289505005, 24.419296503067017, 24.37149167060852, 24.291515111923218, 24.37444043159485, 24.360811471939087, 24.13146996498108, 24.098819255828857, 24.206907272338867, 24.084489822387695, 24.18414878845215, 24.348411798477173, 24.17453646659851, 24.326900243759155, 24.044039249420166, 24.036295175552368, 24.046605110168457, 23.982961654663086, 24.223150491714478, 24.05755376815796, 24.084558248519897, 24.092308282852173, 24.098536252975464, 23.932693243026733, 23.812680959701538, 23.99365758895874, 23.725427389144897, 23.774630069732666, 23.93722677230835, 23.974905014038086, 23.767045736312866, 23.751524686813354, 23.837669849395752, 23.821773290634155, 23.60855793952942, 23.616745710372925, 23.650119066238403, 23.829973936080933, 23.884804010391235, 23.974395751953125, 23.686585664749146, 23.592660427093506, 23.822386741638184, 23.654354572296143, 23.85767364501953, 23.911417961120605, 23.606410026550293, 23.669017791748047, 23.68400549888611], "ae_eval_losses": [105.33887119293213, 99.91219387054443, 74.79361705780029, 62.67719259262085, 54.65004177093506, 48.95666427612305, 49.33403177261353, 56.80768461227417, 50.864201068878174, 41.38541584014892, 40.465289974212645, 39.4358943939209, 38.411077690124515, 38.05236415863037, 35.15612869262695, 33.332839250564575, 31.929232025146483, 31.40421438217163, 29.861779975891114, 29.93232855796814, 28.813629484176637, 28.194053077697752, 27.65886492729187, 27.28532757759094, 27.095860719680786, 26.96132597923279, 26.564973497390746, 26.309041118621828, 26.286139059066773, 25.89583578109741, 25.84834542274475, 25.613249397277833, 26.020319986343384, 26.315221977233886, 25.483731842041017, 25.077005672454835, 25.206847047805788, 24.903186750411987, 25.131155014038086, 25.021600770950318, 24.854544591903686, 24.54433708190918, 24.57304768562317, 24.801479959487914, 24.96827654838562, 24.459525680541994, 24.39785771369934, 24.596392011642457, 24.446597814559937, 25.20792136192322, 24.62860417366028, 24.33215374946594, 24.1194495677948, 24.39287075996399, 24.180982542037963, 24.86506304740906, 24.532303237915038, 24.299162292480467, 24.133590412139892, 24.027199840545656, 24.08809690475464, 24.103993701934815, 24.227242136001585, 24.626365232467652, 23.992572593688966, 24.227286911010744, 24.137899589538574, 24.028294372558594, 25.090374422073364, 24.283486461639406, 23.832311820983886, 24.113525390625, 24.296374988555907, 23.912599515914916, 23.94677619934082, 24.17518925666809, 23.823529863357543, 23.852597665786742, 23.801226234436037, 24.088352108001708, 23.874764823913573, 23.92095685005188, 24.422239065170288, 24.014882707595824, 23.736381816864014, 23.960650873184203, 23.70729789733887, 23.86606845855713, 24.03551115989685, 24.076210498809814, 23.803966426849364, 23.86030259132385, 23.869436597824098, 23.672112464904785, 23.772474575042725, 24.479823970794676, 23.781657123565672, 23.685272645950317, 23.738903856277467, 23.829836511611937]}