{"ae_train_losses": [89.96978425979614, 53.392240047454834, 47.17654609680176, 43.92050743103027, 41.12964487075806, 38.25422239303589, 36.183159828186035, 34.20826578140259, 31.77316641807556, 29.642391681671143, 28.1616952419281, 27.020487546920776, 26.173033714294434, 25.333600521087646, 24.66992449760437, 24.279391765594482, 23.6904239654541, 23.304349899291992, 22.942272663116455, 22.698153257369995, 22.39987301826477, 22.071200609207153, 21.77994656562805, 21.618177890777588, 21.344858646392822, 21.299716234207153, 21.40150284767151, 21.283475160598755, 21.16483211517334, 21.004920482635498, 20.927598237991333, 20.969478368759155, 20.815457582473755, 20.826195240020752, 20.7686927318573, 20.66288709640503, 20.542484521865845, 20.445463180541992, 20.28573775291443, 20.395513772964478, 20.30066680908203, 20.530309677124023, 20.51263165473938, 20.269928216934204, 20.326021909713745, 20.296173095703125, 20.12666916847229, 20.218998908996582, 20.14482808113098, 20.125738620758057, 20.158283948898315, 20.0825777053833, 20.035882711410522, 19.897688150405884, 19.953431367874146, 19.871721267700195, 19.93667435646057, 19.72910237312317, 19.826799869537354, 19.850021362304688, 19.67781090736389, 19.61954689025879, 19.746772289276123, 19.75244379043579, 19.954283714294434, 19.722536325454712, 19.76131296157837, 19.661295890808105, 19.611732244491577, 19.589991569519043, 19.67033338546753, 19.591118574142456, 19.49353790283203, 19.521039485931396, 19.466495990753174, 19.47386384010315, 19.595839262008667, 19.53115177154541, 19.72591757774353, 19.508727312088013, 19.523781538009644, 19.465199947357178, 19.423112869262695, 19.459693908691406, 19.438790798187256, 19.304700136184692, 19.20076298713684, 19.277482986450195, 19.057432651519775, 19.2428719997406, 19.382807731628418, 19.31467843055725, 19.033636808395386, 19.231935024261475, 19.263142347335815, 19.33629822731018, 19.4093279838562, 19.12236213684082, 19.108097553253174, 19.122659921646118], "ae_eval_losses": [111.69871635437012, 58.03534336090088, 44.23650760650635, 46.11754331588745, 40.12658929824829, 35.757918167114255, 33.35175633430481, 31.410224294662477, 29.843346548080444, 28.206588649749754, 27.204685974121094, 26.466893482208253, 25.70215983390808, 25.626650285720824, 24.359612703323364, 23.962008476257324, 23.72978115081787, 23.17482352256775, 22.8618284702301, 22.538002490997314, 22.2341260433197, 22.26120796203613, 21.779726409912108, 21.68816742897034, 21.640781021118165, 21.68150887489319, 21.51933455467224, 21.457157468795778, 21.63505401611328, 21.286565446853636, 21.417292404174805, 21.054851770401, 21.463950300216673, 21.24028835296631, 20.92342314720154, 21.014359188079833, 20.87756872177124, 20.847656393051146, 20.842446327209473, 20.860232162475587, 20.850780773162843, 21.17659111022949, 20.949497365951537, 20.68492317199707, 20.77421088218689, 20.580769872665407, 20.698367166519166, 20.849985361099243, 20.430217599868776, 20.563293552398683, 20.433198356628417, 20.613321542739868, 20.540219736099242, 20.472396755218504, 20.745130586624146, 20.498192691802977, 20.332080793380737, 20.193589830398558, 20.587552213668822, 20.31069884300232, 20.262052917480467, 20.45768084526062, 20.379001808166503, 20.582760763168334, 20.38063292503357, 20.168961429595946, 20.402822494506836, 20.124467420578004, 20.320661735534667, 20.32797255516052, 20.394865131378175, 20.13105192184448, 20.350157737731934, 20.27609519958496, 20.020581436157226, 20.371779203414917, 20.336669397354125, 20.448795795440674, 20.10082416534424, 20.206991052627565, 20.03124933242798, 20.02398328781128, 19.940514755249023, 20.281494092941283, 19.959923028945923, 20.031636714935303, 20.07788610458374, 20.046958351135252, 20.07052412033081, 19.93388080596924, 19.84988317489624, 19.930902004241943, 19.838776111602783, 19.82492365837097, 20.23605408668518, 20.149008560180665, 20.237963151931762, 20.041816234588623, 19.956401968002318, 19.891108417510985]}