{"ae_train_losses": [97.8038682937622, 53.36529493331909, 44.36822843551636, 40.29140567779541, 37.305418968200684, 34.50202655792236, 32.495802879333496, 30.75365161895752, 29.614569187164307, 28.420774221420288, 27.329793453216553, 26.400293350219727, 25.56927490234375, 24.800039052963257, 24.483880043029785, 24.098891735076904, 23.713996648788452, 23.512412548065186, 23.128101587295532, 22.829238176345825, 22.640435695648193, 22.302628993988037, 22.047218561172485, 21.844882249832153, 21.74729299545288, 21.646814584732056, 21.472097635269165, 21.376168727874756, 21.23951554298401, 21.15255856513977, 21.076921939849854, 21.02195167541504, 21.091816186904907, 20.849229097366333, 20.733562231063843, 20.693325519561768, 20.6135470867157, 20.55838418006897, 20.631521940231323, 20.719440937042236, 20.68597960472107, 20.65596055984497, 20.404455423355103, 20.54609489440918, 20.548223733901978, 20.455872297286987, 20.35745906829834, 20.377308130264282, 20.253875732421875, 20.283560276031494, 20.143545627593994, 20.32864022254944, 20.22614049911499, 20.25057625770569, 20.295149326324463, 20.3530170917511, 20.12186574935913, 20.084564924240112, 20.154671669006348, 20.053205251693726, 20.016818523406982, 19.984556913375854, 19.909427165985107, 19.909780979156494, 19.898647785186768, 19.9334454536438, 19.878764152526855, 19.709935665130615, 19.723960638046265, 19.804253339767456, 19.737300634384155, 19.84926152229309, 19.753138542175293, 19.79639744758606, 19.71295690536499, 19.77300190925598, 19.794010162353516, 19.736924648284912, 19.544809341430664, 19.674484491348267, 19.66153073310852, 19.62041163444519, 19.52325177192688, 19.484487295150757, 19.6421217918396, 19.503512144088745, 19.383423328399658, 19.60229992866516, 19.518483638763428, 19.55205988883972, 19.465792417526245, 19.38873529434204, 19.553370714187622, 19.484280824661255, 19.56151056289673, 19.520773887634277, 19.496657133102417, 19.541680335998535, 19.28806233406067, 19.418079137802124], "ae_eval_losses": [83.69554805755615, 57.43034038543701, 43.34585027694702, 37.4006688117981, 34.28914003372192, 32.90969614982605, 31.595035886764528, 30.186170864105225, 29.10506319999695, 28.05436716079712, 26.405624628067017, 25.646953868865968, 25.02594213485718, 24.759024333953857, 24.66111044883728, 23.66983060836792, 23.824876260757446, 23.670771837234497, 22.937128448486327, 22.872946739196777, 22.54498643875122, 22.32138090133667, 22.06042346954346, 21.98011999130249, 21.810807752609254, 21.881533432006837, 21.645451688766478, 21.53381233215332, 21.291613483428954, 21.363146448135375, 21.827413940429686, 21.526106309890746, 21.399865865707397, 21.365494632720946, 21.14293713569641, 21.066898775100707, 21.197180461883544, 20.846455001831053, 21.017700242996217, 21.024732637405396, 20.823371362686157, 20.74198760986328, 20.809535264968872, 20.948637819290163, 21.003355836868288, 20.686523914337158, 20.42812943458557, 20.66475839614868, 20.736359453201295, 20.614996004104615, 20.605522680282593, 20.78606524467468, 20.63498854637146, 20.661481428146363, 20.943388557434083, 20.665087890625, 20.73237919807434, 20.43608193397522, 20.541602277755736, 20.64220824241638, 20.31601839065552, 20.563112926483154, 20.52265887260437, 20.717320013046265, 20.536515951156616, 20.594334506988524, 20.44997019767761, 20.36654143333435, 20.45094766616821, 20.298446464538575, 20.324980163574217, 20.587254762649536, 20.517301750183105, 20.35691089630127, 20.40182819366455, 20.468718242645263, 20.578968286514282, 20.413260412216186, 20.23630576133728, 20.40904059410095, 20.536524868011476, 20.357081413269043, 20.240126752853392, 20.340560960769654, 20.2424777507782, 20.14604091644287, 20.200384426116944, 20.33815817832947, 20.529334688186644, 20.331300258636475, 20.151563215255738, 20.031586265563966, 20.21966791152954, 20.256309604644777, 20.30572395324707, 20.176630973815918, 20.616247987747194, 20.346107625961302, 20.212651252746582, 20.10213131904602]}