{"ae_train_losses": [102.0730128288269, 53.940600633621216, 45.9647376537323, 41.790931701660156, 38.854477882385254, 35.453158378601074, 32.260125041007996, 29.879886150360107, 28.306201338768005, 27.27059555053711, 26.69913411140442, 26.192710041999817, 25.65702760219574, 25.161795020103455, 24.765049815177917, 24.725354433059692, 24.430217385292053, 24.407894134521484, 24.325379133224487, 24.162190437316895, 24.176865100860596, 24.158419609069824, 24.06192636489868, 24.189475774765015, 24.067696452140808, 23.966399788856506, 23.753894448280334, 23.72546684741974, 23.659354090690613, 23.43847680091858, 23.634336352348328, 23.39772391319275, 23.22801911830902, 23.07802665233612, 23.025816798210144, 22.965173721313477, 22.84833538532257, 22.754810333251953, 22.72857177257538, 22.583426356315613, 22.503268718719482, 22.472400784492493, 22.40930724143982, 22.384505033493042, 22.344749808311462, 22.14520788192749, 22.208452224731445, 22.02733874320984, 21.89128601551056, 21.887145042419434, 21.932462692260742, 21.833811283111572, 21.756460428237915, 21.615645170211792, 21.576143622398376, 21.461327075958252, 21.379826188087463, 21.37033450603485, 21.27861738204956, 21.241371393203735, 21.110488772392273, 21.080946564674377, 21.02372634410858, 20.868377327919006, 20.83933460712433, 20.945898413658142, 20.851580142974854, 20.777307271957397, 20.679676055908203, 20.63907265663147, 20.554795026779175, 20.617061376571655, 20.634645581245422, 20.446034789085388, 20.41945457458496, 20.376612901687622, 20.422413229942322, 20.324102759361267, 20.256539463996887, 20.394171953201294, 20.255513310432434, 20.18885576725006, 20.22489619255066, 20.248420238494873, 20.113418459892273, 20.07739007472992, 20.163128972053528, 20.115636587142944, 20.129749655723572, 20.128354787826538, 20.27514410018921, 19.966784477233887, 19.930282950401306, 19.96048617362976, 19.91828680038452, 19.89004111289978, 19.83448874950409, 19.84408175945282, 19.683823466300964, 19.73834729194641], "ae_eval_losses": [107.85728454589844, 56.44510869979858, 45.27033405303955, 40.72368783950806, 38.224701499938966, 34.10453915596008, 31.43410120010376, 28.90562767982483, 27.715628576278686, 26.952906847000122, 26.581273746490478, 25.89463095664978, 25.66429133415222, 25.02520604133606, 24.844788789749146, 24.622592973709107, 24.575028276443483, 24.40693883895874, 24.23723168373108, 24.333688163757323, 24.0425922870636, 24.193240356445312, 23.971937131881713, 24.143107223510743, 24.250248908996582, 23.898014259338378, 23.894399547576903, 23.660738611221312, 23.63595881462097, 23.551669549942016, 23.39453492164612, 23.18884906768799, 23.30560894012451, 23.165863275527954, 23.143646717071533, 23.25531554222107, 22.83415570259094, 22.881999492645264, 22.725270414352416, 22.777095794677734, 22.49921660423279, 22.440536737442017, 22.516613054275513, 22.526888799667358, 22.41757912635803, 22.154660320281984, 22.178985118865967, 22.408038854599, 21.959219551086427, 21.92071771621704, 22.05793433189392, 22.17549057006836, 21.610766220092774, 21.58770580291748, 21.616482400894164, 21.662484884262085, 21.427195358276368, 21.5223792552948, 21.523618173599242, 21.38849320411682, 21.148721551895143, 21.292055463790895, 21.18371787071228, 20.764649438858033, 21.022680854797365, 20.902036428451538, 20.788677644729614, 20.760715532302857, 20.584353828430174, 20.74184603691101, 20.494018650054933, 20.551580810546874, 20.439469194412233, 20.53767533302307, 20.41454176902771, 20.504966592788698, 20.351550769805907, 20.502523803710936, 20.31670036315918, 20.38607258796692, 20.221735525131226, 20.278182792663575, 20.245636320114137, 20.425999641418457, 20.022129154205324, 20.321126556396486, 20.296055698394774, 20.447198486328126, 20.319224739074706, 20.34667911529541, 20.1947883605957, 20.104524993896483, 19.997709465026855, 19.98793649673462, 19.9504141330719, 19.990300321578978, 19.991453409194946, 19.826858520507812, 19.797910356521605, 19.767929792404175]}