{"ae_train_losses": [166.6648193359375, 112.33115997314454, 97.20451965332032, 82.59179077148437, 68.0797607421875, 59.77365264892578, 58.523799896240234, 55.104251861572266, 55.797689056396486, 50.95062789916992, 49.71260986328125, 47.94105987548828, 46.88731079101562, 45.71009750366211, 45.38249969482422, 43.55988082885742, 44.52730941772461, 43.687261962890624, 42.64419784545898, 46.99346694946289, 42.02134323120117, 40.40890197753906, 38.808222961425784, 37.72278747558594, 37.00516204833984, 36.3200065612793, 35.56294174194336, 34.07328643798828, 33.29297637939453, 32.703485107421876, 32.66489181518555, 31.876913452148436, 31.681000900268554, 31.871267318725586, 31.1050106048584, 30.39193344116211, 30.41257438659668, 29.148173904418947, 28.921556854248045, 29.450313568115234, 29.31382484436035, 28.70326957702637, 27.867016983032226, 28.940746688842772, 28.250995635986328, 27.591285705566406, 27.663853454589844, 27.63937454223633, 27.31248893737793, 26.910361099243165, 27.263679885864256, 27.43172416687012, 27.007445526123046, 26.796152877807618, 26.156225967407227, 26.932278442382813, 26.897068405151366, 26.839952087402345, 26.538235473632813, 26.402647399902342, 26.236762619018556, 26.379041290283205, 26.373034286499024, 26.871734619140625, 26.39316062927246, 26.872635650634766, 26.217240142822266, 25.590050506591798, 25.53954086303711, 26.759794616699217, 26.110229110717775, 25.639776992797852, 25.90891876220703, 25.99390983581543, 25.48240852355957, 26.223430633544922, 25.78218231201172, 26.121244812011717, 25.48367042541504, 25.333543014526366, 25.14038543701172, 25.221674728393555, 26.34594306945801, 25.955077743530275, 26.29432601928711, 25.85024223327637, 26.056965637207032, 26.090690994262694, 26.210746383666994, 26.332822036743163, 27.268081665039062, 25.954321670532227, 26.611267471313475, 26.18250617980957, 25.74018974304199, 26.219428634643556, 26.02533721923828, 25.2259464263916, 26.19917869567871, 26.5551456451416], "ae_eval_losses": [109.9168436050415, 106.594482421875, 101.7299711227417, 92.87704219818116, 86.31338558197021, 76.28472518920898, 59.131410884857175, 52.52651481628418, 69.3586036682129, 55.2080156326294, 48.958970069885254, 46.17333545684814, 50.16784582138062, 43.68326187133789, 45.06738452911377, 58.35550727844238, 43.90054368972778, 56.423867797851564, 50.731145191192624, 46.079646015167235, 42.72131090164184, 37.28714923858642, 37.482182312011716, 35.80758962631226, 35.6732120513916, 37.094463443756105, 35.26787958145142, 33.68269424438476, 33.65401530265808, 32.44299421310425, 32.19548325538635, 31.238382434844972, 30.661106681823732, 30.52257080078125, 29.985677909851074, 29.874551248550414, 29.4382625579834, 29.130907249450683, 28.891750860214234, 28.72268009185791, 28.274926328659056, 28.493600845336914, 28.942126941680907, 28.434498405456544, 28.18135585784912, 28.044864559173583, 27.268839120864868, 27.124860334396363, 27.050934267044067, 27.035853767395018, 27.07671480178833, 27.338447093963623, 27.164551544189454, 26.656523513793946, 26.693870878219606, 27.156653213500977, 27.24664282798767, 26.88073935508728, 26.84436478614807, 26.8530065536499, 26.93731245994568, 26.446868562698363, 26.538673162460327, 26.697477436065675, 26.070186567306518, 26.244403076171874, 26.216642951965333, 26.334057807922363, 25.88308572769165, 25.852327013015746, 26.65838441848755, 29.91548342704773, 27.575387716293335, 26.815318202972414, 25.993083572387697, 25.57574543952942, 25.804385280609132, 26.089492416381837, 25.591374778747557, 25.42772512435913, 25.449282217025758, 25.80692892074585, 25.76046109199524, 26.300044345855714, 25.677408027648926, 25.443361806869508, 25.533635282516478, 25.754272651672363, 25.928689527511597, 26.380731964111327, 26.680960655212402, 32.45266637802124, 28.084510040283202, 26.18888602256775, 25.8511953830719, 26.62782702445984, 25.40719175338745, 25.44879732131958, 25.19450740814209, 25.4509126663208]}