{"ae_train_losses": [111.80799293518066, 55.277450752258304, 47.139098167419434, 42.298608207702635, 38.19798202514649, 35.72050952911377, 33.16169290542602, 30.383546352386475, 28.539076614379884, 27.52622652053833, 26.881960678100587, 26.581138038635252, 25.79688901901245, 25.44873285293579, 25.309449005126954, 25.08892650604248, 24.79127426147461, 24.695615673065184, 24.3525652885437, 24.53052978515625, 24.320941257476807, 24.343572425842286, 24.16005144119263, 24.10669870376587, 24.22115306854248, 24.16389169692993, 24.089470863342285, 24.023039054870605, 24.1761643409729, 23.874225425720216, 23.8698450088501, 23.863079929351805, 23.864211082458496, 23.818120193481445, 23.814627265930177, 23.737488555908204, 23.62578716278076, 23.636864948272706, 23.588313484191893, 23.744713687896727, 23.72003393173218, 23.608901596069337, 23.515844917297365, 23.58646926879883, 23.68022403717041, 23.603271389007567, 23.60398921966553, 23.46581611633301, 23.476190948486327, 23.643878555297853, 23.54999351501465, 23.431281185150148, 23.355941581726075, 23.253239345550536, 23.214659690856934, 23.37956848144531, 23.246186828613283, 23.364150524139404, 23.188319206237793, 23.224354648590086, 23.22434091567993, 23.12384147644043, 23.26985111236572, 23.192089748382568, 23.046585750579833, 23.337678241729737, 23.193989276885986, 23.083054637908937, 23.100063514709472, 23.03241138458252, 22.88248805999756, 22.950440311431883, 22.877611923217774, 23.116484069824217, 22.893237781524657, 22.929410648345947, 22.846160984039308, 22.891520977020264, 22.983537101745604, 22.878280925750733, 22.929277896881104, 22.739972400665284, 22.799446868896485, 22.74010181427002, 22.58284721374512, 22.581901168823244, 22.449233531951904, 22.45751714706421, 22.551161575317384, 22.470665550231935, 22.453167247772218, 22.35199613571167, 22.396379280090333, 22.27044086456299, 22.23589458465576, 22.183924293518068, 22.238785552978516, 22.233743762969972, 22.206519412994385, 22.11194725036621], "ae_eval_losses": [98.13998928070069, 55.86359815597534, 46.15711574554443, 41.33636608123779, 37.8675950050354, 34.863661193847655, 32.257737684249875, 29.651931524276733, 28.102516603469848, 27.491499757766725, 27.0752836227417, 26.115159034729004, 25.743514108657838, 25.497772884368896, 25.055784893035888, 24.882870149612426, 24.786821365356445, 24.777230167388915, 24.310904836654665, 25.3014235496521, 24.35985474586487, 24.296978187561034, 24.423097085952758, 24.093920135498045, 24.59567790031433, 24.01654224395752, 23.986690187454222, 23.890019941329957, 24.294183349609376, 23.900978660583498, 24.46862397193909, 23.609417152404784, 23.91876616477966, 23.716528129577636, 23.944591331481934, 23.85038709640503, 23.749798107147218, 23.981608963012697, 23.766504859924318, 24.04120898246765, 23.512249755859376, 23.7469762802124, 23.60968346595764, 24.44705777168274, 23.48771710395813, 23.73710608482361, 23.46213903427124, 23.916000652313233, 23.519961023330687, 24.605007457733155, 23.52994570732117, 23.427015829086304, 23.319687414169312, 23.317035055160524, 23.34997844696045, 23.348210191726686, 23.293501901626588, 23.315612888336183, 23.54165859222412, 23.071666145324706, 23.131158065795898, 24.075889682769777, 23.24041657447815, 23.221025371551512, 23.233141660690308, 23.41906909942627, 23.239405727386476, 23.027213954925536, 23.108958387374877, 23.128839778900147, 23.0529577255249, 22.99685482978821, 23.305642938613893, 23.140454530715942, 22.91793575286865, 22.820948791503906, 22.99659643173218, 22.85750036239624, 22.899623537063597, 22.857045078277586, 22.883655881881715, 22.710343408584595, 22.6506826877594, 22.801858997344972, 22.702006006240843, 22.57520136833191, 22.614435958862305, 22.509176540374757, 22.467030429840086, 22.4043785572052, 22.400504922866823, 22.399871015548705, 22.37897434234619, 22.228251791000368, 22.23184676170349, 22.24385223388672, 22.34731478691101, 22.46517734527588, 22.193369483947755, 22.198410177230834]}