{"ae_train_losses": [133.7124252319336, 90.23881149291992, 73.94151496887207, 57.43542766571045, 51.113749504089355, 49.17644166946411, 47.603174686431885, 46.312438011169434, 44.623512744903564, 43.0292010307312, 41.42737102508545, 39.84633779525757, 38.7469744682312, 37.18958377838135, 36.1657133102417, 34.922271728515625, 34.16858148574829, 32.98378562927246, 32.02471208572388, 30.904277086257935, 30.13094925880432, 29.178649187088013, 28.35688090324402, 28.070680379867554, 27.614550352096558, 27.296311378479004, 26.891162872314453, 26.56968116760254, 26.214035987854004, 26.26345705986023, 25.8695969581604, 25.594470024108887, 25.33093810081482, 25.285829067230225, 24.97555947303772, 24.954442262649536, 24.971915245056152, 25.13168692588806, 25.2281596660614, 25.07613229751587, 24.89942455291748, 24.594485998153687, 24.495590209960938, 24.703357934951782, 24.647846937179565, 24.555531978607178, 24.57749891281128, 24.324676752090454, 24.63304567337036, 24.424524068832397, 24.7710120677948, 24.35806703567505, 24.36142134666443, 24.560495615005493, 24.483748197555542, 24.45117688179016, 24.508036136627197, 24.213298320770264, 24.348373889923096, 24.450543642044067, 24.53953266143799, 24.30218815803528, 24.320520877838135, 24.341237545013428, 24.344861268997192, 24.19997477531433, 24.138906478881836, 24.03819251060486, 24.15695071220398, 24.21179437637329, 24.256593704223633, 23.865036249160767, 23.963132858276367, 23.927695512771606, 23.975770473480225, 23.831279277801514, 24.247053861618042, 23.951223611831665, 23.952592134475708, 23.719090223312378, 23.70088791847229, 23.677486181259155, 23.867231369018555, 23.895357608795166, 23.766189575195312, 23.717034339904785, 23.605668783187866, 23.76825499534607, 23.830838441848755, 23.811886072158813, 23.890427827835083, 23.746241092681885, 23.632577180862427, 23.63396978378296, 23.698299407958984, 23.77504277229309, 23.830265998840332, 23.630996704101562, 23.80170702934265, 23.596693515777588], "ae_eval_losses": [94.5698226928711, 86.40592441558837, 81.11797733306885, 58.90334501266479, 51.63429489135742, 49.382767868041995, 47.66342916488647, 44.30349645614624, 46.68226327896118, 41.22400579452515, 40.89430522918701, 38.65727291107178, 38.41393280029297, 37.37130937576294, 36.21799383163452, 34.50819659233093, 34.2810471534729, 32.63261156082153, 31.435650014877318, 30.73879294395447, 29.491521406173707, 28.91927671432495, 28.305054092407225, 27.76957221031189, 27.346707916259767, 27.50363893508911, 26.671841669082642, 26.26769413948059, 26.29988212585449, 25.93501033782959, 25.827967643737793, 25.358848905563356, 25.247154188156127, 25.203506755828858, 25.05193681716919, 25.139330101013183, 24.977641820907593, 25.187791442871095, 25.16159257888794, 25.206151676177978, 24.68916540145874, 24.484204053878784, 25.331423664093016, 25.229582214355467, 24.689062356948853, 24.540446472167968, 24.529456186294556, 24.48969373703003, 24.432342529296875, 24.47352614402771, 24.34169750213623, 24.309495544433595, 24.960086727142333, 24.688033390045167, 24.927061557769775, 24.321396112442017, 24.44324860572815, 24.245038175582884, 24.51320061683655, 25.02732949256897, 24.437692975997926, 24.62586131095886, 24.386874198913574, 24.55348515510559, 24.497428703308106, 24.273440170288087, 24.039405393600465, 24.29944987297058, 23.980062532424927, 24.348281335830688, 23.897284841537477, 23.99208722114563, 24.094255876541137, 23.958267498016358, 23.978752279281615, 23.82940320968628, 26.005538511276246, 23.9610004901886, 23.94750738143921, 23.66514720916748, 23.755377197265624, 23.797596216201782, 23.765650701522826, 23.68080163002014, 23.834468793869018, 24.04626441001892, 23.805699014663695, 23.773375606536867, 24.201919412612916, 23.957984352111815, 23.644164323806763, 23.782747507095337, 23.69669051170349, 24.025900983810423, 23.72302484512329, 23.792196559906007, 23.61217384338379, 26.326350450515747, 24.20473756790161, 23.67971601486206]}