{"ae_train_losses": [105.47378778457642, 54.7531099319458, 47.46724057197571, 43.66746711730957, 38.84523034095764, 34.08259868621826, 31.198821902275085, 29.34218156337738, 27.38435411453247, 26.30811381340027, 25.23317241668701, 24.75365900993347, 24.363180994987488, 24.24726665019989, 24.106031894683838, 24.02060317993164, 23.920066833496094, 23.770922660827637, 23.651901721954346, 23.573119640350342, 23.438273429870605, 23.217244863510132, 23.15184199810028, 23.03546965122223, 22.699810028076172, 22.629425287246704, 22.38664996623993, 22.124876141548157, 21.844622135162354, 21.927701354026794, 21.749860048294067, 21.680516719818115, 21.509024024009705, 21.602397799491882, 21.339116096496582, 21.17038643360138, 21.26738202571869, 21.17373037338257, 21.077574968338013, 21.071732997894287, 20.960676193237305, 21.014139413833618, 20.87211263179779, 20.895718812942505, 20.90713119506836, 20.710028290748596, 20.54422175884247, 20.587976455688477, 20.60645878314972, 20.49662756919861, 20.405178904533386, 20.408103466033936, 20.388070106506348, 20.378632307052612, 20.327455282211304, 20.300096035003662, 20.22741448879242, 20.330442547798157, 20.28010094165802, 20.18121039867401, 20.127647161483765, 20.027516841888428, 20.084376215934753, 20.044705390930176, 19.97324562072754, 20.021692037582397, 20.012743949890137, 19.880327105522156, 19.882452249526978, 19.799212336540222, 19.757957935333252, 19.711333870887756, 19.812718749046326, 19.842955589294434, 19.815345883369446, 19.777377724647522, 19.7515606880188, 19.70302987098694, 19.71843183040619, 19.751219511032104, 19.603734016418457, 19.418598651885986, 19.457222938537598, 19.544543504714966, 19.404760241508484, 19.58150625228882, 19.518954396247864, 19.552634119987488, 19.439931511878967, 19.483959317207336, 19.520670175552368, 19.386845111846924, 19.457601070404053, 19.38073480129242, 19.388859748840332, 19.276130437850952, 19.245147705078125, 19.278761744499207, 19.30762755870819, 19.25408148765564], "ae_eval_losses": [86.83412456512451, 53.62760820388794, 55.56496601104736, 39.56496124267578, 34.5541615486145, 32.025207948684695, 32.28924551010132, 28.917893409729004, 26.648491144180298, 25.57396173477173, 25.16386475563049, 24.643805599212648, 24.175746202468872, 24.19634418487549, 24.1562858581543, 24.11685914993286, 23.777383375167847, 23.758695983886717, 23.5473313331604, 23.374543476104737, 23.507582187652588, 23.174581050872803, 23.49543704986572, 22.950582027435303, 22.85464382171631, 22.521922302246093, 22.205905294418336, 21.97548885345459, 22.068061208724977, 21.872493982315063, 21.81271743774414, 21.621891355514528, 21.507070589065552, 21.72678427696228, 21.266646480560304, 21.225399112701417, 21.498681926727294, 21.14652352333069, 20.972488021850587, 21.393270444869994, 20.790048360824585, 21.258100080490113, 21.104686307907105, 21.016622066497803, 20.98554892539978, 20.665240716934203, 20.621374702453615, 20.89925980567932, 20.796253728866578, 20.645155286788942, 20.5936222076416, 20.64075140953064, 20.35091381072998, 20.528800439834594, 20.611304807662965, 20.55487217903137, 20.526188945770265, 20.331655550003052, 20.388695096969606, 20.278144741058348, 20.15096969604492, 20.356531953811647, 20.150618076324463, 20.173373079299928, 20.230727005004884, 20.480876159667968, 20.132786226272582, 19.974145364761352, 19.98058862686157, 20.034950399398802, 20.01831464767456, 20.005249214172363, 20.057014417648315, 20.22084355354309, 20.06025114059448, 19.933804750442505, 19.858884429931642, 19.94876437187195, 19.962710571289062, 19.798158740997316, 19.83940944671631, 19.715857553482056, 19.755238008499145, 19.81907663345337, 19.750313138961793, 19.74841675758362, 19.786312532424926, 19.650512981414796, 19.702325344085693, 19.692590856552123, 19.72510075569153, 19.65748510360718, 19.917797231674193, 19.633926725387575, 19.524066162109374, 19.50439510345459, 19.600932693481447, 19.6697238445282, 19.681866455078126, 19.546601390838624]}