{"ae_train_losses": [194.29739379882812, 127.70740051269532, 95.97264251708984, 75.03491516113282, 68.10647125244141, 63.689177703857425, 58.83184814453125, 57.10554504394531, 54.25964126586914, 54.39059600830078, 52.31448669433594, 52.20016784667969, 52.60646133422851, 54.46736068725586, 53.03310928344727, 49.25045547485352, 53.59768524169922, 51.02384872436524, 47.93271026611328, 46.95575485229492, 46.62659912109375, 46.18841018676758, 44.848863983154295, 44.770590209960936, 42.74850997924805, 40.94622039794922, 39.38526153564453, 38.63551406860351, 38.178917694091794, 36.30376968383789, 35.63176498413086, 35.38124389648438, 34.267670440673825, 33.37912368774414, 33.45894088745117, 32.192938232421874, 31.66693572998047, 31.992655563354493, 30.073923110961914, 30.626053237915038, 30.416102981567384, 29.40845069885254, 29.652885818481444, 29.700853729248045, 29.0780330657959, 29.026292419433595, 28.845948028564454, 27.400717163085936, 28.262779235839844, 27.860399627685545, 28.320748138427735, 27.86710968017578, 28.117097091674804, 27.250008010864256, 27.4621280670166, 28.03619270324707, 26.88919792175293, 27.314886474609374, 27.63978385925293, 26.900557708740234, 27.995162200927734, 27.348001861572264, 26.641080474853517, 27.16971778869629, 26.770309448242188, 26.473670959472656, 26.720276641845704, 27.27895393371582, 27.52606544494629, 26.705124282836913, 26.402249908447267, 27.189598846435548, 27.06014633178711, 26.275109100341798, 26.360018157958983, 26.455278396606445, 25.941955947875975, 26.259908294677736, 25.753655624389648, 26.491428756713866, 26.309064865112305, 27.026401138305665, 26.63673210144043, 25.647908401489257, 27.122256469726562, 26.600790405273436, 26.104322052001955, 26.527079772949218, 26.00704002380371, 27.678090286254882, 26.670978164672853, 26.04588623046875, 25.747630310058593, 26.04897804260254, 25.518880462646486, 26.705144119262695, 25.723252868652345, 26.638545989990234, 25.40032501220703, 26.241843032836915], "ae_eval_losses": [126.56285209655762, 114.08530387878417, 108.21369495391846, 79.9190071105957, 69.91971244812012, 62.61730070114136, 57.23921699523926, 57.8673300743103, 53.53961544036865, 62.10186014175415, 56.774801921844485, 52.91703977584839, 52.30630693435669, 46.356353759765625, 49.42303123474121, 58.85669841766357, 48.00791940689087, 45.543398761749266, 45.03510570526123, 44.2764214515686, 45.6075475692749, 45.47305669784546, 42.3976113319397, 60.24078187942505, 62.481989574432376, 47.56759490966797, 40.26776571273804, 38.863031673431394, 37.56704702377319, 36.69966325759888, 35.65585908889771, 35.36088914871216, 32.45568876266479, 34.98496513366699, 32.493726062774655, 32.51954827308655, 31.70673999786377, 30.31492338180542, 30.178241205215453, 30.06571469306946, 29.297197008132933, 29.203024005889894, 29.199241495132448, 29.11695065498352, 29.001341390609742, 28.990624570846556, 28.35223522186279, 28.047768068313598, 27.765620040893555, 27.772596216201784, 27.792112588882446, 27.569718313217162, 27.420526838302614, 27.919200468063355, 27.420122480392457, 27.355331420898438, 27.774830770492553, 27.821825170516966, 27.31068072319031, 27.35002746582031, 26.979047584533692, 27.13121633529663, 27.032858848571777, 26.786822605133057, 26.372617626190184, 26.639056062698366, 26.479066705703737, 27.497846364974976, 26.848332691192628, 26.71621437072754, 26.48255023956299, 26.545985746383668, 26.48393850326538, 26.54610095024109, 26.195406913757324, 26.364565277099608, 26.75574188232422, 26.272059965133668, 26.25332384109497, 26.857392454147337, 26.28376135826111, 26.33753571510315, 26.12918257713318, 26.260591745376587, 26.136440801620484, 26.010546588897704, 25.94811773300171, 25.65100154876709, 26.27463827133179, 26.499230718612672, 26.711207103729247, 26.19990220069885, 26.00911889076233, 25.91901340484619, 25.86984829902649, 25.392403268814085, 25.69347014427185, 25.436450290679932, 25.766106700897218, 26.111821031570436]}