{"ae_train_losses": [189.32272033691407, 114.72008514404297, 103.33245849609375, 93.65916900634765, 78.7519027709961, 64.49365539550782, 60.027854919433594, 56.53374404907227, 53.80159072875976, 51.024925231933594, 50.82433929443359, 50.32623062133789, 48.807855224609376, 47.63798294067383, 47.25830841064453, 45.918635559082034, 46.16557846069336, 44.17271423339844, 43.318685913085936, 43.69100646972656, 41.08644104003906, 42.034716796875, 40.47167205810547, 40.919621276855466, 39.36379776000977, 37.10404510498047, 35.75159378051758, 34.67503433227539, 33.33175506591797, 33.19138107299805, 32.44824104309082, 32.71389465332031, 32.20195198059082, 32.103828811645506, 32.14532470703125, 30.593027877807618, 30.55760269165039, 29.385638427734374, 29.73737487792969, 30.117173385620116, 30.054718017578125, 29.055215454101564, 28.730177307128905, 29.8114444732666, 28.933689880371094, 28.533099746704103, 28.42047691345215, 29.037705993652345, 28.51633644104004, 28.272675704956054, 28.21324462890625, 28.88016128540039, 27.87485122680664, 27.500323867797853, 27.81335868835449, 28.29076271057129, 28.409866714477538, 28.57904472351074, 28.004702377319337, 27.53169174194336, 27.278208541870118, 27.51661262512207, 27.18465461730957, 27.795058059692384, 26.951415634155275, 26.88276062011719, 26.46404571533203, 26.269943237304688, 25.957644271850587, 27.001593017578124, 26.582405471801756, 26.393627166748047, 26.495733642578124, 26.88688507080078, 26.623746490478517, 26.836073684692384, 26.277780532836914, 26.70388717651367, 26.323756408691406, 25.67898941040039, 26.017471313476562, 26.1591438293457, 27.01597023010254, 26.797356033325194, 26.60254249572754, 26.59994010925293, 27.23606948852539, 26.287253189086915, 27.118678665161134, 26.47994956970215, 26.115017318725585, 25.7534122467041, 26.23051223754883, 25.76511116027832, 25.870610809326173, 26.38507499694824, 26.304140090942383, 25.660420989990236, 25.708098220825196, 26.815470504760743], "ae_eval_losses": [112.87201156616212, 109.48465919494629, 104.38249588012695, 97.96545486450195, 92.54772834777832, 87.03712844848633, 59.719190216064455, 53.847906494140624, 52.313325786590575, 48.94572429656982, 48.84874591827393, 47.92811164855957, 49.522488594055176, 49.67382392883301, 50.43269147872925, 45.815608978271484, 43.0564061164856, 45.40986337661743, 48.12557144165039, 43.21470823287964, 39.77988872528076, 47.339838695526126, 96.0662359237671, 61.84560785293579, 44.10410795211792, 37.38552484512329, 35.75555558204651, 34.68331847190857, 34.40456323623657, 33.082175159454344, 32.57055535316467, 32.03331060409546, 31.266925621032716, 31.444741582870485, 31.462808179855347, 30.60925726890564, 30.312994146347044, 29.82350606918335, 29.667334032058715, 29.82305998802185, 29.1020947933197, 28.899352836608887, 29.84263849258423, 29.183941173553468, 29.103658151626586, 28.48083367347717, 28.319714069366455, 28.615921592712404, 28.830075073242188, 28.677368068695067, 27.876851654052736, 28.574187803268433, 28.107931661605836, 28.993564081192016, 28.538526487350463, 29.27712459564209, 29.260433769226076, 28.125541305541994, 28.2039155960083, 27.77247109413147, 27.85532855987549, 27.343171882629395, 27.764863681793212, 27.363881826400757, 26.747475624084473, 26.7433801651001, 26.863819742202757, 26.629010343551634, 26.454872846603394, 26.52192168235779, 26.88351149559021, 26.682693862915038, 26.46463313102722, 26.6550754070282, 26.282616758346556, 26.434453010559082, 26.785112714767457, 26.365764331817626, 26.37409234046936, 26.250615787506103, 25.984142541885376, 25.83271164894104, 26.382212734222414, 26.460197496414185, 26.473241662979127, 26.344979286193848, 26.015626764297487, 27.079997491836547, 26.62277994155884, 26.16925468444824, 26.586464595794677, 26.13276572227478, 26.9493989944458, 26.355018663406373, 26.230853700637816, 26.89289779663086, 25.632064819335938, 25.908695125579833, 25.717162227630617, 25.976885318756104]}