{"ae_train_losses": [230.93312072753906, 254.82920837402344, 194.74050903320312, 164.26980590820312, 148.49273681640625, 140.33441162109375, 136.0895538330078, 133.54721069335938, 130.82421875, 126.35872650146484, 121.45637512207031, 117.26168060302734, 113.1085433959961, 107.07217407226562, 101.94671630859375, 92.9058837890625, 82.00279235839844, 81.47348022460938, 76.75263214111328, 71.14849853515625, 67.80392456054688, 71.20568084716797, 68.19960021972656, 70.90203094482422, 66.57968139648438, 61.4089469909668, 61.25475311279297, 61.256961822509766, 60.9039421081543, 61.667537689208984, 61.32528305053711, 59.525146484375, 58.4993896484375, 56.36054229736328, 55.22627639770508, 57.58412551879883, 55.95502471923828, 55.65639877319336, 54.59320831298828, 55.481590270996094, 52.81294631958008, 53.96491622924805, 54.523231506347656, 53.09742736816406, 52.3842658996582, 53.413944244384766, 54.58570098876953, 51.5905647277832, 52.119354248046875, 51.77637481689453, 51.12094497680664, 51.92219543457031, 51.519622802734375, 50.24271011352539, 51.083133697509766, 50.918670654296875, 50.707889556884766, 50.29743957519531, 49.84724426269531, 50.36579513549805, 48.92280197143555, 50.59613800048828, 48.49815368652344, 48.41334915161133, 48.65766525268555, 47.94007873535156, 47.443115234375, 46.921443939208984, 46.3823127746582, 45.96760177612305, 44.89753723144531, 46.10969543457031, 47.50730514526367, 45.792396545410156, 45.91775131225586, 45.5628662109375, 43.641414642333984, 44.8524055480957, 43.9335823059082, 43.950584411621094, 43.13396453857422, 42.86002731323242, 42.37185287475586, 41.07681655883789, 42.16609191894531, 42.1215705871582, 43.014060974121094, 41.923030853271484, 41.529579162597656, 40.26595687866211, 40.56527328491211, 41.57433319091797, 40.21865463256836, 39.079193115234375, 38.68811798095703, 39.19089889526367, 37.46976089477539, 37.30296325683594, 37.71788787841797, 36.858299255371094], "ae_eval_losses": [147.03633155822754, 153.77283821105956, 146.18460388183593, 140.65474891662598, 136.97151374816895, 133.4617603302002, 129.79490852355957, 126.88693447113037, 124.60325679779052, 122.49002590179444, 120.47961864471435, 117.5069501876831, 112.72123222351074, 107.6163372039795, 103.43733673095703, 98.72299575805664, 88.21576900482178, 80.8169334411621, 71.90331268310547, 66.92820253372193, 70.68551597595214, 60.88598804473877, 65.90959968566895, 60.16255350112915, 53.77926073074341, 52.84129285812378, 51.97822170257568, 62.02851943969726, 66.01884899139404, 58.01156206130982, 53.17717885971069, 51.359966945648196, 50.113396072387694, 55.05540761947632, 64.20602045059204, 61.41361379623413, 55.098237133026124, 49.90144491195679, 49.781229209899905, 49.86168518066406, 49.79507703781128, 51.117847728729245, 51.024057388305664, 49.83862886428833, 48.16688251495361, 47.94148406982422, 48.353441619873045, 49.14447364807129, 49.371047782897946, 48.91937170028687, 47.93666257858276, 48.97217721939087, 50.32331562042236, 51.57112398147583, 51.80191974639892, 49.792173862457275, 47.498318386077884, 46.809793376922606, 46.889406490325925, 46.97407169342041, 47.50916996002197, 47.6390344619751, 46.99160194396973, 45.8426591873169, 45.78502712249756, 47.167685222625735, 48.17696886062622, 47.70813407897949, 46.60427026748657, 45.42473373413086, 44.58853054046631, 43.52727737426758, 44.54067268371582, 44.53177433013916, 43.89050426483154, 42.8775200843811, 42.05184459686279, 42.087890625, 43.06090021133423, 43.49749040603638, 43.26002740859985, 42.161524295806885, 41.21649169921875, 40.61181230545044, 40.35793972015381, 40.29207754135132, 40.80820713043213, 40.766849517822266, 40.74475126266479, 40.28877544403076, 39.660274028778076, 39.02935676574707, 39.64736356735229, 39.825535202026366, 39.17509117126465, 38.70227098464966, 38.305517482757566, 38.04719076156616, 37.74447259902954, 37.66090202331543]}