{"ae_train_losses": [156.493408203125, 165.36273193359375, 136.89727783203125, 124.07484436035156, 119.216796875, 117.0269775390625, 115.81159973144531, 114.88338470458984, 113.96347045898438, 112.75523376464844, 110.52349090576172, 108.56654357910156, 104.71800231933594, 101.48065185546875, 97.34833526611328, 93.43618774414062, 91.04116821289062, 87.92780303955078, 85.85478210449219, 84.25757598876953, 81.5333251953125, 77.157470703125, 72.63770294189453, 69.8780746459961, 67.29513549804688, 62.13249969482422, 60.64444351196289, 63.20393753051758, 59.43882751464844, 57.77345657348633, 58.57217788696289, 58.74701690673828, 57.43132781982422, 53.51053237915039, 55.60506820678711, 53.9346923828125, 51.85345458984375, 53.320281982421875, 56.514286041259766, 55.77279281616211, 53.85311508178711, 50.43269348144531, 50.927528381347656, 50.54698944091797, 50.79343795776367, 49.12362289428711, 50.1981201171875, 49.29135513305664, 48.67414855957031, 47.98915100097656, 49.79822540283203, 49.46424865722656, 48.4714241027832, 48.854740142822266, 49.33995819091797, 46.881492614746094, 46.85596466064453, 46.48725128173828, 48.06914138793945, 47.49044418334961, 48.03816604614258, 47.699466705322266, 46.50637435913086, 45.472068786621094, 48.028289794921875, 44.82527542114258, 48.54793930053711, 49.82282257080078, 48.69904327392578, 46.257381439208984, 44.16408920288086, 47.54501724243164, 44.594818115234375, 45.13628005981445, 47.474857330322266, 47.14509582519531, 45.29745864868164, 43.53354263305664, 43.26840591430664, 43.17616653442383, 43.06629943847656, 43.22927474975586, 43.637367248535156, 42.91431427001953, 42.524959564208984, 43.09670639038086, 41.22054672241211, 41.91996383666992, 41.981693267822266, 41.576385498046875, 41.48218536376953, 41.038047790527344, 41.91828918457031, 40.65330123901367, 40.202186584472656, 39.71617889404297, 39.54888916015625, 39.51433563232422, 39.76956558227539, 38.87435531616211], "ae_eval_losses": [124.37532863616943, 125.51631755828858, 123.36002559661866, 119.9219835281372, 117.41828193664551, 115.67310180664063, 114.56421508789063, 113.69685211181641, 112.87027435302734, 111.55031261444091, 109.90269908905029, 108.15045433044433, 105.26565074920654, 101.84683589935302, 98.64207592010499, 95.92923641204834, 93.20669746398926, 91.52999496459961, 90.75736274719239, 88.765207862854, 87.23621864318848, 85.9969654083252, 83.21158618927002, 75.68719005584717, 67.5575819015503, 63.31675519943237, 60.44487323760986, 60.21653242111206, 59.05724039077759, 54.04630174636841, 53.548447132110596, 51.89190807342529, 52.712537384033205, 56.990738773345946, 53.008544731140134, 48.52478923797607, 49.442738914489745, 50.2065598487854, 50.39273109436035, 49.837972450256345, 49.252342224121094, 50.16741790771484, 49.991979122161865, 51.912289237976076, 51.66363945007324, 51.56285810470581, 52.52747688293457, 53.34965133666992, 52.69194402694702, 51.792099475860596, 49.800847911834715, 49.049993705749515, 51.253858757019046, 52.14953527450562, 50.749852085113524, 48.730341053009035, 46.67301054000855, 45.81815214157105, 49.29474010467529, 51.018475723266604, 50.049768924713135, 47.998713970184326, 45.12131271362305, 43.60052547454834, 46.97086238861084, 52.05447292327881, 53.80193281173706, 50.59870090484619, 46.45398759841919, 43.92544231414795, 42.75095615386963, 43.828345489501956, 47.38560552597046, 49.1311375617981, 48.27775926589966, 45.38099088668823, 42.85316514968872, 41.41651029586792, 40.98589754104614, 40.97623558044434, 41.14112167358398, 41.41506547927857, 42.193848037719725, 42.48397026062012, 41.92757987976074, 40.99871435165405, 39.86476030349731, 39.512611103057864, 39.482252502441405, 39.820416355133055, 40.340534400939944, 40.8220814704895, 40.80183038711548, 39.812235069274905, 38.671696472167966, 37.73270816802979, 37.47439460754394, 37.58318471908569, 37.54987144470215, 37.428144454956055]}