{"ae_train_losses": [197.4046630859375, 119.90187377929688, 93.10565948486328, 71.97672424316406, 61.27271194458008, 56.6405746459961, 57.5126335144043, 54.170388793945314, 53.16033935546875, 52.23604507446289, 50.3426872253418, 49.367288970947264, 47.863034057617185, 46.05997085571289, 44.52780303955078, 42.094322204589844, 41.33040008544922, 39.51095123291016, 37.866705322265624, 37.168084716796876, 35.52441482543945, 35.39767761230469, 34.34888763427735, 33.73117218017578, 33.827535247802736, 32.67367668151856, 32.07079925537109, 32.00583190917969, 32.22938919067383, 31.31106185913086, 31.283000183105468, 32.14173851013184, 30.947202682495117, 29.573860931396485, 30.43848571777344, 29.838972091674805, 29.509153747558592, 30.095148849487305, 29.130114364624024, 29.553974914550782, 29.01669235229492, 28.83926315307617, 29.156181716918944, 29.573481369018555, 28.76952209472656, 28.046039199829103, 28.47667579650879, 27.694721221923828, 28.426263046264648, 28.161061477661132, 28.353503799438478, 28.440346908569335, 27.68376350402832, 27.845516204833984, 28.006453704833984, 28.356129455566407, 27.801196670532228, 28.446828079223632, 27.911809158325195, 27.642575836181642, 28.83147277832031, 27.661933135986327, 27.113161087036133, 27.869525527954103, 26.72005271911621, 26.349788665771484, 26.71578483581543, 27.219771575927734, 27.748630142211915, 26.703581237792967, 26.664113235473632, 27.22154541015625, 26.831577682495116, 26.459047698974608, 26.5245304107666, 26.8807861328125, 25.838241195678712, 26.670957946777342, 26.037619400024415, 26.181694793701173, 26.443622589111328, 27.572735214233397, 26.94610137939453, 26.083415603637697, 27.026659393310545, 26.72443962097168, 25.877672958374024, 26.38623962402344, 26.14957275390625, 27.582434844970702, 26.80327796936035, 27.23150177001953, 26.325360107421876, 26.77467269897461, 26.358575057983398, 27.148408508300783, 25.83782958984375, 26.50016860961914, 25.732197952270507, 26.616828155517577], "ae_eval_losses": [124.39689807891845, 110.55997581481934, 112.02631340026855, 76.32006664276123, 66.84938755035401, 56.965256977081296, 54.084669303894046, 62.09072647094727, 54.602188682556154, 52.45364084243774, 47.50866641998291, 51.10681848526001, 49.90666732788086, 44.88196115493774, 44.337594223022464, 40.3137866973877, 38.852084732055665, 39.00816297531128, 38.90253505706787, 37.50562629699707, 36.6621597290039, 36.13080463409424, 35.17324113845825, 34.044593238830565, 33.572798204422, 32.64914422035217, 31.973062562942506, 31.59005961418152, 31.61654782295227, 31.3732967376709, 31.967104578018187, 30.65149884223938, 30.463035678863527, 30.922394609451295, 29.866624975204466, 29.691120672225953, 29.89327483177185, 29.52434935569763, 29.14646487236023, 29.226998138427735, 28.64387698173523, 29.859496736526488, 29.17498035430908, 28.763844203948974, 28.484591674804687, 28.466218328475954, 28.541206979751585, 28.07958765029907, 28.62046504020691, 28.199553060531617, 28.514763593673706, 28.341006135940553, 27.822010564804078, 27.70394096374512, 28.05023236274719, 27.38029103279114, 28.97921504974365, 27.56950545310974, 27.702881002426146, 28.106369066238404, 27.14742832183838, 27.996702718734742, 26.98942732810974, 27.02155089378357, 26.7969651222229, 26.711784315109252, 26.963155126571657, 27.64370560646057, 26.279436349868774, 26.403692531585694, 26.133115386962892, 26.780255603790284, 26.345537519454957, 26.260998964309692, 26.647497415542603, 26.62907009124756, 26.807085466384887, 26.76538805961609, 26.797758054733276, 25.894598627090453, 26.575520753860474, 27.547489500045778, 26.37910313606262, 26.03982319831848, 27.58300361633301, 26.164711236953735, 26.41081213951111, 25.636640310287476, 25.86536912918091, 29.9997239112854, 37.14447050094604, 29.553994798660277, 29.064990329742432, 28.848515272140503, 26.84296622276306, 25.872601652145384, 26.40880928039551, 26.108856105804442, 26.433312797546385, 26.100185680389405]}