{"ae_train_losses": [240.55575561523438, 230.0963592529297, 180.9490203857422, 152.55477905273438, 129.6859893798828, 116.41263580322266, 111.94319915771484, 109.66571807861328, 108.39767456054688, 106.92261505126953, 105.41706848144531, 104.21005249023438, 103.38361358642578, 102.70712280273438, 102.19806671142578, 101.41521453857422, 100.8273696899414, 99.54119873046875, 98.69889068603516, 97.7978286743164, 96.578125, 95.83776092529297, 94.32178497314453, 93.37970733642578, 90.45499420166016, 88.68978118896484, 87.10021209716797, 83.93502044677734, 81.75566101074219, 79.4227523803711, 77.65641784667969, 76.03646087646484, 74.8084716796875, 72.31181335449219, 67.97109985351562, 65.4769287109375, 65.56997680664062, 63.22751998901367, 60.78247833251953, 59.26582717895508, 57.80877685546875, 57.04474639892578, 56.17207336425781, 56.40424346923828, 54.19044876098633, 55.04743194580078, 53.53937530517578, 50.636878967285156, 54.03569793701172, 53.54144287109375, 55.293983459472656, 54.76021194458008, 51.00503158569336, 51.25796890258789, 49.924739837646484, 49.687137603759766, 49.8685302734375, 48.042236328125, 46.86290740966797, 47.454227447509766, 48.1392707824707, 47.32992935180664, 46.71632766723633, 46.67781066894531, 46.015869140625, 45.463382720947266, 44.852474212646484, 46.3536262512207, 43.83616256713867, 43.82553482055664, 43.80021286010742, 43.326194763183594, 42.16619873046875, 41.923095703125, 41.998329162597656, 42.30500030517578, 42.06223678588867, 41.51911926269531, 40.964569091796875, 40.87205123901367, 40.19342041015625, 39.52157211303711, 38.233062744140625, 39.75303649902344, 38.20078659057617, 37.504451751708984, 38.07087707519531, 37.089481353759766, 37.948890686035156, 37.564247131347656, 36.59831619262695, 36.16291046142578, 34.90459442138672, 35.44228744506836, 34.39982986450195, 36.30824279785156, 34.5906867980957, 34.91600036621094, 34.44483947753906, 33.664649963378906], "ae_eval_losses": [125.75088748931884, 132.40657157897948, 127.95571193695068, 115.61530227661133, 105.87806224822998, 104.44956722259522, 103.56621589660645, 103.21187496185303, 103.19369125366211, 103.04818000793458, 103.0603837966919, 103.1504898071289, 103.24836349487305, 103.01814460754395, 102.68349609375, 102.05441780090332, 101.53647747039795, 100.96976623535156, 100.19010734558105, 99.42040309906005, 98.51762924194335, 97.49920330047607, 96.46054878234864, 95.3333065032959, 94.44889698028564, 93.74019794464111, 92.23432598114013, 89.31898727416993, 87.1912883758545, 85.5223602294922, 84.6078311920166, 82.98957958221436, 82.45168533325196, 83.20882244110108, 84.6271203994751, 83.43477039337158, 81.00534191131592, 73.65993366241455, 68.87215366363526, 66.50885200500488, 64.31237964630127, 62.05045938491821, 63.16827278137207, 63.23277921676636, 61.861046409606935, 58.722797107696536, 54.57861680984497, 53.538587951660155, 63.796821403503415, 69.95874099731445, 65.83791637420654, 57.72953977584839, 51.925187492370604, 51.33079061508179, 53.23165512084961, 53.824701976776126, 52.299516677856445, 51.79147424697876, 52.11750497817993, 51.763628005981445, 54.79355440139771, 56.53729372024536, 54.09099006652832, 51.73795118331909, 48.46199293136597, 47.372115802764895, 48.717027473449704, 49.13431634902954, 48.82724580764771, 47.507016277313234, 46.367986869812015, 46.281822776794435, 46.537142276763916, 46.01082181930542, 45.81025342941284, 44.69831037521362, 44.6465726852417, 44.73323345184326, 44.6394401550293, 43.54038763046265, 42.58050203323364, 41.29871187210083, 40.57632322311402, 40.85732517242432, 40.72339096069336, 40.417666339874266, 40.12400045394897, 39.55421314239502, 39.34310541152954, 39.43233690261841, 39.14386749267578, 38.66981210708618, 38.31401042938232, 38.093277835845946, 37.449709796905516, 37.457728099823, 37.560933113098145, 37.501280307769775, 37.21377267837524, 36.64929723739624]}