{"ae_train_losses": [173.6184902191162, 98.92468166351318, 64.10111093521118, 56.616958141326904, 53.43295907974243, 51.46173667907715, 50.61561393737793, 50.387319564819336, 49.35477924346924, 46.46596622467041, 43.62033939361572, 41.117953300476074, 39.18394374847412, 37.319406509399414, 35.690733432769775, 34.286288261413574, 33.079026222229004, 32.15804576873779, 31.34209680557251, 30.668803215026855, 30.102377891540527, 29.53934335708618, 29.151785612106323, 28.828243255615234, 28.357786893844604, 27.766942262649536, 27.33863615989685, 27.07292103767395, 26.830567121505737, 26.25286340713501, 26.046865463256836, 25.76352310180664, 25.47330355644226, 25.48536968231201, 25.422218561172485, 25.193004846572876, 25.181607007980347, 25.134063005447388, 24.927901029586792, 25.06615114212036, 24.923084020614624, 25.09840989112854, 24.86087703704834, 24.702577829360962, 24.739900827407837, 24.605951070785522, 24.581021308898926, 24.63930869102478, 24.560720205307007, 24.465584754943848, 24.595657110214233, 24.445464611053467, 24.48193621635437, 24.532190561294556, 24.314082860946655, 24.521561861038208, 24.439141988754272, 24.411388874053955, 24.237088680267334, 24.285571813583374, 24.22354769706726, 24.12452483177185, 24.39538311958313, 24.276984214782715, 24.15874743461609, 24.13149857521057, 24.19194531440735, 23.969520807266235, 24.02656102180481, 24.084758281707764, 23.94384264945984, 23.981133460998535, 24.072752714157104, 24.305928468704224, 24.013303518295288, 24.326269388198853, 24.23912811279297, 23.89705467224121, 23.920936584472656, 23.956323862075806, 24.037517786026, 24.103378772735596, 24.101914644241333, 24.20780372619629, 24.029258251190186, 23.823715209960938, 23.868528842926025, 24.075197219848633, 23.99504327774048, 23.81292986869812, 23.965774297714233, 23.68659234046936, 23.97303795814514, 23.918447017669678, 23.65256905555725, 23.65116548538208, 23.929560899734497, 23.988523721694946, 23.941376209259033, 23.886581897735596], "ae_eval_losses": [130.87581825256348, 108.25897388458252, 73.27089443206788, 50.668613529205324, 54.31710433959961, 59.12514801025391, 48.739331531524655, 60.48379955291748, 41.831917190551756, 43.09525804519653, 39.40558881759644, 38.399676990509036, 37.74200305938721, 36.9914345741272, 35.225055027008054, 34.427266120910645, 32.91022038459778, 31.82408151626587, 31.072017621994018, 30.359848403930663, 29.698158740997314, 29.137848091125488, 28.778157329559328, 28.15363712310791, 27.758142375946044, 27.450784778594972, 27.08152780532837, 26.55497465133667, 26.40799961090088, 26.244554424285887, 25.931471490859984, 25.710584545135497, 25.406009721755982, 25.603710174560547, 25.373969268798827, 25.140508890151978, 25.122205543518067, 24.91542100906372, 24.852837467193602, 24.94612627029419, 24.844174766540526, 25.034700870513916, 24.76375608444214, 24.656435918807983, 24.5430118560791, 24.530255842208863, 24.427635192871094, 24.55175108909607, 24.80856466293335, 24.48759889602661, 24.765239000320435, 24.34548683166504, 24.3601131439209, 24.302708911895753, 24.405155992507936, 24.527582120895385, 24.869684839248656, 24.125762748718262, 24.43443593978882, 24.223500537872315, 24.03933629989624, 24.470517587661742, 24.52180233001709, 24.197487354278564, 24.335150051116944, 24.136707305908203, 24.02839412689209, 24.32934203147888, 23.991758584976196, 24.229178762435915, 24.066065073013306, 24.148132419586183, 24.41063733100891, 24.02264347076416, 24.004655027389525, 24.739608430862425, 23.986649370193483, 23.925349617004393, 24.057898378372194, 23.86466031074524, 23.92914161682129, 24.200565528869628, 24.141113662719725, 24.12272439002991, 24.005006551742554, 24.064705181121827, 24.031172466278075, 24.254810523986816, 23.977822923660277, 24.714039754867553, 23.972729206085205, 23.86674566268921, 23.84139838218689, 23.767543649673463, 24.346481132507325, 23.848529005050658, 23.65919098854065, 23.73452434539795, 24.457838916778563, 23.818110752105714]}