{"ae_train_losses": [300.3393249511719, 237.52630615234375, 195.88291931152344, 168.4899139404297, 152.54551696777344, 145.1178741455078, 138.56454467773438, 131.88555908203125, 126.7424087524414, 122.70829010009766, 120.35462951660156, 118.30644226074219, 115.98277282714844, 113.20279693603516, 111.18466186523438, 109.51958465576172, 105.30876922607422, 102.42021179199219, 98.42140197753906, 95.84671783447266, 92.6513671875, 89.91002655029297, 86.26782989501953, 84.89800262451172, 79.2989273071289, 75.08743286132812, 74.5275650024414, 71.64530944824219, 69.03978729248047, 65.75405883789062, 64.70835876464844, 61.73726272583008, 65.2615966796875, 62.06380081176758, 61.59126663208008, 61.39692306518555, 58.85971450805664, 57.856449127197266, 58.35416793823242, 56.4028205871582, 57.57847595214844, 56.25553894042969, 54.994598388671875, 57.058349609375, 56.13296890258789, 55.31736373901367, 52.771854400634766, 54.170677185058594, 53.85208511352539, 53.21192169189453, 53.79154968261719, 53.75560760498047, 53.15677261352539, 52.02454376220703, 52.57643508911133, 52.898841857910156, 52.354129791259766, 51.64240264892578, 50.513362884521484, 53.2437629699707, 49.870975494384766, 50.295989990234375, 49.564754486083984, 50.11252212524414, 51.11237335205078, 50.46234893798828, 49.31499099731445, 49.10310745239258, 48.40464401245117, 49.52832794189453, 48.51099395751953, 48.548583984375, 48.909393310546875, 49.41585922241211, 47.12322235107422, 48.392879486083984, 46.87906265258789, 49.09047317504883, 47.08027267456055, 46.79944610595703, 48.7473030090332, 45.5830078125, 46.900936126708984, 46.02116012573242, 45.34816360473633, 44.6336555480957, 45.12958908081055, 44.88397979736328, 44.69182586669922, 45.12773513793945, 47.38326644897461, 44.452884674072266, 44.37149429321289, 44.54022216796875, 44.1130256652832, 44.699954986572266, 43.66316223144531, 43.37546920776367, 41.545372009277344, 44.063026428222656], "ae_eval_losses": [165.6895523071289, 163.24332847595215, 154.8035461425781, 141.3048583984375, 133.38253021240234, 128.02024517059326, 122.55399551391602, 119.81576404571533, 118.82280406951904, 117.93605995178223, 117.11210041046142, 116.00300960540771, 114.70175304412842, 112.93955001831054, 110.93033485412597, 109.12828273773194, 107.40174465179443, 105.03017559051514, 102.30205154418945, 99.36520385742188, 96.42528190612794, 93.86030960083008, 92.25988502502442, 88.05340232849122, 85.71885604858399, 84.41860466003418, 83.19966125488281, 78.62214508056641, 70.16533279418945, 78.02725811004639, 63.533827781677246, 60.9364408493042, 57.60189237594604, 58.002788352966306, 58.72555027008057, 55.06708889007568, 54.931349468231204, 55.29880619049072, 53.35104389190674, 51.47095365524292, 51.49707555770874, 53.9146390914917, 55.96101770401001, 54.85790843963623, 52.39039659500122, 50.60445671081543, 49.29998226165772, 49.06834363937378, 50.45571489334107, 53.55698881149292, 54.443021297454834, 53.88557929992676, 50.69231395721435, 50.13278532028198, 51.63142671585083, 53.442292881011966, 52.96960821151733, 52.28551015853882, 50.0250207901001, 48.43182630538941, 47.41669721603394, 47.880226135253906, 48.528536033630374, 50.132849502563474, 50.57666101455688, 48.974763584136966, 47.91728048324585, 48.31048450469971, 49.72275457382202, 50.120615768432614, 50.36338157653809, 50.24717111587525, 50.00230932235718, 49.37839145660401, 48.75448884963989, 47.80760545730591, 47.85646162033081, 46.97242107391357, 46.68104248046875, 46.76696071624756, 46.532508087158206, 45.5972484588623, 44.91647167205811, 44.616722393035886, 45.53205795288086, 46.019188690185544, 46.24934587478638, 45.571147441864014, 44.14683980941773, 43.047896766662596, 43.89158992767334, 44.59722499847412, 44.49162425994873, 43.077615642547606, 41.7978949546814, 41.4684157371521, 41.15421209335327, 41.65130300521851, 42.27199468612671, 41.95166711807251]}