{"ae_train_losses": [103.28672523498535, 52.75983104705811, 45.90450592041016, 41.50986442565918, 37.02723979949951, 32.5227071762085, 29.117338752746583, 27.325239849090575, 26.41583490371704, 26.038981246948243, 25.622840118408202, 25.178205966949463, 24.750789833068847, 24.65872097015381, 24.664564895629884, 24.472490501403808, 24.223519802093506, 24.296298694610595, 24.248946571350096, 24.296613121032713, 24.203835105895998, 24.12566394805908, 24.316371536254884, 23.890773963928222, 23.875131130218506, 23.820630264282226, 23.835673999786376, 23.659539699554443, 23.713051414489748, 23.8470419883728, 23.797257804870604, 23.635299015045167, 23.609175395965575, 23.643237495422362, 23.577862453460693, 23.686648273468016, 23.388719463348387, 23.509658432006837, 23.41885690689087, 23.43436994552612, 23.321472358703613, 23.35488977432251, 23.229035568237304, 23.25723466873169, 23.27519636154175, 23.236592388153078, 23.02696113586426, 23.055473804473877, 22.94568738937378, 22.930082893371583, 22.777398204803468, 22.70237855911255, 22.73877878189087, 22.584613132476807, 22.50811767578125, 22.65535202026367, 22.488353633880614, 22.43657703399658, 22.329308319091798, 22.36562833786011, 22.379954528808593, 22.38262071609497, 22.434636116027832, 22.233167457580567, 22.265238761901855, 22.19568004608154, 22.105095863342285, 22.05626802444458, 22.120807361602782, 22.131520080566407, 22.134139728546142, 21.9812068939209, 21.92065315246582, 21.802314853668214, 21.825778865814208, 21.824298095703124, 21.669381046295165, 21.58248653411865, 21.43575382232666, 21.597292613983154, 21.37007007598877, 21.165955829620362, 21.220935440063478, 21.146238231658934, 21.01850290298462, 20.97062168121338, 20.891551876068114, 20.893930435180664, 20.758670139312745, 20.692589950561523, 20.72218255996704, 20.637282276153563, 20.716635990142823, 20.6161771774292, 20.33439483642578, 20.31392307281494, 20.389876270294188, 20.254138374328612, 20.28391580581665, 20.212432765960692], "ae_eval_losses": [103.4204532623291, 59.29533987045288, 43.73241834640503, 39.327477645874026, 34.92208452224732, 30.509150505065918, 28.33038020133972, 26.694280242919923, 26.044418573379517, 25.746039962768556, 25.108941745758056, 25.101055288314818, 24.603761672973633, 24.826070833206177, 24.5597243309021, 24.258012342453004, 24.120814514160156, 24.169748163223268, 24.003790664672852, 24.45969948768616, 23.970180988311768, 23.80696830749512, 24.07591223716736, 24.03457627296448, 23.821959209442138, 24.217747259140015, 23.64360580444336, 23.63929686546326, 23.83478674888611, 23.753250122070312, 23.636269569396973, 23.572624588012694, 23.44858064651489, 24.045176362991334, 23.459832429885864, 23.692591428756714, 23.360986614227294, 23.35087571144104, 23.395635461807252, 23.19591603279114, 23.196611213684083, 23.26609091758728, 23.249193716049195, 23.30692048072815, 23.150320386886598, 23.04674377441406, 22.9589430809021, 23.03103609085083, 22.906400775909425, 22.66023745536804, 22.666198205947875, 22.75283226966858, 22.625191068649293, 22.591937446594237, 22.482751655578614, 22.45130400657654, 22.46538910865784, 22.480898284912108, 22.39286103248596, 22.276008701324464, 22.3310302734375, 22.59906949996948, 22.40264949798584, 22.294349098205565, 22.142612838745116, 22.223642015457152, 22.178220319747926, 21.998071670532227, 21.97868356704712, 22.102599906921387, 21.976429510116578, 21.958752155303955, 21.877233266830444, 21.78009624481201, 21.646616315841676, 21.588988256454467, 21.51563482284546, 21.53789119720459, 21.378145694732666, 21.357397508621215, 21.26724534034729, 21.149390697479248, 21.07779531478882, 21.047546482086183, 20.992317533493043, 20.94548816680908, 20.945834732055665, 21.044615745544434, 20.84084072113037, 20.6912082195282, 20.702105808258057, 20.667728090286253, 20.82506046295166, 20.415743398666383, 20.359565687179565, 20.37671046257019, 20.35443778038025, 20.24334454536438, 20.290476083755493, 20.205624437332155]}