{"ae_train_losses": [127.77644157409668, 70.6321891148885, 50.80620606740316, 47.08302593231201, 45.344187100728355, 42.999531745910645, 39.867926279703774, 37.485676765441895, 35.12296040852865, 33.259520848592125, 31.150502999623615, 29.77399269739787, 28.571040153503418, 27.622701327006023, 26.849321524302166, 26.57234541575114, 26.082077662150066, 25.816843668619793, 25.618139902750652, 25.45666217803955, 24.936137517293293, 25.00082238515218, 24.89165687561035, 24.686635494232178, 24.73440631230672, 24.427492141723633, 24.274367173512776, 24.424060980478924, 24.319904804229736, 24.343429565429688, 24.089660167694092, 24.31885512669881, 24.165058930714924, 23.991668860117596, 23.910792350769043, 24.103593985239666, 24.074628988901775, 23.829817454020183, 23.839061101277668, 23.889034112294514, 23.817798614501953, 23.93985144297282, 23.87318245569865, 23.910327434539795, 23.79919370015462, 23.847203413645428, 23.67158540089925, 23.76458215713501, 23.70464865366618, 23.66783269246419, 23.68833080927531, 23.538264910380047, 23.383111000061035, 23.489318052927654, 23.465816815694172, 23.572975635528564, 23.443571885426838, 23.426981290181477, 23.48557647069295, 23.489025592803955, 23.41463565826416, 23.24832518895467, 23.250607172648113, 23.239561239878338, 23.22122573852539, 23.316312154134113, 23.217568079630535, 23.023340702056885, 23.085760752360027, 23.05896250406901, 23.076518058776855, 23.050723711649578, 22.979557355244953, 22.96583366394043, 22.973175684611004, 22.71950562795003, 22.837478637695312, 22.74258836110433, 22.762524763743084, 22.685333887736004, 22.531211694081623, 22.686391830444336, 22.58590030670166, 22.484731833140057, 22.1750168800354, 22.172775586446125, 22.224390665690105, 22.17734972635905, 21.958264032999676, 22.11601193745931, 22.025962511698406, 21.870381514231365, 21.807255268096924, 21.88389253616333, 21.739792346954346, 21.605755647023518, 21.649006366729736, 21.509233474731445, 21.71035114924113, 21.63419469197591], "ae_eval_losses": [101.01107597351074, 61.32517337799072, 53.065449237823486, 47.43178472518921, 44.116259002685545, 40.70772676467895, 39.77439441680908, 36.7455436706543, 34.09405279159546, 32.19663400650025, 30.284271240234375, 29.11030306816101, 28.082492351531982, 27.21967830657959, 26.636569929122924, 26.232218933105468, 26.02597370147705, 25.682860946655275, 25.35920295715332, 25.283838748931885, 24.83626480102539, 24.66888298988342, 24.999709129333496, 24.647766494750975, 24.472730541229247, 24.461406803131105, 24.23894610404968, 24.31666750907898, 24.27350869178772, 24.308230781555174, 24.651842164993287, 24.40579228401184, 24.243113327026368, 24.06114296913147, 24.107453966140746, 24.197970247268678, 24.095213460922242, 23.91092691421509, 23.901404094696044, 23.891330766677857, 23.86185426712036, 23.671652936935423, 24.119756126403807, 23.848508167266846, 23.798321151733397, 23.787308788299562, 23.758321523666382, 23.840581941604615, 23.83523545265198, 23.7212797164917, 23.608915328979492, 23.66176619529724, 23.430165576934815, 23.611061763763427, 23.671497440338136, 23.88957667350769, 23.717802858352663, 23.323072814941405, 23.50977506637573, 23.596067476272584, 23.448191690444947, 23.43893394470215, 23.401290559768675, 23.300513219833373, 23.276941108703614, 23.264569425582884, 23.225149202346802, 23.181548023223876, 23.12818169593811, 23.02423553466797, 23.038794326782227, 23.032232761383057, 23.411132717132567, 22.89301714897156, 22.80799832344055, 22.995455169677733, 22.902529764175416, 22.801438188552858, 22.700704288482665, 22.87888832092285, 22.647659730911254, 22.726595449447633, 22.507823991775513, 22.502868843078613, 22.308234310150148, 22.449359798431395, 22.56256046295166, 22.221681976318358, 22.122816133499146, 22.098339653015138, 22.10353708267212, 22.007000827789305, 21.876814222335817, 21.892146587371826, 21.76824378967285, 21.788670825958253, 22.023827457427977, 21.703627634048463, 21.671140336990355, 21.747874975204468]}