{"ae_train_losses": [213.84146118164062, 204.02304077148438, 165.37327575683594, 142.439208984375, 135.72732543945312, 131.9322509765625, 129.78688049316406, 128.74594116210938, 127.216552734375, 126.08194732666016, 125.05870819091797, 124.25214385986328, 122.76277160644531, 121.79680633544922, 118.70415496826172, 115.24698638916016, 110.1571044921875, 104.18012237548828, 99.31307220458984, 93.84825897216797, 87.28536987304688, 82.26736450195312, 76.48699188232422, 72.56563568115234, 70.03263092041016, 65.22039031982422, 63.208168029785156, 61.66171646118164, 60.04356384277344, 59.97785186767578, 58.33074188232422, 55.51602554321289, 57.70452880859375, 56.99849319458008, 59.26637649536133, 57.829505920410156, 55.374759674072266, 53.36239242553711, 58.26160430908203, 51.509925842285156, 55.35609436035156, 56.06257629394531, 54.16828155517578, 51.99276351928711, 52.09412384033203, 50.50754165649414, 49.58685302734375, 50.17839813232422, 49.88455581665039, 48.11492156982422, 47.04428482055664, 48.5311164855957, 46.99843978881836, 47.5843391418457, 46.77130889892578, 45.994598388671875, 46.33137512207031, 44.74752426147461, 44.29741287231445, 44.73470687866211, 45.28910446166992, 44.32797622680664, 44.18497085571289, 43.37948226928711, 44.28476333618164, 42.630516052246094, 42.10987091064453, 41.62958908081055, 42.91251754760742, 41.24610137939453, 40.83796310424805, 41.167606353759766, 40.8414192199707, 41.81016540527344, 40.13458251953125, 40.75229263305664, 39.068843841552734, 39.94232940673828, 40.951438903808594, 39.274696350097656, 40.843605041503906, 40.99748611450195, 40.45553970336914, 38.89921951293945, 40.1496467590332, 38.09988021850586, 38.42443084716797, 38.301395416259766, 39.29668426513672, 38.592254638671875, 38.54602813720703, 37.94961929321289, 37.593650817871094, 38.94569778442383, 37.70967102050781, 37.62682342529297, 37.74951171875, 37.254173278808594, 36.665374755859375, 37.78009796142578], "ae_eval_losses": [134.9674446105957, 143.65175247192383, 136.23064308166505, 132.3928237915039, 129.7244400024414, 127.24712543487549, 125.45064487457276, 124.35541954040528, 123.7299732208252, 123.45658321380616, 123.16607666015625, 122.28002185821533, 120.94502658843994, 118.98689765930176, 116.77067070007324, 114.2106782913208, 110.95273571014404, 106.27504100799561, 101.73076629638672, 97.4639081954956, 92.02463493347167, 86.37137107849121, 81.96702213287354, 74.81597023010254, 68.10792427062988, 64.39866609573365, 61.30833215713501, 58.89813280105591, 59.25028486251831, 56.139127254486084, 53.42775449752808, 51.54211874008179, 59.52309503555298, 70.20987873077392, 65.39550790786743, 54.72270755767822, 50.35719079971314, 48.77614345550537, 53.86631488800049, 65.6251880645752, 68.20413780212402, 62.92895517349243, 54.93168697357178, 49.17753582000732, 47.34987812042236, 48.18159246444702, 49.205210494995114, 48.96555852890015, 47.34868679046631, 45.258906269073485, 44.548187255859375, 46.33061933517456, 47.118721389770506, 48.29942560195923, 47.81186847686767, 45.79562854766846, 44.396258163452146, 43.660505867004396, 43.57354364395142, 43.88636665344238, 43.47477340698242, 42.60490703582764, 41.53154315948486, 41.221703338623044, 41.28263416290283, 41.65539255142212, 42.719050312042235, 42.45111436843872, 41.813993549346925, 41.44702625274658, 41.02723875045776, 40.81916275024414, 41.615113735198975, 42.05108585357666, 41.443238735198975, 40.43613262176514, 39.71447696685791, 39.641852951049806, 40.082893466949464, 40.5198296546936, 40.233593463897705, 39.47380771636963, 38.59440975189209, 38.43428201675415, 38.47636976242065, 38.422643184661865, 38.64032249450683, 38.90766506195068, 39.220046520233154, 39.09111948013306, 38.66043367385864, 38.06270380020142, 37.842160987854, 37.62965335845947, 37.587913513183594, 37.84869985580444, 38.01463603973389, 37.60302572250366, 37.16806869506836, 36.67897939682007]}