{"ae_train_losses": [138.90155220031738, 99.57016086578369, 75.28718662261963, 56.89585304260254, 51.24601221084595, 49.4714241027832, 48.553192138671875, 49.47404432296753, 46.58805274963379, 44.390517234802246, 41.829341888427734, 40.12793207168579, 38.69145488739014, 36.52819013595581, 34.85725688934326, 33.044612407684326, 31.788092851638794, 31.006932020187378, 30.047403812408447, 29.330392837524414, 28.716251850128174, 28.027442932128906, 27.505253076553345, 27.017898082733154, 26.597976446151733, 26.359840869903564, 26.015760898590088, 25.734081268310547, 25.475507497787476, 25.219614505767822, 25.16741132736206, 25.068201541900635, 25.216232299804688, 25.007116079330444, 24.792175769805908, 24.863396883010864, 24.795170545578003, 24.869723558425903, 24.64426565170288, 24.647454261779785, 24.734044313430786, 24.752482891082764, 24.48760199546814, 24.579406261444092, 24.49904465675354, 24.44892954826355, 24.409462928771973, 24.302966356277466, 24.37948250770569, 24.347351551055908, 24.42085313796997, 24.24919080734253, 24.168248653411865, 24.208478450775146, 24.065598249435425, 24.171576976776123, 24.37631130218506, 24.209145307540894, 24.13822031021118, 24.101330995559692, 24.239173412322998, 24.144425868988037, 23.771376848220825, 23.919142246246338, 23.927358388900757, 23.95245909690857, 23.926385402679443, 23.834455966949463, 23.980031967163086, 23.861273288726807, 24.01122760772705, 23.93509531021118, 23.917040824890137, 23.80706524848938, 24.04999804496765, 23.792107582092285, 24.009870767593384, 23.865598440170288, 23.77416491508484, 23.736222743988037, 23.80690574645996, 23.70779299736023, 23.67417573928833, 23.883039474487305, 24.01543402671814, 23.817821741104126, 23.692272424697876, 23.608219623565674, 23.73835277557373, 23.86526346206665, 23.74631404876709, 23.613368034362793, 23.568190574645996, 23.521594047546387, 23.536663055419922, 23.79913902282715, 23.603648900985718, 23.643428087234497, 23.499009370803833, 23.4705708026886], "ae_eval_losses": [106.3029998779297, 98.08600978851318, 106.93111648559571, 66.53722772598266, 50.7051362991333, 50.26468925476074, 51.877776527404784, 60.437758922576904, 53.11893177032471, 41.073056316375734, 39.10388889312744, 39.5694619178772, 38.06430540084839, 35.879465389251706, 33.864215755462645, 32.56775979995727, 31.13928108215332, 30.781929969787598, 29.56696662902832, 28.939583683013915, 28.486362981796265, 27.88714451789856, 27.108495044708253, 26.989004945755006, 26.54116234779358, 26.104989957809448, 25.88600516319275, 25.727962493896484, 25.566411542892457, 25.12919545173645, 25.135874223709106, 25.038220500946046, 25.196361541748047, 25.244663572311403, 24.96391406059265, 24.688131284713744, 24.816683769226074, 24.8985680103302, 24.59184432029724, 24.851327180862427, 24.585308170318605, 24.422479915618897, 24.556904363632203, 24.62316150665283, 24.439338159561157, 24.448497581481934, 24.59413890838623, 24.268240690231323, 24.228380393981933, 25.50490288734436, 25.21989870071411, 24.160356712341308, 24.135057735443116, 24.10870280265808, 24.133156490325927, 24.439031982421874, 24.403179597854614, 23.96044526100159, 24.11991591453552, 23.95616497993469, 24.028903865814208, 24.135136222839357, 23.98155884742737, 23.946864366531372, 23.886752223968507, 24.111033964157105, 23.932133150100707, 23.887365913391115, 23.985087823867797, 23.862153387069704, 24.080078411102296, 23.765924882888793, 23.960527896881104, 23.813568353652954, 23.856110429763795, 24.001699590682982, 23.910394048690797, 23.725697374343873, 23.84859642982483, 23.782282257080077, 24.006506538391115, 23.84273419380188, 23.82432065010071, 24.02275800704956, 23.76299591064453, 23.925783538818358, 23.567284202575685, 23.816673374176027, 23.72587561607361, 23.661007690429688, 23.98829855918884, 23.71423211097717, 24.41601605415344, 23.80669527053833, 23.861498880386353, 23.813720846176146, 23.728787088394164, 23.75681867599487, 23.602797985076904, 23.76966872215271]}