{"ae_train_losses": [129.45645141601562, 183.9635467529297, 141.8160858154297, 128.22901916503906, 123.0233383178711, 120.40179443359375, 119.09732818603516, 118.06959533691406, 116.78910827636719, 114.5606689453125, 111.00786590576172, 105.25454711914062, 100.31797790527344, 93.37393951416016, 85.41783905029297, 79.78336334228516, 72.40862274169922, 68.86981964111328, 64.30204772949219, 61.838768005371094, 60.82217788696289, 57.100467681884766, 57.18408966064453, 56.225868225097656, 53.70103454589844, 52.178035736083984, 53.42948913574219, 51.12446975708008, 51.894901275634766, 51.09315490722656, 50.64815139770508, 49.131038665771484, 47.94192123413086, 47.60820770263672, 46.90055465698242, 46.60078048706055, 45.457733154296875, 45.05489730834961, 45.11998748779297, 43.46719741821289, 43.55398178100586, 42.88962936401367, 42.29151153564453, 42.409751892089844, 43.43384552001953, 42.00088119506836, 42.31044006347656, 42.73082733154297, 41.454994201660156, 40.807044982910156, 40.194034576416016, 39.96413803100586, 41.10806655883789, 40.12382507324219, 40.53150177001953, 39.80917739868164, 39.82882308959961, 39.3016357421875, 39.5767936706543, 38.67106246948242, 38.59917449951172, 39.35371398925781, 38.57947540283203, 38.514305114746094, 37.744632720947266, 38.77904510498047, 36.96615982055664, 37.31190872192383, 37.95564270019531, 37.1010856628418, 37.79555892944336, 37.203121185302734, 37.332820892333984, 36.19327926635742, 36.093807220458984, 36.92671203613281, 36.488525390625, 36.72616958618164, 36.71266555786133, 36.630367279052734, 36.14682388305664, 36.95850372314453, 36.008724212646484, 35.609622955322266, 35.62727737426758, 35.06328201293945, 36.473079681396484, 35.30691146850586, 35.31876754760742, 34.65437698364258, 35.242576599121094, 34.42451095581055, 35.31605529785156, 33.28066635131836, 34.43930435180664, 33.8018798828125, 32.98518371582031, 33.3444709777832, 33.391292572021484, 33.931297302246094], "ae_eval_losses": [117.07723445892334, 132.63962097167968, 132.72499046325683, 128.06799373626708, 123.43564929962159, 120.05926895141602, 118.06359176635742, 116.54546298980713, 115.16671466827393, 112.90474071502686, 109.59567108154297, 104.6909517288208, 98.45430335998535, 90.30693626403809, 84.26081142425537, 78.23281707763672, 73.83206748962402, 65.26257219314576, 59.616441917419436, 56.40652055740357, 54.92492847442627, 55.732869720458986, 56.23208141326904, 50.97285680770874, 49.4494550704956, 49.61120653152466, 50.736113929748534, 52.471824932098386, 52.13541259765625, 49.22393922805786, 46.633350467681886, 46.02026596069336, 46.27940349578857, 47.53262281417847, 47.34103565216064, 45.71974153518677, 44.4478364944458, 44.05031471252441, 44.05201740264893, 43.866458892822266, 43.40726108551026, 43.221385860443114, 43.970797824859616, 44.17397537231445, 43.362092685699466, 43.158380794525144, 43.35726919174194, 43.26328296661377, 42.32365484237671, 41.64811115264892, 41.361148071289065, 41.43247137069702, 41.22462453842163, 41.51465425491333, 41.05229291915894, 40.441547870635986, 40.096327495574954, 39.87457847595215, 40.130767250061034, 40.464426040649414, 40.26667547225952, 39.4922682762146, 39.186547470092776, 39.18370819091797, 39.04532537460327, 38.92500553131104, 38.83816556930542, 38.72240400314331, 38.734544086456296, 38.78621740341187, 38.613748741149905, 38.29237384796143, 38.244426822662355, 37.964202880859375, 38.035775661468506, 38.62551898956299, 38.8793004989624, 38.20719566345215, 37.48155317306519, 37.23128900527954, 37.362434005737306, 37.16765184402466, 37.46964540481567, 37.46858997344971, 37.075893783569335, 36.911389446258546, 36.64566440582276, 36.49412021636963, 36.37686653137207, 36.277787590026854, 36.02281255722046, 35.91850786209106, 35.82182235717774, 35.836028003692626, 35.73176336288452, 35.506432723999026, 35.58495235443115, 35.43808307647705, 35.12673358917236, 35.073338413238524]}