{"ae_train_losses": [171.66056632995605, 99.60256767272949, 66.82957935333252, 64.18531131744385, 57.818899631500244, 54.034212589263916, 51.601377964019775, 50.49556016921997, 49.094003677368164, 47.737224102020264, 46.53974437713623, 45.44662380218506, 44.55567026138306, 43.03744029998779, 41.373218059539795, 39.73840093612671, 38.115644454956055, 36.37347745895386, 34.56524133682251, 33.327951431274414, 32.26039910316467, 30.969621896743774, 30.30014705657959, 29.477058172225952, 28.802735090255737, 28.486172437667847, 28.127360343933105, 27.87849450111389, 27.571200847625732, 26.993030548095703, 26.348726272583008, 26.356990814208984, 25.926830530166626, 25.99277424812317, 25.8645281791687, 25.53511118888855, 25.503501653671265, 25.320558786392212, 25.043109893798828, 25.220874786376953, 25.06404137611389, 25.0563862323761, 25.2654390335083, 24.864617347717285, 24.703132390975952, 24.69622039794922, 24.778077840805054, 24.727343320846558, 24.812758684158325, 24.549742937088013, 24.5935320854187, 24.488080739974976, 24.467593908309937, 24.339065074920654, 24.276407957077026, 24.584121704101562, 24.58468246459961, 24.368541717529297, 24.24319362640381, 24.349857807159424, 24.140254020690918, 24.250015020370483, 24.298640489578247, 24.38963508605957, 24.142690181732178, 24.122177124023438, 24.143519639968872, 23.990552186965942, 24.178199768066406, 24.217894554138184, 24.236653566360474, 24.12345290184021, 24.183380842208862, 24.00119113922119, 23.858933210372925, 23.998406887054443, 24.040398836135864, 23.98381519317627, 23.869603395462036, 23.9888699054718, 23.83255958557129, 23.92006254196167, 24.054649114608765, 24.013556241989136, 23.885167121887207, 24.098981142044067, 23.966261863708496, 23.73431396484375, 23.929816246032715, 24.391831398010254, 24.147987604141235, 24.3365581035614, 24.075252771377563, 23.954020977020264, 23.945513010025024, 23.79716682434082, 23.710841178894043, 23.81393599510193, 24.10050344467163, 23.92433476448059], "ae_eval_losses": [124.03186683654785, 118.72959938049317, 79.01840381622314, 79.561598777771, 53.389229202270506, 48.912962436676025, 55.847768020629886, 47.53471574783325, 47.99269666671753, 46.270274543762206, 44.90047035217285, 45.35041694641113, 42.81869249343872, 44.32401838302612, 39.40301113128662, 39.77833318710327, 37.118429565429686, 34.864443969726565, 33.65230135917663, 32.55667386054993, 31.019291353225707, 29.983699989318847, 29.523877334594726, 28.7075692653656, 28.43873324394226, 28.00770812034607, 27.589065313339233, 27.350576210021973, 27.373354625701904, 26.648826932907106, 26.477885818481447, 26.171914863586426, 25.760555839538576, 25.834449911117552, 25.702253437042238, 25.52066206932068, 25.42682104110718, 25.173540925979616, 25.178993463516235, 25.4491446018219, 24.818201971054076, 24.978948831558228, 25.275083446502684, 25.18095393180847, 24.633974170684816, 24.590644741058348, 24.56131510734558, 24.737501096725463, 24.729171800613404, 24.471069049835204, 24.569089365005492, 24.62760262489319, 24.311894130706786, 24.21320414543152, 24.29691300392151, 24.691744470596312, 24.615281534194946, 24.338150882720946, 24.339919137954713, 24.234351110458373, 24.18129692077637, 24.46181364059448, 24.354993200302125, 24.084870767593383, 24.12915472984314, 24.24438762664795, 24.293220138549806, 24.140625476837158, 24.29348759651184, 24.46005425453186, 24.52522964477539, 23.96164846420288, 24.329724073410034, 23.984775400161745, 23.964578866958618, 24.220394229888917, 24.12112226486206, 23.963562870025633, 24.328080320358275, 23.863686561584473, 24.069781827926636, 24.13334012031555, 23.929996013641357, 24.016543102264404, 24.58129553794861, 23.995988512039183, 24.01579647064209, 23.960267877578737, 24.19656205177307, 27.519387626647948, 25.087315845489503, 24.033618879318237, 23.90169777870178, 23.7510648727417, 24.04860339164734, 23.678520584106444, 23.892684745788575, 23.881821823120116, 24.187664604187013, 23.636380863189697]}