{"ae_train_losses": [200.31460266113282, 128.8709716796875, 97.48287353515624, 74.63046264648438, 61.954785919189455, 59.46350250244141, 54.63067779541016, 54.450557708740234, 52.578802490234374, 50.904579162597656, 50.083265686035155, 50.71703033447265, 48.719258880615236, 47.88222122192383, 47.53489303588867, 47.21736450195313, 46.96359634399414, 46.28185501098633, 45.01842498779297, 46.33919143676758, 43.836865234375, 42.18130950927734, 41.411346435546875, 40.640411376953125, 39.19731750488281, 39.427275848388675, 40.7689712524414, 38.1155517578125, 36.28815956115723, 35.478125762939456, 35.48562469482422, 35.23561248779297, 34.584686279296875, 34.10356979370117, 33.139451599121095, 32.07856559753418, 32.04855079650879, 30.606095123291016, 30.688748931884767, 31.34454803466797, 31.76437759399414, 31.18631477355957, 30.29038314819336, 31.31750831604004, 30.310951232910156, 29.861813735961913, 29.631706619262694, 30.0112060546875, 29.06785354614258, 29.025175476074217, 29.20113754272461, 29.986391067504883, 29.543892669677735, 29.051276016235352, 28.747738647460938, 28.451955032348632, 28.555204772949217, 28.55042610168457, 27.79075355529785, 27.69713363647461, 27.131738662719727, 27.57246551513672, 27.804013061523438, 28.320619583129883, 27.78107147216797, 27.780408477783205, 28.427811431884766, 28.07988586425781, 27.50734977722168, 28.620516204833983, 28.10634002685547, 27.45822677612305, 27.793659973144532, 27.768583679199217, 27.21150321960449, 27.208575820922853, 26.476185989379882, 27.387858200073243, 26.672121047973633, 26.39680633544922, 26.028044509887696, 26.12372283935547, 27.969842147827148, 27.527812194824218, 27.5550594329834, 27.55058479309082, 27.052402114868165, 27.113883590698244, 27.504981994628906, 26.654915618896485, 26.269432830810548, 26.0206787109375, 25.918693923950194, 25.660569381713866, 25.9574333190918, 26.870851135253908, 26.406819152832032, 25.861792755126952, 26.752770233154298, 26.88251075744629], "ae_eval_losses": [123.20882358551026, 117.9234281539917, 129.04525489807128, 123.09397430419922, 72.0050479888916, 64.66407194137574, 54.84108648300171, 55.827466583251955, 55.47189989089966, 52.4066704750061, 49.02247314453125, 50.163961029052736, 48.07795114517212, 45.54359512329101, 55.62952718734741, 54.710415554046634, 42.04316864013672, 43.31773824691773, 58.46836633682251, 41.90177183151245, 49.02402391433716, 40.82132205963135, 40.87868194580078, 41.010418796539305, 50.394201850891115, 39.58921194076538, 38.39748868942261, 39.45135679244995, 35.658275508880614, 35.048433208465575, 35.62852897644043, 33.85247249603272, 33.71425533294678, 33.79509391784668, 31.894779205322266, 31.8283971786499, 31.278500890731813, 30.764088773727416, 30.76728482246399, 32.540456199645995, 30.3689049243927, 31.325484466552734, 31.282085180282593, 30.754085731506347, 30.36383385658264, 29.912312507629395, 29.202478885650635, 29.513684940338134, 29.0067617893219, 29.658592176437377, 28.8146870136261, 28.9310604095459, 28.726528692245484, 28.231274127960205, 28.34863862991333, 28.652807188034057, 28.764990425109865, 27.940587854385377, 27.93384952545166, 27.707563066482543, 27.65643630027771, 28.11317014694214, 28.064866971969604, 27.374635553359987, 27.275320625305177, 28.139823484420777, 28.64902534484863, 28.34029836654663, 27.70561351776123, 27.67532467842102, 27.620628976821898, 27.316093969345093, 27.479429244995117, 27.06283712387085, 26.437104749679566, 26.53532395362854, 26.868907117843627, 26.646774291992188, 27.186396265029906, 26.93819499015808, 26.770993185043334, 26.054488801956175, 27.309448719024658, 28.50790762901306, 28.17183566093445, 28.01644206047058, 27.237790870666505, 27.93340253829956, 27.129824066162108, 26.593532371520997, 26.756427669525145, 26.726454305648804, 26.057038402557374, 26.2643301486969, 26.858903551101683, 26.193953704833984, 26.29375433921814, 26.33189125061035, 25.8193199634552, 25.77462935447693]}