{"ae_train_losses": [152.47604052225748, 74.54108905792236, 56.67257022857666, 53.120141665140785, 56.58430480957031, 54.420619328816734, 48.71460978190104, 46.42912292480469, 45.065202395121254, 42.88261318206787, 39.626112937927246, 37.19440523783366, 34.8591111501058, 33.02224079767863, 30.94684823354085, 29.60182746251424, 28.971011797587078, 28.211214542388916, 27.502885500590008, 26.808315912882488, 26.328991254170734, 26.06058915456136, 25.794524669647217, 25.704322179158527, 25.55010477701823, 25.548680464426678, 25.28239679336548, 25.166680653889973, 25.01586929957072, 24.890849113464355, 24.810112317403156, 24.74811585744222, 24.590683142344158, 24.5546719233195, 24.558730284372967, 24.504504362742107, 24.454122066497803, 24.42178996404012, 24.474923769632976, 24.340173085530598, 24.293935934702557, 24.32384792963664, 24.22606547673543, 24.212251504262287, 24.10544236501058, 24.129929383595783, 24.043326536814373, 24.128461201985676, 24.049829324086506, 23.95601526896159, 24.150187651316326, 24.00824228922526, 23.9329891204834, 23.90284808476766, 24.02924696604411, 23.998689492543537, 24.135947704315186, 24.00881338119507, 23.964883009592693, 23.828667481740315, 23.9687180519104, 23.968533833821613, 23.891811847686768, 23.85727008183797, 23.750701904296875, 23.79615847269694, 23.932725429534912, 23.974778334299724, 24.163533369700115, 23.905190308888752, 24.09627691904704, 23.95994774500529, 23.596419016520183, 23.67755190531413, 23.796046257019043, 23.61561330159505, 23.593770503997803, 23.547136783599854, 23.595057487487793, 23.583312034606934, 23.613509972890217, 23.66047128041585, 23.828718344370525, 23.756813367207844, 23.499083042144775, 23.357120831807453, 23.526987711588543, 23.67543872197469, 23.501834233601887, 23.42935784657796, 23.533852100372314, 23.62382936477661, 23.598092555999756, 23.459580898284912, 23.56338580449422, 23.612518151601154, 23.429884274800617, 23.566436290740967, 23.541169961293537, 23.395618597666424], "ae_eval_losses": [109.45094623565674, 59.79401578903198, 57.99651498794556, 57.625296401977536, 47.557552337646484, 56.50834684371948, 42.818185043334964, 45.28109493255615, 42.69020261764526, 39.50859355926514, 37.92449331283569, 36.3782036781311, 35.120144557952884, 31.652784395217896, 30.02620096206665, 28.822756242752074, 28.597296237945557, 28.357428550720215, 27.124565649032593, 26.425831985473632, 26.13989176750183, 25.903013277053834, 25.650157117843627, 25.534886121749878, 25.4618221282959, 25.426782846450806, 24.915199995040894, 24.8898823261261, 24.84546217918396, 24.89761757850647, 25.005539083480834, 24.721812057495118, 24.58976345062256, 24.573205518722535, 24.32967257499695, 24.96169047355652, 24.334712982177734, 24.259591484069823, 24.251012563705444, 24.505626916885376, 24.349996995925903, 24.100839853286743, 24.53560800552368, 24.16240029335022, 24.140184831619262, 24.020744800567627, 23.822363090515136, 24.168905305862427, 24.185215425491332, 23.967120838165282, 24.127009534835814, 24.14532356262207, 23.81407732963562, 24.009136724472047, 23.856770944595336, 26.98909182548523, 24.17785315513611, 23.820255517959595, 23.8221643447876, 23.816507577896118, 24.53250117301941, 23.96737985610962, 23.79910788536072, 23.868046617507936, 23.899853467941284, 23.909468269348146, 23.812863397598267, 28.658640003204347, 24.258484029769896, 24.01001434326172, 23.80636873245239, 23.84636273384094, 23.86386752128601, 23.755384969711304, 23.55665464401245, 23.780318164825438, 23.698147535324097, 23.551165294647216, 23.693727922439574, 23.552449035644532, 23.577516794204712, 23.693924522399904, 23.42909641265869, 23.615908432006837, 23.489320850372316, 23.562366724014282, 23.89554805755615, 23.97881135940552, 23.49358115196228, 23.60922884941101, 23.506625413894653, 23.69822859764099, 23.475000524520873, 23.839118194580077, 23.52822365760803, 23.57207570075989, 23.76552457809448, 23.447778463363647, 23.379497623443605, 23.487327909469606]}