{"ae_train_losses": [171.78240661621095, 120.78060455322266, 104.38699035644531, 78.78558959960938, 64.88181228637696, 62.901068115234374, 57.82136154174805, 55.72447280883789, 54.097966003417966, 51.37266235351562, 50.15068359375, 48.955299377441406, 46.36736526489258, 45.29731063842773, 45.752410888671875, 43.955762481689455, 43.550238037109374, 42.37376937866211, 41.14675750732422, 40.04621505737305, 42.72580184936523, 40.724707794189456, 38.78117446899414, 38.620243835449216, 37.115309143066405, 36.474534606933595, 36.73281478881836, 35.37494812011719, 35.491156005859374, 35.897814178466795, 34.83238906860352, 33.52439498901367, 32.61636734008789, 32.70170593261719, 31.56127052307129, 30.997937774658205, 31.44105644226074, 31.62832908630371, 31.10507736206055, 32.31088790893555, 31.249512481689454, 30.113553619384767, 29.574680709838866, 29.15643730163574, 29.084717559814454, 28.659235763549805, 28.461843490600586, 28.503627014160156, 28.033558654785157, 27.021998977661134, 27.21563301086426, 27.11460723876953, 26.075967407226564, 27.926742553710938, 28.996028900146484, 28.496017837524413, 27.426193618774413, 27.530139923095703, 27.164853286743163, 27.038925170898438, 26.962387466430663, 26.684634399414062, 27.12920150756836, 27.378665924072266, 27.253520202636718, 25.867884826660156, 25.593041229248048, 25.95489082336426, 27.1608585357666, 27.036152267456053, 26.01836395263672, 25.835393524169923, 26.059049606323242, 27.152542495727538, 26.596407318115233, 25.767713165283205, 26.073856353759766, 27.09205780029297, 26.542878341674804, 25.646730422973633, 25.983470153808593, 25.90686149597168, 25.625748443603516, 26.326679611206053, 26.02093086242676, 26.633516693115233, 26.066631317138672, 25.345308685302733, 26.206174850463867, 26.025759887695312, 25.841887283325196, 25.662778472900392, 25.751350784301756, 25.698392486572267, 25.67341728210449, 24.580256271362305, 25.3234130859375, 25.444534301757812, 25.943256759643553, 25.266057205200195], "ae_eval_losses": [117.956254196167, 112.09227504730225, 100.26599025726318, 86.4301155090332, 65.81407270431518, 64.91779336929321, 52.836887168884275, 57.02339105606079, 47.87855987548828, 46.97053442001343, 53.551718044281, 56.999960041046144, 51.010179710388186, 47.72935066223145, 50.09881019592285, 45.76227359771728, 41.730916023254395, 42.437114524841306, 42.04206733703613, 39.70456047058106, 41.335178756713866, 41.28755474090576, 38.588390827178955, 36.81566152572632, 37.206782245635985, 36.64123449325562, 35.70282864570618, 34.79289255142212, 36.8671067237854, 33.939930534362794, 33.72216396331787, 33.90772428512573, 31.571232557296753, 31.512555408477784, 31.364106750488283, 30.474064970016478, 30.378870058059693, 30.290643835067748, 30.200101566314697, 30.782933282852174, 29.515905237197877, 29.164652585983276, 29.43432421684265, 28.51763072013855, 28.19433197975159, 28.63981900215149, 28.292805242538453, 27.52240433692932, 27.205192470550536, 27.006914043426512, 26.57410192489624, 26.723905563354492, 26.444986820220947, 28.776539182662965, 26.64512324333191, 27.026101922988893, 27.4522274017334, 26.649378061294556, 26.889719676971435, 26.973447704315184, 26.52567219734192, 26.8892662525177, 27.800739192962645, 26.589412927627563, 25.98311491012573, 25.909947013854982, 26.161863327026367, 26.339465427398682, 27.305636167526245, 26.53119626045227, 26.315068006515503, 26.02910981178284, 26.332507419586182, 25.675290727615355, 26.32778763771057, 26.57830891609192, 26.007722520828246, 26.071860313415527, 26.11673483848572, 25.70978002548218, 25.499896144866945, 25.505082607269287, 25.68863172531128, 25.691332244873045, 25.788291788101198, 25.33636999130249, 25.615387868881225, 25.271425867080687, 25.09707407951355, 25.38656783103943, 25.437068939208984, 25.290021276474, 25.17672257423401, 24.978477573394777, 24.900568532943726, 24.878318643569948, 24.814259195327757, 24.888456439971925, 25.200498867034913, 25.28114242553711]}