{"ae_train_losses": [150.28030700683593, 100.1731170654297, 89.36575012207031, 79.63431091308594, 70.85590362548828, 59.3411979675293, 56.965867614746095, 52.82333068847656, 52.382144927978516, 51.19074172973633, 49.387428283691406, 48.340152740478516, 45.99479293823242, 45.19996566772461, 45.60233688354492, 44.22517471313476, 45.74574508666992, 43.703515625, 41.49823226928711, 40.204322814941406, 40.07462615966797, 39.36805877685547, 37.7196762084961, 38.42324600219727, 36.705075073242185, 36.467675018310544, 35.23862915039062, 34.54626541137695, 33.95957565307617, 32.58022766113281, 32.34518966674805, 31.348635864257812, 30.054058456420897, 30.3360538482666, 29.109158325195313, 29.177453994750977, 29.907129287719727, 30.00533447265625, 29.25947265625, 30.182990646362306, 29.011706161499024, 27.952075958251953, 28.001428604125977, 27.595709991455077, 28.12739791870117, 27.509453964233398, 27.62649269104004, 27.100613403320313, 27.427191162109374, 26.99831199645996, 27.55174102783203, 27.310305404663087, 26.589496994018553, 28.152088165283203, 27.390077209472658, 27.435528182983397, 27.166375732421876, 27.3169677734375, 27.54530601501465, 26.807572174072266, 26.404552459716797, 26.759332275390626, 27.060364532470704, 26.91573371887207, 27.272192001342773, 25.791336059570312, 26.191690063476564, 26.103501892089845, 27.42581100463867, 26.370037078857422, 26.10501022338867, 25.701181411743164, 25.75892105102539, 26.25458679199219, 26.325135040283204, 26.02686767578125, 25.50886344909668, 26.901714324951172, 27.044879150390624, 26.218111038208008, 26.36287612915039, 26.150751495361327, 25.67087593078613, 26.407534408569337, 25.853248596191406, 26.66050910949707, 26.019422912597655, 25.861631393432617, 26.152248764038085, 25.661322402954102, 25.296041107177736, 25.595940399169923, 25.87960777282715, 25.786895751953125, 25.39248924255371, 25.336598205566407, 25.578929138183593, 25.3449649810791, 25.80491523742676, 24.585113525390625], "ae_eval_losses": [102.04056320190429, 92.62039222717286, 86.95031414031982, 79.84838886260987, 77.99595355987549, 71.15492248535156, 64.79602785110474, 53.37432565689087, 51.25021715164185, 50.086875438690186, 47.74297132492065, 49.62600574493408, 46.55529518127442, 46.130620288848874, 46.65627565383911, 42.028201007843016, 44.38278350830078, 41.828701210021975, 41.44015121459961, 38.97532873153686, 39.14315528869629, 37.53828706741333, 39.03392581939697, 36.03951330184937, 37.434844970703125, 35.03964643478393, 33.9691948890686, 33.19734449386597, 32.79655599594116, 32.94620790481567, 31.602642583847047, 30.75840139389038, 29.86469464302063, 29.82009902000427, 29.730524396896364, 29.060529947280884, 28.869718742370605, 29.97934799194336, 28.55428867340088, 28.710760736465453, 27.62386507987976, 28.169746971130373, 28.01706919670105, 28.12429008483887, 27.845563697814942, 28.094573259353638, 27.44371337890625, 26.895963144302367, 26.903944540023804, 27.154983282089233, 26.93419780731201, 27.02530679702759, 26.83320345878601, 26.455035591125487, 26.865815591812133, 26.723586320877075, 26.84812135696411, 27.296009635925294, 26.82713646888733, 26.897108936309813, 26.097502422332763, 26.60410318374634, 27.948622941970825, 27.599885988235474, 26.01074013710022, 26.22173104286194, 26.072761392593385, 26.52016077041626, 26.945723915100096, 26.77357792854309, 25.830105352401734, 25.87203092575073, 26.186265659332275, 25.824804496765136, 25.680823230743407, 25.701797676086425, 25.556276178359987, 26.024833059310915, 26.399432039260866, 26.53746075630188, 26.08581895828247, 25.737020444869994, 26.020274353027343, 25.56212682723999, 26.495916986465453, 25.55917716026306, 25.838087940216063, 25.53600616455078, 25.336253261566164, 25.19039888381958, 25.035435581207274, 25.1757728099823, 25.304025650024414, 25.213758325576784, 24.989634037017822, 25.088469123840333, 24.852182579040527, 24.998412752151488, 24.806034088134766, 24.704757261276246]}