{"ae_train_losses": [125.45336723327637, 62.857057762146, 49.686756706237794, 46.38833484649658, 42.23387050628662, 38.29522361755371, 34.429876518249515, 31.871166229248047, 29.853866291046142, 28.54063081741333, 27.575374126434326, 26.831852912902832, 26.41713571548462, 25.915644454956055, 25.62781352996826, 25.347749710083008, 25.035102462768556, 24.997471618652344, 24.863293075561522, 24.736231994628906, 24.682913780212402, 24.560967922210693, 24.465323066711427, 24.350895404815674, 24.45723600387573, 24.30770845413208, 24.2618745803833, 24.27792272567749, 24.329619216918946, 24.451590538024902, 24.370944786071778, 24.415633392333984, 24.165327548980713, 24.103494358062743, 24.083322525024414, 24.087276649475097, 23.964523029327392, 23.856298542022706, 23.97334861755371, 23.917065238952638, 23.761173725128174, 23.710633754730225, 23.745142269134522, 23.60083951950073, 23.7383282661438, 23.81260986328125, 23.918860721588135, 23.59759864807129, 23.75511531829834, 23.763024044036865, 23.608881664276122, 23.6305552482605, 23.638311672210694, 23.53868360519409, 23.591701793670655, 23.574775886535644, 23.553797054290772, 23.471870136260986, 23.538014888763428, 23.568286991119386, 23.510270214080812, 23.461181259155275, 23.464150619506835, 23.3860200881958, 23.544183349609376, 23.450621604919434, 23.443956470489503, 23.356240940093993, 23.490420818328857, 23.350715541839598, 23.25627737045288, 23.45274782180786, 23.311300659179686, 23.245700550079345, 23.420139408111574, 23.253009414672853, 23.28379878997803, 23.281361961364745, 23.324110221862792, 23.280344009399414, 23.278908729553223, 23.239154815673828, 23.210069465637208, 23.202886009216307, 24.212535095214843, 23.94143953323364, 23.74309387207031, 23.476578807830812, 23.420849800109863, 23.29634838104248, 23.330650806427002, 23.209262943267824, 23.38527116775513, 23.23613557815552, 23.194296264648436, 23.104432773590087, 22.990844440460204, 23.14831304550171, 23.1626238822937, 23.099031162261962], "ae_eval_losses": [97.91906852722168, 53.754458808898924, 49.47107105255127, 42.64716596603394, 41.58915948867798, 36.8141788482666, 32.95862050056458, 31.307657098770143, 29.373761892318726, 28.088489866256715, 27.273018884658814, 27.277079629898072, 26.00847134590149, 25.726913738250733, 25.268669080734252, 24.948326778411865, 25.21572074890137, 25.004777908325195, 24.623616647720336, 24.638276624679566, 24.57209849357605, 24.263894033432006, 24.320063161849976, 24.446443843841553, 24.394949674606323, 24.31770191192627, 24.29738669395447, 24.095220184326173, 24.018061065673827, 26.482151889801024, 24.66446371078491, 24.18051028251648, 23.947855472564697, 24.30168170928955, 23.989688110351562, 23.99009027481079, 23.6950777053833, 23.83052968978882, 24.355518865585328, 23.749056673049928, 23.553076839447023, 23.711946868896483, 23.811078786849976, 23.84459705352783, 23.52516641616821, 23.56403331756592, 23.55697979927063, 23.633207654953004, 23.715404510498047, 23.673336029052734, 23.52400674819946, 23.585212659835815, 23.479070568084715, 23.23564600944519, 23.503736591339113, 23.508675193786623, 23.689490699768065, 23.497761678695678, 23.573703670501708, 23.475458765029906, 23.334290027618408, 23.515920162200928, 23.4847815990448, 23.4836567401886, 23.575975370407104, 23.862517213821413, 23.22100157737732, 23.099956274032593, 23.30905075073242, 23.32923812866211, 23.16109166145325, 23.248400020599366, 23.215585041046143, 23.102230072021484, 23.321459150314332, 23.228185367584228, 23.171438360214232, 23.01140069961548, 23.363013648986815, 23.127751493453978, 23.077361392974854, 23.151925563812256, 23.063279151916504, 26.57197666168213, 24.189940881729125, 24.802613067626954, 23.72653284072876, 23.461515855789184, 23.449540090560912, 23.283800172805787, 23.15258355140686, 23.227768087387084, 23.1000816822052, 23.044574642181395, 23.081474161148073, 23.065148258209227, 23.06839714050293, 23.0259042263031, 22.986003351211547, 23.120971202850342]}