{"ae_train_losses": [151.55786514282227, 77.99291737874348, 55.748671531677246, 52.027310371398926, 48.820457776387535, 46.323976834615074, 44.51631514231364, 43.22441387176514, 42.01454226175944, 40.47312513987223, 38.34833304087321, 36.2926238377889, 34.3505973815918, 32.75236574808756, 31.343838850657146, 30.230031331380207, 29.496206442515057, 28.921485741933186, 28.178770065307617, 27.733025550842285, 27.287418365478516, 26.607634862263996, 26.31031624476115, 25.94868803024292, 25.793654282887776, 25.460750738779705, 25.24251381556193, 25.08712371190389, 24.98242696126302, 25.0569642384847, 24.874714215596516, 24.787302176157635, 24.83408260345459, 24.680203914642334, 24.742233912150066, 24.65624173482259, 24.60255702336629, 24.600520610809326, 24.52041228612264, 24.506812890370686, 24.378939787546795, 24.399340788523357, 24.24179204305013, 24.147380193074543, 24.318497021993, 24.226507504781086, 24.181636969248455, 24.162818908691406, 24.2094562848409, 23.990309715270996, 24.225915908813477, 24.36889664332072, 24.26400963465373, 24.17233689626058, 24.069372018178303, 23.867682615915935, 23.91312837600708, 23.984639644622803, 23.830034891764324, 23.774563948313396, 23.88763650258382, 23.68176794052124, 23.843311150868733, 23.712234656016033, 23.768863201141357, 23.731119473775227, 23.76861842473348, 23.943167368570965, 25.475865840911865, 25.100392818450928, 24.560624440511067, 24.136535167694092, 24.09597698847453, 23.831165949503582, 23.855113347371418, 23.921916325887043, 24.00463930765788, 23.94451840718587, 23.733872413635254, 23.638380368550617, 23.79041322072347, 23.65146080652873, 23.6669495900472, 23.724342187245686, 23.844813187917072, 23.745043754577637, 23.61695909500122, 23.70685561498006, 23.6164075533549, 23.429959138234455, 23.438345114390057, 23.39230712254842, 23.39971923828125, 23.43962287902832, 23.52685085932414, 23.463473796844482, 23.52678982416789, 23.436341762542725, 23.54498052597046, 23.716811815897625], "ae_eval_losses": [103.62541027069092, 92.90232982635499, 67.53577318191529, 50.50961008071899, 46.43368835449219, 43.92755155563354, 43.7709545135498, 43.5167140007019, 43.34569997787476, 39.99768562316895, 37.97161312103272, 35.74642276763916, 33.671880054473874, 32.23888502120972, 30.68894944190979, 29.48453493118286, 29.218358278274536, 28.45025019645691, 27.822201776504517, 27.417968606948854, 26.807922554016113, 26.392557430267335, 26.06734013557434, 25.75098853111267, 25.530715560913087, 25.23937153816223, 25.371173906326295, 24.887794494628906, 25.26732497215271, 24.886299896240235, 24.695540571212767, 24.64682846069336, 24.648236131668092, 24.702450656890868, 24.4799747467041, 24.838258504867554, 24.48658618927002, 24.23651957511902, 24.195866441726686, 24.364076232910158, 24.546013021469115, 24.05465316772461, 24.48923635482788, 24.204279708862305, 24.265764951705933, 24.03787989616394, 24.029993963241576, 24.43507342338562, 23.914782524108887, 24.094308042526244, 24.384116411209106, 24.504422998428346, 24.303291034698486, 23.960202598571776, 24.021249961853027, 23.71973261833191, 23.77536678314209, 23.670415830612182, 23.871887588500975, 23.730323457717894, 23.909378004074096, 23.82616400718689, 23.734413194656373, 23.720359754562377, 23.85438652038574, 23.797953271865843, 23.75546007156372, 36.74796929359436, 25.845415306091308, 24.497480869293213, 24.41405282020569, 23.928430318832397, 24.310811758041382, 23.86181468963623, 23.699414491653442, 23.83511862754822, 24.05369939804077, 23.991008520126343, 23.6655415058136, 23.68048138618469, 23.62838234901428, 23.74063649177551, 23.583463764190675, 23.6179265499115, 23.54384126663208, 23.664541387557982, 23.71889181137085, 23.604083013534545, 23.777022123336792, 23.546692991256712, 23.4864284992218, 23.454451036453246, 23.53434600830078, 23.424503803253174, 23.34480423927307, 23.418734502792358, 23.43730664253235, 23.523514556884766, 23.475601816177367, 23.38062286376953]}