{"ae_train_losses": [141.33532206217447, 92.8483060201009, 61.71696472167969, 51.11704603830973, 49.64650789896647, 47.088527043660484, 43.93947537740072, 40.851341247558594, 38.58653545379639, 36.3762009938558, 33.709580421447754, 32.0966690381368, 30.799994945526123, 29.494619846343994, 28.65110222498576, 27.82916243871053, 27.225382963816326, 26.88497718175252, 26.310404141743977, 26.144301414489746, 26.14558982849121, 25.87513828277588, 25.488099892934162, 25.168842156728108, 25.208783785502117, 24.981541633605957, 24.90876054763794, 24.939083735148113, 24.74136479695638, 24.75388018290202, 24.580187797546387, 24.381813526153564, 24.538660526275635, 24.509048461914062, 24.540070692698162, 24.54351552327474, 24.371275424957275, 24.35796372095744, 24.2647123336792, 24.305348078409832, 24.31893316904704, 24.13422918319702, 24.19319438934326, 24.043960412343342, 24.116861820220947, 24.32268174489339, 24.210481643676758, 24.092992623647053, 24.114110469818115, 23.993841965993244, 23.94953489303589, 24.016873836517334, 23.819512049357098, 24.100613911946613, 24.11746581395467, 23.904508590698242, 23.715715090433758, 23.643999417622883, 23.623291015625, 23.708442052205402, 23.74884494145711, 23.589025179545086, 23.62182871500651, 23.65762233734131, 23.653791745503742, 23.855260213216145, 23.78623056411743, 24.118235905965168, 25.850081125895183, 24.876776695251465, 24.37901496887207, 24.182253042856853, 24.040568510691326, 23.94965918858846, 23.826253096262615, 23.829639434814453, 23.647704601287842, 23.702712694803875, 23.648347695668537, 23.604061762491863, 23.761655966440838, 23.617798169453938, 23.64121739069621, 23.505362510681152, 23.681325753529865, 23.901484489440918, 23.70454994837443, 23.532219886779785, 23.319520473480225, 23.479511578877766, 23.467719237009685, 23.433163166046143, 23.523827075958252, 23.462427775065105, 23.574202219645183, 23.53164879480998, 23.3889422416687, 23.38605546951294, 23.51192569732666, 23.586721420288086], "ae_eval_losses": [102.12972354888916, 91.72513236999512, 62.92814636230469, 49.26007890701294, 45.57725772857666, 44.66047773361206, 43.33470468521118, 40.3414740562439, 39.22668409347534, 36.638766860961915, 32.892477083206174, 32.195158290863034, 30.354043817520143, 29.200972461700438, 28.16052050590515, 27.300417709350587, 27.03807396888733, 26.43004217147827, 26.112701892852783, 26.11857180595398, 26.246285724639893, 25.57589340209961, 25.388671588897704, 25.111665964126587, 25.156979656219484, 25.03648386001587, 24.968806409835814, 24.681301593780518, 24.634877920150757, 24.32431330680847, 24.51621217727661, 24.43428659439087, 24.356082963943482, 24.542907524108887, 24.253744506835936, 24.91934962272644, 24.2293785572052, 24.108629608154295, 24.135419654846192, 24.35353026390076, 24.07880663871765, 24.14499959945679, 24.026360273361206, 24.015251111984252, 24.335520124435426, 24.080677318573, 23.692064237594604, 24.209995651245116, 23.797397422790528, 23.72217164039612, 23.85617971420288, 24.29443383216858, 24.23481903076172, 24.293906354904173, 24.160778427124022, 23.73174967765808, 23.633554935455322, 23.68848509788513, 23.70339951515198, 23.630619382858278, 23.67460699081421, 23.60490894317627, 23.596517515182494, 23.786304426193237, 23.83144106864929, 23.697004079818726, 23.651036310195924, 27.518181705474852, 25.458116626739503, 24.463359212875368, 24.734659719467164, 24.010544109344483, 24.136984014511107, 23.92472949028015, 23.727615880966187, 23.836042594909667, 23.764306020736694, 23.649830293655395, 23.730666589736938, 23.730169677734374, 23.56516718864441, 23.50892162322998, 23.64201922416687, 23.545342922210693, 23.587259387969972, 23.84688401222229, 23.691774940490724, 23.56979660987854, 23.6025221824646, 23.488765954971313, 23.47752251625061, 23.401630544662474, 23.322812509536742, 23.350343179702758, 23.47535753250122, 23.398600578308105, 23.346034860610963, 23.410480546951295, 23.27665615081787, 23.491907930374147]}