{"ae_train_losses": [114.38682174682617, 55.70059871673584, 49.43790493011475, 48.421967315673825, 41.77857627868652, 37.65167369842529, 34.55757999420166, 31.388373851776123, 29.1906681060791, 27.962623405456544, 27.26129674911499, 26.682264041900634, 26.38810453414917, 25.915459632873535, 25.92774305343628, 25.574450302124024, 25.26813726425171, 24.965361499786376, 24.85935287475586, 24.64929304122925, 24.577120780944824, 24.465222549438476, 24.374802017211913, 24.18134641647339, 24.24643220901489, 24.12046241760254, 24.09575672149658, 24.123421382904052, 24.188610553741455, 24.167606830596924, 23.976223754882813, 23.863528537750245, 23.926492595672606, 23.94387540817261, 23.93888216018677, 24.08058967590332, 24.19856185913086, 24.161559104919434, 23.950690269470215, 23.90267324447632, 23.74033212661743, 23.73560199737549, 23.79624032974243, 23.7656268119812, 23.59974937438965, 23.79150495529175, 23.729651260375977, 23.693058967590332, 23.626893043518066, 23.673986434936523, 23.665995502471922, 23.448218727111815, 23.427614879608154, 23.444263076782228, 23.593997383117674, 23.527433013916017, 23.47012758255005, 23.444028854370117, 23.434138298034668, 23.400817012786867, 23.37576856613159, 23.411030960083007, 23.325124740600586, 23.11977424621582, 23.249622917175294, 23.235210037231447, 23.2979434967041, 23.101506423950195, 23.241637897491454, 23.294343662261962, 23.218801498413086, 23.307705211639405, 23.291389846801756, 23.261510276794432, 23.124827575683593, 23.269756031036376, 23.23922348022461, 22.968329429626465, 23.149810886383058, 23.034738636016847, 23.13352222442627, 23.123142433166503, 23.05421915054321, 23.068681526184083, 22.964384174346925, 23.109943103790282, 23.03347501754761, 22.9484845161438, 22.941366291046144, 22.934336948394776, 22.993044090270995, 22.97520866394043, 23.02367172241211, 22.939069747924805, 22.95269193649292, 22.948079204559328, 23.013178825378418, 22.851662826538085, 23.012564277648927, 22.968429279327392], "ae_eval_losses": [95.67556610107422, 52.77696447372436, 49.44418840408325, 43.81541395187378, 39.87446632385254, 36.42177000045776, 32.90735211372375, 30.059769296646117, 28.250345993041993, 27.29799017906189, 27.367706727981567, 26.69856004714966, 25.89461555480957, 25.751319122314452, 25.925873041152954, 25.094341850280763, 25.01635637283325, 24.81555595397949, 24.637356662750243, 24.614026594161988, 24.301772022247313, 24.267567110061645, 24.201108264923096, 24.28592176437378, 25.515494108200073, 24.118740272521972, 23.985379934310913, 24.126875400543213, 25.152339601516722, 24.240465688705445, 24.0791738986969, 23.9272629737854, 23.945354318618776, 24.182803916931153, 23.76036157608032, 25.876360511779787, 24.33253655433655, 24.090071201324463, 23.87617540359497, 23.896884393692016, 23.727702951431276, 23.83221092224121, 23.742791509628297, 23.64252099990845, 23.738307905197143, 23.618536853790282, 23.437544107437134, 23.421338272094726, 23.49605002403259, 23.817268419265748, 23.462705278396605, 23.51571044921875, 23.67098183631897, 23.303496265411376, 23.569603872299194, 23.41167597770691, 23.50458631515503, 23.754977798461915, 23.465913486480712, 23.25367398262024, 23.156422710418703, 23.57653045654297, 23.27302508354187, 23.258235025405884, 23.2919517993927, 23.3883074760437, 23.250682973861693, 23.03143768310547, 23.576958847045898, 23.11089143753052, 23.374368810653685, 23.409061479568482, 23.373408222198485, 23.198978090286253, 23.02611165046692, 23.103476095199586, 22.966870927810668, 23.09368872642517, 23.061045122146606, 22.967771673202513, 22.881042671203613, 22.929654693603517, 22.835156774520875, 22.980461025238036, 23.03229603767395, 22.91262803077698, 22.939806604385375, 22.939649295806884, 22.94432020187378, 22.92309203147888, 22.899335289001463, 22.944220352172852, 22.8961266040802, 22.958994960784914, 22.8133752822876, 22.87055058479309, 22.941665267944337, 23.03081855773926, 22.87123284339905, 22.85971531867981]}