{"ae_train_losses": [103.4521598815918, 54.53003120422363, 44.95642604827881, 40.024428367614746, 34.5591118812561, 30.720022010803223, 28.16506996154785, 26.35568685531616, 25.566517543792724, 25.300961208343505, 24.905214405059816, 24.876919174194335, 24.62881965637207, 24.571342277526856, 24.408710956573486, 24.30936756134033, 24.31708459854126, 24.220934772491454, 24.140977764129637, 24.099941539764405, 24.04825849533081, 24.076876163482666, 24.033919048309325, 23.909332275390625, 23.999339962005614, 23.826514434814452, 23.807022094726562, 23.69733123779297, 23.648863792419434, 23.713330459594726, 23.68063840866089, 23.62246503829956, 23.52165021896362, 23.610045146942138, 23.487935638427736, 23.298977279663085, 23.357363986968995, 23.45695743560791, 23.279138374328614, 23.274670314788818, 23.207713413238526, 23.18786725997925, 23.28359775543213, 23.110604286193848, 23.178643798828126, 23.090871047973632, 23.04972505569458, 23.025353145599365, 22.972056770324706, 23.076872539520263, 22.882963180541992, 22.850159645080566, 22.834307384490966, 22.828960800170897, 22.703475093841554, 22.693457889556885, 22.66087875366211, 22.560609149932862, 22.531536960601805, 22.490379047393798, 22.497478675842284, 22.328954124450682, 22.45952253341675, 22.317490768432616, 22.269576835632325, 22.26031551361084, 22.198200511932374, 22.0914306640625, 22.12763080596924, 22.16713743209839, 22.092013931274415, 22.012521266937256, 21.942015075683592, 21.855588912963867, 21.710879421234132, 21.773666381835938, 21.78562126159668, 21.61304473876953, 21.474083805084227, 21.502578926086425, 21.54642972946167, 21.502776050567626, 21.308315658569335, 21.35259485244751, 21.30735969543457, 21.178054428100587, 21.199808216094972, 21.207803440093993, 21.03310661315918, 21.127932357788087, 21.206504344940186, 21.12188720703125, 20.998868465423584, 20.961098289489748, 20.993768215179443, 20.884121322631835, 20.90792284011841, 20.760827350616456, 20.707214641571046, 20.679013061523438], "ae_eval_losses": [80.06648292541504, 49.53836469650268, 43.45410280227661, 41.88520450592041, 32.06408171653747, 29.57976703643799, 27.28319854736328, 25.78771104812622, 25.504922103881835, 25.097931718826295, 24.97841911315918, 24.798686361312868, 24.588767862319948, 24.46290864944458, 24.208593320846557, 24.15717945098877, 24.101531982421875, 24.489499235153197, 24.281688976287843, 24.12759737968445, 24.252865409851076, 24.063598775863646, 23.968357801437378, 23.95705623626709, 24.000203800201415, 23.929570960998536, 23.757897043228148, 23.743450975418092, 23.52051362991333, 23.71389856338501, 23.74223566055298, 23.66926293373108, 23.681228923797608, 23.49784207344055, 23.4426899433136, 23.539669227600097, 23.42352252006531, 23.33466157913208, 23.29252862930298, 23.406832361221312, 23.222801637649535, 23.12381443977356, 23.244074964523314, 23.293450450897218, 23.211537551879882, 23.163984727859496, 23.238088130950928, 23.047380447387695, 23.10630383491516, 22.990983486175537, 22.86050238609314, 22.969383335113527, 22.790255308151245, 22.801596117019653, 22.869610500335693, 22.697588872909545, 22.68828535079956, 22.607047748565673, 22.765299081802368, 22.64530653953552, 22.489115762710572, 22.543518686294554, 22.519760847091675, 22.380815744400024, 22.460835218429565, 22.41966881752014, 22.381093740463257, 22.218253326416015, 22.14980282783508, 22.20470027923584, 22.015632581710815, 22.119052505493165, 21.95875358581543, 21.922421741485596, 21.81288824081421, 21.80040612220764, 21.83518238067627, 21.63387703895569, 21.65083603858948, 21.559917068481447, 21.525769329071046, 21.347244215011596, 21.384760713577272, 21.395690298080446, 21.251339817047118, 21.30481014251709, 21.27544331550598, 21.23330545425415, 21.14074468612671, 21.19347243309021, 21.290604019165038, 21.151510810852052, 21.048200416564942, 21.027967262268067, 20.91949543952942, 21.044451189041137, 20.994234561920166, 20.906616973876954, 20.79336280822754, 20.81062808036804]}