{"ae_train_losses": [140.14503326416016, 110.59836273193359, 86.77802429199218, 67.16853256225586, 55.84204330444336, 52.184363555908206, 51.429603576660156, 49.88085784912109, 50.344050598144534, 53.10679397583008, 49.859754180908205, 48.171321868896484, 46.77501907348633, 44.85239868164062, 44.646097564697264, 43.476304626464845, 49.02871398925781, 42.5347282409668, 41.06610260009766, 42.14584121704102, 39.79459686279297, 38.165425872802736, 35.62937545776367, 34.83033142089844, 33.382208251953124, 32.58317070007324, 32.29699630737305, 31.23261604309082, 30.857140731811523, 30.04887466430664, 29.94592704772949, 29.207394790649413, 28.526368713378908, 28.869062423706055, 27.79117660522461, 27.434296798706054, 27.402875900268555, 27.02308807373047, 26.753505325317384, 27.309959411621094, 26.737702560424804, 26.34637794494629, 25.88636131286621, 26.262776184082032, 25.5854133605957, 25.9225643157959, 25.868438720703125, 25.824773025512695, 25.924388122558593, 25.598451232910158, 26.096603393554688, 25.843485260009764, 25.062349700927733, 26.278013229370117, 25.68739242553711, 25.82818260192871, 25.60048904418945, 25.70999069213867, 25.550844955444337, 25.05402526855469, 25.098041534423828, 25.572341918945312, 25.893040466308594, 25.507247161865234, 25.525139999389648, 24.65296401977539, 25.498878479003906, 24.832852172851563, 25.955376052856444, 25.202048110961915, 24.67301254272461, 24.837158584594725, 25.16215286254883, 25.135679244995117, 25.65137710571289, 25.366649627685547, 24.75046730041504, 26.33397331237793, 25.097968673706056, 24.76816291809082, 25.434672927856447, 24.86193428039551, 24.886564254760742, 25.289519119262696, 24.824603271484374, 25.063252639770507, 25.131018447875977, 23.97934684753418, 25.66089859008789, 25.484686660766602, 24.864263916015624, 24.98210678100586, 24.858069610595702, 25.5580810546875, 24.91546173095703, 24.35531349182129, 25.18521614074707, 25.10318031311035, 25.48188705444336, 24.916537475585937], "ae_eval_losses": [116.34427680969239, 101.20320644378663, 91.03221073150635, 63.18577928543091, 59.772986793518065, 64.90045595169067, 62.03843507766724, 70.37272796630859, 56.785768795013425, 60.6072678565979, 53.37823324203491, 50.05137462615967, 47.71899862289429, 48.40757989883423, 45.71744842529297, 51.54270792007446, 44.016819381713866, 43.9570987701416, 42.39587488174438, 44.559416675567626, 38.54346389770508, 36.32189865112305, 34.899717044830325, 32.805099678039554, 34.40054311752319, 31.612478828430177, 30.828239154815673, 30.22502202987671, 29.605135869979858, 29.20018277168274, 28.90791873931885, 28.229358005523682, 28.16187572479248, 27.954372453689576, 27.787016105651855, 27.159048986434936, 26.76575846672058, 26.53291449546814, 26.519795417785645, 26.2527645111084, 26.086614274978636, 25.92907404899597, 25.66877770423889, 25.826094532012938, 25.577594375610353, 25.633839178085328, 25.39747748374939, 25.324298667907716, 25.27781972885132, 25.15308337211609, 25.43517804145813, 25.710417175292967, 25.329197454452515, 25.423919582366942, 25.103104209899904, 25.115154027938843, 25.342083549499513, 25.137075471878052, 25.150281715393067, 25.014055681228637, 25.106177234649657, 25.543303632736205, 25.960922288894654, 25.208223962783812, 24.873746871948242, 25.214849424362182, 24.968017530441283, 24.90368194580078, 24.92150173187256, 25.12102279663086, 25.401099586486815, 25.263804483413697, 25.510479593276976, 25.24135732650757, 24.83386101722717, 24.719438600540162, 24.599826192855836, 24.69637613296509, 24.804213285446167, 24.60586142539978, 24.604876947402953, 24.62544207572937, 24.722744989395142, 24.781692361831666, 24.537732791900634, 24.591814279556274, 24.68767123222351, 24.905385637283324, 24.458432292938234, 24.684165668487548, 24.688314867019653, 24.60810203552246, 24.513434410095215, 24.368152332305907, 24.413907098770142, 24.643135643005373, 24.45326247215271, 24.497902393341064, 24.439039564132692, 24.70432844161987]}