{"ae_train_losses": [170.11378479003906, 173.17774963378906, 135.999755859375, 113.72953033447266, 108.26765441894531, 104.91350555419922, 103.7091064453125, 102.98282623291016, 101.44660186767578, 100.42501831054688, 97.08126068115234, 94.62684631347656, 91.36421966552734, 84.63190460205078, 77.57572174072266, 75.07653045654297, 71.84349822998047, 65.6326675415039, 62.037654876708984, 63.23293685913086, 60.35973358154297, 58.02859878540039, 56.71633529663086, 55.8651008605957, 53.81003952026367, 52.151161193847656, 53.36763381958008, 52.56040954589844, 51.624881744384766, 51.953983306884766, 52.084651947021484, 50.87007141113281, 49.64978790283203, 49.56017303466797, 50.56250762939453, 48.96002960205078, 48.70698928833008, 48.13100814819336, 47.36974334716797, 47.733436584472656, 47.59588623046875, 47.107112884521484, 46.72492980957031, 45.106082916259766, 45.3284912109375, 45.556854248046875, 45.75684356689453, 43.846435546875, 45.794647216796875, 44.574554443359375, 44.56031799316406, 44.36750030517578, 43.86015701293945, 43.825096130371094, 43.73529815673828, 43.3173713684082, 42.131507873535156, 44.323246002197266, 44.10863494873047, 43.666160583496094, 41.402976989746094, 41.380706787109375, 42.87849426269531, 41.310264587402344, 40.48940658569336, 41.46856689453125, 42.00193405151367, 39.249900817871094, 39.91698455810547, 40.5518913269043, 40.84067153930664, 38.9048957824707, 38.85305404663086, 39.38132858276367, 38.03749465942383, 37.568763732910156, 36.58596420288086, 36.27851486206055, 36.64646530151367, 36.01460266113281, 37.12742614746094, 35.678470611572266, 34.73849868774414, 34.90920639038086, 35.18577575683594, 35.17563247680664, 33.89171600341797, 34.167171478271484, 33.6572151184082, 34.882080078125, 33.0754280090332, 31.578353881835938, 32.241119384765625, 32.852725982666016, 32.777713775634766, 32.59672164916992, 31.471275329589844, 32.55185317993164, 31.774343490600586, 31.926225662231445], "ae_eval_losses": [132.43465194702148, 144.55214881896973, 134.20728034973143, 123.09577083587646, 116.15881252288818, 110.98872318267823, 107.25370121002197, 104.18889598846435, 102.25684394836426, 100.0216724395752, 97.62838878631592, 95.48658256530761, 93.6847406387329, 92.29398002624512, 90.20520706176758, 83.25238914489746, 72.53037090301514, 63.82045497894287, 59.53493022918701, 60.03296546936035, 60.043740940094, 56.93346929550171, 53.94314031600952, 51.47848234176636, 49.35115413665771, 48.82915363311768, 48.93650369644165, 49.01656904220581, 49.835446453094484, 50.304666137695314, 50.19567842483521, 49.15597858428955, 48.416410732269284, 48.46150932312012, 47.133142948150635, 48.640995502471924, 48.48673315048218, 47.64423418045044, 46.42165727615357, 45.21807775497437, 43.76873769760132, 44.039793491363525, 44.09519090652466, 45.06056699752808, 44.89202728271484, 44.160783767700195, 43.24782466888428, 43.029862785339354, 44.474810409545896, 45.04236707687378, 44.550186729431154, 43.27998352050781, 41.8727668762207, 41.26638622283936, 40.47283458709717, 41.06286773681641, 41.664057445526126, 41.898398113250735, 41.506112575531006, 40.74761343002319, 39.75792245864868, 39.09199380874634, 38.833736419677734, 39.52938776016235, 40.27609338760376, 40.00849981307984, 39.12411479949951, 38.083053493499754, 37.749001121521, 37.109382438659665, 37.89226198196411, 39.06369295120239, 39.08572645187378, 37.74579095840454, 36.52571516036987, 35.6734278678894, 35.12055368423462, 35.12176876068115, 35.707017993927, 36.34099721908569, 35.85690660476685, 34.63598194122314, 34.49744839668274, 34.449807739257814, 34.14475975036621, 33.76723661422729, 34.03873739242554, 34.585587882995604, 34.05499181747437, 33.25969176292419, 32.6743305683136, 32.206483364105225, 31.868293666839598, 31.746934366226196, 31.555590677261353, 31.570363998413086, 31.741653823852538, 31.62455220222473, 31.195722150802613, 30.965056562423705]}