{"ae_train_losses": [130.99290339152017, 76.68474102020264, 54.11844285329183, 49.29122447967529, 48.58216667175293, 52.838995933532715, 46.051195780436196, 39.76390075683594, 36.253953297932945, 33.902337392171226, 31.746166229248047, 30.4928716023763, 29.46350320180257, 28.67358620961507, 27.887647946675617, 27.42512273788452, 26.874988079071045, 26.62918186187744, 26.08533763885498, 25.82466459274292, 25.586215337117512, 25.349168300628662, 25.34910535812378, 25.00777292251587, 24.881442705790203, 24.974373022715252, 24.802743434906006, 24.56597884496053, 24.50161536534627, 24.405882676442463, 24.43073829015096, 24.37957827250163, 24.413968086242676, 24.336109002431233, 24.241008917490642, 24.302921613057453, 24.26570701599121, 24.09061861038208, 24.054333051045734, 24.191099961598713, 24.157760620117188, 24.13436158498128, 24.059874534606934, 24.04523007074992, 24.031944910685223, 24.028975168863933, 23.804490725199383, 23.883869489034016, 24.04185438156128, 23.969489415486652, 23.87218650182088, 23.941168308258057, 24.19049660364787, 24.215656598409016, 24.257022698720295, 24.168720086415608, 24.017694155375164, 23.74525324503581, 23.85399627685547, 23.707417011260986, 23.89021380742391, 24.059815406799316, 23.74085791905721, 23.755037943522137, 23.677061716715496, 23.85628541310628, 24.08174244562785, 23.9055913289388, 23.67587407430013, 23.68845542271932, 23.57550557454427, 23.62417697906494, 23.635876337687176, 23.480075200398762, 23.609519481658936, 23.634327093760174, 23.360700607299805, 23.654970328013103, 23.417474428812664, 23.36122210820516, 23.320147196451824, 23.451629956563313, 23.385804176330566, 23.49911578496297, 23.27961238225301, 23.43712568283081, 23.24345636367798, 23.312448024749756, 23.228620688120525, 23.27285035451253, 23.340288162231445, 23.246797402699787, 23.22915252049764, 23.291953245798748, 23.329728762308758, 23.290504455566406, 23.098320643107098, 23.157519658406574, 23.16800896326701, 23.26108741760254], "ae_eval_losses": [96.02686367034912, 76.67616901397705, 55.70783462524414, 52.50205183029175, 52.31343774795532, 47.50862817764282, 39.87798709869385, 38.85692462921143, 35.53600263595581, 32.952822256088254, 30.91477870941162, 30.08710684776306, 29.395632934570312, 28.20672740936279, 27.569450616836548, 26.86526312828064, 26.79146499633789, 26.42958836555481, 25.947473287582397, 25.62283101081848, 25.494285535812377, 25.20716781616211, 24.905484104156493, 24.85964798927307, 24.8870418548584, 24.649944448471068, 24.638862705230714, 24.467127656936647, 24.454327821731567, 24.44989757537842, 24.61557502746582, 24.303488063812257, 24.626808166503906, 24.459544515609743, 24.168260908126832, 24.719988441467287, 24.23581442832947, 24.09827241897583, 24.423601865768433, 24.07033052444458, 24.477857494354247, 23.835547018051148, 24.12216463088989, 24.01669888496399, 24.049453449249267, 23.7861120223999, 23.743559074401855, 23.86741681098938, 24.51642189025879, 23.967002153396606, 23.92509870529175, 23.694526195526123, 29.2959050655365, 24.493462324142456, 24.158911180496215, 24.330287218093872, 24.333144760131837, 23.696663856506348, 23.954945755004882, 23.923785972595216, 23.840848445892334, 24.075942516326904, 23.901253128051756, 23.938200330734254, 24.01978964805603, 24.030406045913697, 24.23990387916565, 23.772633457183836, 23.480170965194702, 23.702449226379393, 23.69716081619263, 23.840800523757935, 23.507287454605102, 23.60320100784302, 23.457219934463502, 23.5155348777771, 23.571485662460326, 23.448953294754027, 23.612153816223145, 23.399530172348022, 23.466708755493165, 23.372478246688843, 23.211103773117067, 23.34782862663269, 23.43582978248596, 23.502962017059325, 23.46945991516113, 23.367018508911134, 23.292873764038085, 23.30224323272705, 23.328067350387574, 23.569170904159545, 23.172359418869018, 23.194258308410646, 23.424931621551515, 23.180964469909668, 23.27829165458679, 23.152575397491454, 23.141042137145995, 23.063883781433105]}