{"ae_train_losses": [78.26013437906902, 47.395408948262535, 42.675899505615234, 38.456409772237144, 34.903601010640465, 31.41597270965576, 28.57554531097412, 26.80106496810913, 25.66965341567993, 24.909950733184814, 24.301358381907146, 23.954676151275635, 23.009671370188396, 22.43172534306844, 22.08318567276001, 21.978393872578938, 21.652093410491943, 21.44467528661092, 21.291235129038494, 21.303593158721924, 21.047306537628174, 20.9364496866862, 21.08066987991333, 20.991861820220947, 20.834650198618572, 20.81001075108846, 20.71575673421224, 20.667620340983074, 20.589824358622234, 20.549689769744873, 20.521066824595135, 20.37284294764201, 20.383649508158367, 20.47421884536743, 20.35446039835612, 20.221983750661213, 20.153632481892902, 20.053724606831867, 20.055100123087566, 20.185892899831135, 20.157307783762615, 20.049128532409668, 20.115599155426025, 20.17709271113078, 20.12159538269043, 20.07218662897746, 19.99683427810669, 19.95444329579671, 19.74168825149536, 19.845057646433514, 19.813457489013672, 19.91676918665568, 19.991790453592937, 19.81381591161092, 19.761468251546223, 19.730504194895428, 19.764267285664875, 19.694137414296467, 19.702974160512287, 19.68008550008138, 19.610467592875164, 19.50946044921875, 19.50553607940674, 19.703041235605877, 19.599220434824627, 19.57635275522868, 19.576003233591717, 19.53317991892497, 19.47917366027832, 19.524840354919434, 19.42591651280721, 19.58374834060669, 19.403111616770428, 19.312545617421467, 19.216810703277588, 19.343497435251873, 19.436327775319416, 19.37991428375244, 19.233691056569416, 19.11431821187337, 19.267696380615234, 19.228579998016357, 19.194475809733074, 19.21141481399536, 19.309971809387207, 19.276644706726074, 19.110173384348553, 19.00356912612915, 19.168547471364338, 19.158379077911377, 19.26092068354289, 19.029530207316082, 19.081312497456867, 19.195899963378906, 19.18583043416341, 19.178232351938885, 19.18425448735555, 19.101117451985676, 19.06171639760335, 19.378140449523926], "ae_eval_losses": [91.37317581176758, 45.17278995513916, 38.06607351303101, 37.23931884765625, 32.49117765426636, 29.302027702331543, 27.34352927207947, 26.094719886779785, 25.416054821014406, 24.335043096542357, 24.00924458503723, 23.686005878448487, 22.458050870895384, 22.174562692642212, 22.02125906944275, 21.529976081848144, 21.678627300262452, 21.517896127700805, 21.328480005264282, 21.145080709457396, 21.127193117141722, 20.9551824092865, 21.128484058380128, 20.86936573982239, 20.93193712234497, 20.905735778808594, 20.72106056213379, 20.75857801437378, 20.62033348083496, 20.723179388046265, 20.58307580947876, 20.478462123870848, 20.527220296859742, 20.632027769088744, 20.458855724334718, 20.392760896682738, 20.29360876083374, 20.148763990402223, 20.234750938415527, 20.400813150405884, 20.2918447971344, 20.250445652008057, 20.292575550079345, 20.312655687332153, 20.48996639251709, 20.14610333442688, 20.02864012718201, 20.17121820449829, 20.07782006263733, 20.081604385375975, 20.395429563522338, 20.220175170898436, 20.149436950683594, 20.004069662094118, 20.025728130340575, 19.980821800231933, 20.053604936599733, 19.915797233581543, 20.14616713523865, 19.95064072608948, 19.83861927986145, 19.8908549785614, 20.29138050079346, 20.123281908035278, 19.91889843940735, 19.97608232498169, 20.06327724456787, 20.043641090393066, 19.817840099334717, 19.840416049957277, 20.12398934364319, 19.89091773033142, 19.78455286026001, 19.775932693481444, 19.712282752990724, 19.822506999969484, 19.693851661682128, 19.660232639312746, 19.746526861190794, 19.685669231414796, 19.78477234840393, 19.56849036216736, 19.980145120620726, 19.779995346069335, 19.639584398269655, 19.652389907836913, 19.61660556793213, 19.553531312942503, 19.75141429901123, 19.850608253479002, 19.700170755386353, 19.7477397441864, 19.891486740112306, 19.75484609603882, 19.79172077178955, 19.6971284866333, 19.89378695487976, 19.8736825466156, 19.966165637969972, 19.55952196121216]}