{"ae_train_losses": [139.37167739868164, 77.81946563720703, 55.49505615234375, 51.39043394724528, 51.680874506632485, 49.826260566711426, 45.45534896850586, 42.1340274810791, 39.246907234191895, 36.90497620900472, 34.55253632863363, 32.548620541890465, 30.578558762868244, 29.319890022277832, 28.461888313293457, 27.690512657165527, 26.977486610412598, 26.641106128692627, 26.20698006947835, 25.968916575113933, 25.93241834640503, 25.609708150227863, 25.40929412841797, 25.30860137939453, 25.226669788360596, 24.854130268096924, 24.87215280532837, 24.944374720255535, 24.776318709055584, 24.775550365447998, 24.693548043568928, 24.553773085276287, 24.62251313527425, 24.62628173828125, 24.569756825764973, 24.45627800623576, 24.26336654027303, 24.36293872197469, 24.234809239705402, 24.44461488723755, 24.495645840962727, 24.277414162953693, 24.212965329488117, 24.014109929402668, 24.224232355753582, 24.027706146240234, 23.977012475331623, 24.12239933013916, 23.921778837839764, 24.042945226033527, 24.10370111465454, 24.039755980173748, 24.001893679300945, 24.075133323669434, 23.879501660664875, 23.830793380737305, 23.802837053934734, 23.873455842336018, 23.72353744506836, 23.88815466562907, 23.970709959665935, 23.808521429697674, 23.821683406829834, 23.68061939875285, 23.576396942138672, 23.695114294687908, 23.622002760569256, 24.263637860616047, 25.17636028925578, 25.17087682088216, 24.50534677505493, 24.057644844055176, 24.033560117085774, 23.872844378153484, 23.924099922180176, 24.093153317769367, 24.16722059249878, 23.97838242848714, 23.79585838317871, 23.864356835683186, 23.77650515238444, 23.689053535461426, 23.70891269048055, 23.784613450368244, 23.765098730723064, 23.629350344340008, 23.61710834503174, 23.80488856633504, 23.63859478632609, 23.51377073923747, 23.660371621449787, 23.585365772247314, 23.655436356862385, 23.5245041847229, 23.702568848927815, 23.694595019022625, 23.619507948557537, 23.508384704589844, 23.453899065653484, 23.575739065806072], "ae_eval_losses": [103.49812316894531, 85.89280033111572, 51.57814750671387, 47.00515918731689, 45.516373252868654, 49.47215385437012, 46.440987300872806, 39.278127384185794, 38.93779754638672, 36.596617698669434, 33.721202754974364, 31.569044971466063, 29.920818328857422, 28.766860914230346, 27.90664072036743, 27.202857875823973, 26.78318843841553, 26.22366337776184, 25.960158157348634, 26.00703558921814, 25.837605237960815, 25.36853051185608, 25.208541488647462, 25.207039308547973, 24.976594161987304, 24.881499576568604, 24.765398025512695, 24.80946054458618, 24.708092737197877, 25.16305160522461, 24.580776262283326, 24.45294828414917, 24.538176155090333, 24.590571928024293, 24.460392951965332, 24.334357976913452, 24.399121856689455, 24.2644802570343, 23.99811668395996, 24.59379372596741, 23.99614019393921, 24.045243215560912, 24.03404402732849, 24.028710317611694, 24.24499182701111, 23.915271472930907, 24.552886056900025, 23.860836362838747, 23.721814727783205, 24.11230731010437, 24.080168342590333, 24.078464603424074, 23.95276083946228, 23.880924129486083, 23.87820601463318, 23.874031829833985, 23.92782998085022, 23.547634220123292, 23.854335451126097, 24.037225341796876, 23.906644010543822, 23.849549198150633, 23.833966112136842, 23.727639198303223, 23.68145661354065, 23.651931476593017, 23.62611002922058, 91.20426893234253, 27.518718814849855, 25.025385046005248, 24.232001209259032, 24.60997247695923, 24.139253091812133, 24.077568149566652, 23.76744613647461, 24.111889266967772, 23.996531200408935, 23.671085786819457, 23.87825016975403, 23.825447225570677, 23.66382074356079, 23.827408647537233, 23.6797082901001, 23.61467719078064, 23.64245080947876, 23.589792823791505, 23.741818809509276, 23.780195665359496, 23.458624124526978, 23.484495973587038, 23.62354907989502, 23.719511938095092, 23.49129557609558, 23.419611072540285, 23.864420318603514, 23.658855676651, 23.601303100585938, 23.559310626983642, 23.57457046508789, 23.58603940010071]}