{"ae_train_losses": [106.35094604492187, 71.09431076049805, 56.41871795654297, 52.0072021484375, 49.87619857788086, 46.68070678710937, 44.74624786376953, 43.06323013305664, 40.766091918945314, 38.87297821044922, 38.03426055908203, 37.30170211791992, 35.36521987915039, 34.27174682617188, 33.68693084716797, 31.556398773193358, 31.64177894592285, 30.08104248046875, 29.74967231750488, 30.10605354309082, 28.329683303833008, 28.300152587890626, 27.223957443237303, 26.784644317626952, 26.683296585083006, 26.040027618408203, 26.07271041870117, 26.05217933654785, 25.220290756225587, 25.465355682373048, 25.454220581054688, 25.365000534057618, 25.06675910949707, 25.277851104736328, 24.68622169494629, 23.884550857543946, 23.863404083251954, 23.32319755554199, 23.196704483032228, 23.956597518920898, 24.048300170898436, 23.564390182495117, 23.52100830078125, 24.33995590209961, 23.314695358276367, 23.01576347351074, 23.61441650390625, 23.2823127746582, 23.100949859619142, 22.304318618774413, 22.429096221923828, 22.916220474243165, 22.172439956665038, 22.239678573608398, 21.96656265258789, 22.650005340576172, 22.499831008911134, 22.439585494995118, 22.383698654174804, 22.0614803314209, 22.36473388671875, 22.049146270751955, 21.914713287353514, 22.800811767578125, 22.06298408508301, 22.17343101501465, 21.895409393310548, 21.944009399414064, 21.604616165161133, 22.21764717102051, 21.773468017578125, 21.963397979736328, 22.041502380371092, 21.861272048950195, 21.57148666381836, 21.80589714050293, 21.83187828063965, 22.22039909362793, 21.38883247375488, 21.286687469482423, 21.632772827148436, 21.83067970275879, 21.54584732055664, 22.05040512084961, 21.683419036865235, 21.554179382324218, 21.744561004638673, 21.48962860107422, 21.90362091064453, 21.54567680358887, 21.488341522216796, 21.577946853637695, 21.536985778808592, 21.06449775695801, 21.392265701293944, 21.28179931640625, 21.574289321899414, 20.933248901367186, 21.5070442199707, 21.889411544799806], "ae_eval_losses": [99.05073757171631, 106.26962604522706, 89.44080638885498, 65.5576696395874, 50.665604972839354, 46.391444778442384, 52.5993091583252, 47.00493516921997, 53.78964605331421, 42.63897256851196, 41.84899587631226, 37.581954860687254, 35.28915128707886, 35.12980146408081, 32.071927833557126, 31.7865234375, 30.741739511489868, 32.996801900863645, 34.01870050430298, 29.86713066101074, 29.952594995498657, 28.44517340660095, 27.292526721954346, 27.535947036743163, 26.565168333053588, 25.952995777130127, 25.915775108337403, 25.87003650665283, 25.23966817855835, 25.070927715301515, 24.83402442932129, 24.61473512649536, 24.2544958114624, 24.581872415542602, 24.539338207244874, 24.47336826324463, 23.98374137878418, 23.394240427017213, 23.40056481361389, 23.439953565597534, 23.551627826690673, 23.291597032546996, 23.17588391304016, 23.411129903793334, 23.39080219268799, 23.6788028717041, 22.695703792572022, 23.144836473464967, 23.05454273223877, 22.74474196434021, 22.95183935165405, 22.57779207229614, 23.225235319137575, 22.565131187438965, 22.48493766784668, 22.597282457351685, 22.424313497543334, 22.637424850463866, 22.69562530517578, 22.6196888923645, 22.284287405014037, 22.057192850112916, 22.112590026855468, 22.054132843017577, 22.161451721191405, 22.124850511550903, 22.437697553634642, 22.08530912399292, 22.44748935699463, 22.309126710891725, 23.017514419555663, 22.144232845306398, 22.16912474632263, 21.876653814315794, 22.033419179916383, 22.06729202270508, 22.148551177978515, 22.259529495239256, 21.92124948501587, 22.070073461532594, 22.342541217803955, 21.72093300819397, 21.923002862930296, 21.878041458129882, 21.787953090667724, 22.01148929595947, 22.42612509727478, 21.77934341430664, 21.850612306594847, 21.87164330482483, 22.603232192993165, 21.873130893707277, 21.746924924850465, 21.508887577056885, 21.31973080635071, 21.746637868881226, 21.819270753860472, 21.71502904891968, 21.597692823410036, 21.41151237487793]}