{"ae_train_losses": [153.54402446746826, 88.78493213653564, 60.897428035736084, 52.28737783432007, 47.866230964660645, 45.31231451034546, 43.764389514923096, 42.0053825378418, 40.3632230758667, 39.04391527175903, 37.277865409851074, 35.97757959365845, 35.00259828567505, 34.515071392059326, 33.67892837524414, 32.986088275909424, 32.055734157562256, 30.937428951263428, 29.94324493408203, 29.49073314666748, 28.973220348358154, 28.588414669036865, 27.96038317680359, 27.41759705543518, 26.91388726234436, 26.458383798599243, 26.4211528301239, 26.02124571800232, 25.93595838546753, 25.615098476409912, 25.43972873687744, 25.259135484695435, 25.502567768096924, 25.272698640823364, 25.001111030578613, 25.101868629455566, 25.20719075202942, 25.321738719940186, 24.96793007850647, 25.054146766662598, 25.180667638778687, 24.966323375701904, 24.98291778564453, 24.995564460754395, 24.675166130065918, 24.607045888900757, 24.610063076019287, 24.46827244758606, 24.51001811027527, 24.392030477523804, 24.155145406723022, 24.38627028465271, 24.33085036277771, 24.546793460845947, 24.565122365951538, 24.632986545562744, 24.346121788024902, 24.537153244018555, 24.407378673553467, 24.4793701171875, 24.512980699539185, 24.3154935836792, 24.18498468399048, 24.260237216949463, 24.059905767440796, 24.176405429840088, 24.083629608154297, 24.041832447052002, 24.105494022369385, 24.194702625274658, 24.166107177734375, 24.2557110786438, 24.01328158378601, 24.00996685028076, 23.826594591140747, 23.97715711593628, 24.131950616836548, 24.20031189918518, 23.79962396621704, 23.872926473617554, 23.65725803375244, 24.044721126556396, 23.791688680648804, 23.74302363395691, 23.91029167175293, 23.77811288833618, 23.59479331970215, 23.86777138710022, 23.742996215820312, 23.682506322860718, 23.858806610107422, 23.89299988746643, 24.117544889450073, 24.458951234817505, 24.040804624557495, 23.80921721458435, 23.83067560195923, 23.838415384292603, 23.878360748291016, 23.552429676055908], "ae_eval_losses": [101.65737953186036, 97.35493965148926, 63.143288898468015, 51.59318780899048, 47.64911289215088, 44.29942483901978, 44.20039749145508, 43.14676494598389, 39.56912508010864, 38.992450904846194, 36.95820770263672, 35.84267625808716, 35.43359870910645, 34.29797353744507, 33.737690448760986, 32.93929886817932, 31.522736120224, 30.98982176780701, 30.084120655059813, 29.43831338882446, 28.701864385604857, 28.202577447891237, 27.845576095581055, 27.107691097259522, 26.836938190460206, 26.743153047561645, 26.196039056777956, 25.944945907592775, 25.700543117523193, 25.483991384506226, 25.437707090377806, 25.384532737731934, 25.605630540847777, 25.451152992248534, 25.247117471694946, 25.29120354652405, 25.34287748336792, 25.18366641998291, 25.16046199798584, 25.266725730895995, 25.180266237258913, 25.008926916122437, 25.98979787826538, 24.98052921295166, 24.715947532653807, 24.65541253089905, 24.458407068252562, 24.625932455062866, 24.42052044868469, 24.3127592086792, 24.178366136550903, 24.517248010635377, 24.77766251564026, 24.473139762878418, 24.951669025421143, 24.412976026535034, 24.32783737182617, 24.65314154624939, 24.67487163543701, 25.993943881988525, 24.60486044883728, 24.336695194244385, 24.194690895080566, 24.09744052886963, 24.117310047149658, 24.106801223754882, 24.521873235702515, 23.944316577911376, 23.945800256729125, 24.823405504226685, 24.063877487182616, 24.007836771011352, 24.13329176902771, 23.95947632789612, 23.77637333869934, 24.011479663848878, 24.662700796127318, 23.770707273483275, 23.72566728591919, 23.86034002304077, 23.70124955177307, 24.386764430999754, 23.80700550079346, 23.920305442810058, 23.781757068634032, 23.697814083099367, 23.71417875289917, 24.106769704818724, 23.850380992889406, 24.387698936462403, 23.866797828674315, 26.32548475265503, 27.42372508049011, 24.693836832046507, 23.74098138809204, 23.81836485862732, 23.975691270828246, 23.87895760536194, 23.945238733291625, 23.822642135620118]}