{"ae_train_losses": [124.20041147867839, 92.46141179402669, 59.04480775197347, 52.467560450236, 49.68518797556559, 46.32727559407552, 43.10151958465576, 39.57435862223307, 36.10308265686035, 32.89993969599406, 30.42354742685954, 28.692158857981365, 27.253544012705486, 26.482086022694904, 25.590889135996502, 24.975704669952393, 24.74723768234253, 24.595028559366863, 24.368887424468994, 24.213017145792644, 24.197248299916584, 24.17688210805257, 24.142828623453777, 23.958218415578205, 24.121600945790608, 23.772761980692547, 23.783416271209717, 23.703678766886394, 23.65476910273234, 23.502789338429768, 23.449300448099773, 23.26565647125244, 23.312782605489094, 23.103471914927166, 22.96066411336263, 22.942063013712566, 22.732445240020752, 22.71747287114461, 22.4841570854187, 22.656754811604817, 22.42168966929118, 22.442142963409424, 22.18517812093099, 22.091798464457195, 22.120473861694336, 21.926361242930096, 21.93225399653117, 21.968668778737385, 21.7729336420695, 21.78351656595866, 21.55544964472453, 21.811619917551678, 21.581073760986328, 21.532903512318928, 21.42692470550537, 21.51619593302409, 21.327199776967365, 21.331966082255047, 21.15551233291626, 21.242898146311443, 21.053280512491863, 20.974956035614014, 20.823708375295002, 20.895509084065754, 20.890068689982098, 20.910218397776287, 20.88898754119873, 20.847310066223145, 20.90824858347575, 20.934088389078777, 20.909588019053142, 20.776184399922688, 20.77175998687744, 20.618536631266277, 20.46848789850871, 20.57953675587972, 20.64943838119507, 20.597710450490315, 20.595252831776936, 20.402669270833332, 20.29140281677246, 20.335335572560627, 20.412550449371338, 20.36057456334432, 20.329583485921223, 20.268526395161945, 20.30155897140503, 20.12110169728597, 20.32905165354411, 20.226168473561604, 20.17747147878011, 20.03578519821167, 20.130889574686687, 20.071849187215168, 20.169748783111572, 20.28427044550578, 20.298248132069904, 20.02206055323283, 19.941022713979084, 20.101219336191814], "ae_eval_losses": [110.09884433746338, 87.73151760101318, 96.4919189453125, 53.75139360427856, 47.2829384803772, 42.08492555618286, 42.313967323303224, 37.77072238922119, 33.699783611297605, 32.23634991645813, 29.245698833465575, 27.72600793838501, 26.904804992675782, 25.970082378387453, 25.23641538619995, 24.61662139892578, 24.57594566345215, 24.580374002456665, 24.254543113708497, 24.356543159484865, 24.23957962989807, 24.134401988983154, 23.958520030975343, 23.748501014709472, 23.820009231567383, 23.871169662475587, 23.65658345222473, 23.57263684272766, 23.458670568466186, 23.37639274597168, 23.403915214538575, 23.282483100891113, 23.177162885665894, 23.19368968009949, 22.901645135879516, 22.98274435997009, 22.764020442962646, 22.522425842285156, 22.45981683731079, 22.61677441596985, 22.332665777206422, 22.1771032333374, 22.202525997161864, 22.087307739257813, 22.01014165878296, 21.901047897338866, 21.78600697517395, 21.92787504196167, 21.823853158950804, 21.77845549583435, 21.742774534225465, 21.800261783599854, 21.493462324142456, 21.33331823348999, 21.491880941390992, 21.28237428665161, 21.363897180557252, 21.307456541061402, 21.30010576248169, 21.19064497947693, 21.150303840637207, 21.074033737182617, 21.036149740219116, 21.123202896118165, 20.963079977035523, 21.12693338394165, 21.02827115058899, 21.103922605514526, 21.06658754348755, 20.919257497787477, 20.894585609436035, 20.7310791015625, 20.741213941574095, 20.587864112854003, 20.74839129447937, 20.55894055366516, 20.720705842971803, 20.592709875106813, 20.513045072555542, 20.43454966545105, 20.471942520141603, 20.372651529312133, 20.446769189834594, 20.34333481788635, 20.516691303253175, 20.321915006637575, 20.388038778305052, 20.488047981262206, 20.432517290115356, 20.580436658859252, 20.204940176010133, 20.280610704421996, 20.20277843475342, 20.124800777435304, 20.29064130783081, 20.450632429122926, 20.277406215667725, 20.256992721557616, 20.342023372650146, 20.220031642913817]}