{"ae_train_losses": [131.36713027954102, 59.08658838272095, 50.63469433784485, 47.68550634384155, 44.61346101760864, 40.36071419715881, 36.20571041107178, 33.95020651817322, 32.12271702289581, 30.36777091026306, 29.045704126358032, 28.283949375152588, 27.683526515960693, 27.269506096839905, 26.867720246315002, 26.291797280311584, 25.877463579177856, 25.47549545764923, 25.28060746192932, 25.072102904319763, 24.805925011634827, 24.866354942321777, 25.055236339569092, 24.97124743461609, 24.773701429367065, 24.695994019508362, 24.455561637878418, 24.471784710884094, 24.41888737678528, 24.393873691558838, 24.185119032859802, 24.215720057487488, 24.22469735145569, 24.256991982460022, 24.238781452178955, 23.99874460697174, 24.04549288749695, 24.096449971199036, 23.854743123054504, 23.961695313453674, 24.052950263023376, 23.864899396896362, 23.841552138328552, 23.963673949241638, 23.90308403968811, 23.872851490974426, 23.58635675907135, 23.63759207725525, 23.9709974527359, 23.776275277137756, 23.875327825546265, 23.768271923065186, 23.789501547813416, 23.608939290046692, 23.521015167236328, 23.794649481773376, 23.77169394493103, 23.620148539543152, 23.778916478157043, 23.736450910568237, 23.670543313026428, 23.670682907104492, 23.67878746986389, 23.354005813598633, 23.623356461524963, 23.614102363586426, 23.56409239768982, 23.50393795967102, 23.43307113647461, 23.387747049331665, 23.621058344841003, 24.206661105155945, 23.70598602294922, 23.408302664756775, 23.583389163017273, 23.397113800048828, 23.31283664703369, 23.363593816757202, 23.490851998329163, 23.424610137939453, 23.325784921646118, 23.227831721305847, 23.20182454586029, 23.26524794101715, 23.189366817474365, 23.31598448753357, 23.371737599372864, 23.300983905792236, 23.39886736869812, 23.30747675895691, 23.218695163726807, 23.210368514060974, 23.266759634017944, 23.212724804878235, 23.13607919216156, 23.115040183067322, 23.14880919456482, 23.142856121063232, 23.133684635162354, 23.17863655090332], "ae_eval_losses": [116.86795654296876, 54.0556414604187, 48.2254997253418, 45.87191200256348, 42.2985034942627, 38.54230918884277, 35.01877412796021, 33.25923776626587, 31.483457851409913, 29.79820075035095, 28.765361261367797, 28.06317710876465, 27.57541427612305, 26.984668064117432, 26.565695905685423, 25.93755865097046, 25.695148038864136, 25.234624576568603, 25.087962579727172, 24.92706718444824, 25.284443378448486, 24.77252588272095, 24.736717987060548, 24.898657464981078, 24.60011911392212, 24.725233173370363, 24.665256404876708, 24.827997350692748, 24.36263017654419, 24.513867712020875, 24.417655897140502, 24.653251934051514, 24.19454941749573, 24.451196002960206, 24.613851976394653, 23.981695032119752, 24.1027024269104, 23.95372591018677, 23.956852769851686, 24.233858585357666, 23.753759098052978, 23.864600658416748, 23.828595495224, 24.02249970436096, 23.894601678848268, 23.93508973121643, 23.60495262145996, 23.7441885471344, 24.614667701721192, 24.277780389785768, 23.728978443145753, 24.20981659889221, 23.535757780075073, 23.546010494232178, 23.965982103347777, 24.519294881820677, 23.750173902511598, 24.076549911499022, 23.809346628189086, 24.0189471244812, 23.820039224624633, 23.75876965522766, 23.596074390411378, 23.461897325515746, 23.62520718574524, 23.687691116333006, 23.81986246109009, 23.50946202278137, 23.544866371154786, 23.795232915878294, 33.532646083831786, 24.454699277877808, 23.80799469947815, 23.578857231140137, 23.304355812072753, 23.319402170181274, 23.384478950500487, 23.305094909667968, 23.63886833190918, 23.233724546432494, 23.32314577102661, 23.29729242324829, 23.32996940612793, 23.228108167648315, 23.44731149673462, 23.375002717971803, 23.5671226978302, 23.586642503738403, 23.337550115585326, 23.398262596130373, 23.261094999313354, 23.20423254966736, 23.15725431442261, 23.178213262557982, 23.099871969223024, 23.15771861076355, 23.1245578289032, 23.162750816345216, 23.185860300064085, 23.235489082336425]}