{"ae_train_losses": [192.85289001464844, 173.1970672607422, 134.99331665039062, 116.56333923339844, 111.67000579833984, 108.79772186279297, 106.81312561035156, 105.2459945678711, 103.76632690429688, 102.82384490966797, 101.15087890625, 99.67019653320312, 98.8578109741211, 97.65025329589844, 97.44097137451172, 95.07025909423828, 92.2054672241211, 90.14732360839844, 88.28494262695312, 86.3323974609375, 85.63762664794922, 82.30972290039062, 80.55001068115234, 79.72176361083984, 78.099609375, 76.93022155761719, 75.46524047851562, 74.25099182128906, 72.81316375732422, 69.95368957519531, 66.4906005859375, 64.59485626220703, 63.68875503540039, 60.14665222167969, 56.98237991333008, 62.5319709777832, 56.502113342285156, 59.0663948059082, 56.68899917602539, 53.86818313598633, 54.02614974975586, 53.52924728393555, 52.39405059814453, 53.78955078125, 52.22665023803711, 51.37071990966797, 50.09247970581055, 50.836883544921875, 48.55238342285156, 49.79230499267578, 49.23711013793945, 48.40302276611328, 47.876121520996094, 48.07001876831055, 50.56797790527344, 47.75730895996094, 48.35382843017578, 48.867034912109375, 48.01110076904297, 46.14756393432617, 47.386077880859375, 47.78351593017578, 46.01018524169922, 47.963436126708984, 47.7353401184082, 47.193626403808594, 45.21453094482422, 45.93772506713867, 46.41046905517578, 44.76522445678711, 44.73258590698242, 45.16634750366211, 43.85578155517578, 43.74505615234375, 45.35752487182617, 43.71156692504883, 43.20682907104492, 45.20041275024414, 43.1864013671875, 42.97459030151367, 42.342098236083984, 40.72271728515625, 42.13975524902344, 42.783695220947266, 41.4625244140625, 41.811824798583984, 40.49785614013672, 40.02373123168945, 41.2242431640625, 39.82786560058594, 40.51073455810547, 40.20689010620117, 38.360862731933594, 39.42652130126953, 37.93817138671875, 38.29320526123047, 37.21932601928711, 37.71358108520508, 37.05880355834961, 37.49341583251953], "ae_eval_losses": [114.17176895141601, 119.03492755889893, 112.6518461227417, 106.02864208221436, 103.63298397064209, 102.40641384124756, 101.41592330932617, 100.58265933990478, 99.92315826416015, 99.34462146759033, 99.03163566589356, 98.65412120819092, 98.33482456207275, 97.8187162399292, 96.83511295318604, 95.28182220458984, 93.61802444458007, 91.6515926361084, 89.42234020233154, 88.14742927551269, 86.37899742126464, 86.65749454498291, 84.13349800109863, 81.38849754333496, 80.70989418029785, 79.35756206512451, 78.4032196044922, 76.72088260650635, 75.37109146118163, 73.77873592376709, 72.7170238494873, 73.34720020294189, 66.81226806640625, 62.97902097702026, 63.32655820846558, 58.551396179199216, 60.50250358581543, 57.77562112808228, 53.6234034538269, 53.36258811950684, 52.07239809036255, 53.507201766967775, 56.406212425231935, 54.61682662963867, 50.92248182296753, 49.90858192443848, 49.18112735748291, 48.91714973449707, 49.627258110046384, 51.46166343688965, 51.56062202453613, 49.76197986602783, 47.78722906112671, 47.584253787994385, 48.39494724273682, 48.90017156600952, 48.2708571434021, 47.270450019836424, 46.07236471176147, 44.601766872406, 44.39833173751831, 46.33330907821655, 47.43830795288086, 46.916382789611816, 45.43887128829956, 44.22218008041382, 43.36332864761353, 43.138687419891355, 44.82904844284057, 45.797656536102295, 45.92846488952637, 44.87308959960937, 43.98665790557861, 42.86339273452759, 42.530231952667236, 43.403183174133304, 43.72723960876465, 43.77350721359253, 43.324222564697266, 42.28614168167114, 41.43669729232788, 41.263100147247314, 41.4471622467041, 41.55467834472656, 41.31606464385986, 40.9778977394104, 40.431042766571046, 39.895711708068845, 39.642248439788816, 39.666977882385254, 40.018217372894284, 40.40999345779419, 39.828650665283206, 39.02134609222412, 38.38323221206665, 38.40377235412598, 39.28056764602661, 40.06213426589966, 39.38556251525879, 37.952034854888915]}