{"ae_train_losses": [107.01196241378784, 50.872732400894165, 42.928462266922, 38.65101170539856, 36.60256266593933, 34.44056534767151, 32.04328203201294, 30.181679606437683, 28.58402645587921, 27.68622863292694, 27.097315311431885, 26.381690979003906, 25.603883862495422, 25.435964226722717, 25.238539934158325, 24.930952668190002, 24.951170563697815, 24.60736906528473, 24.554646253585815, 24.5095556974411, 24.19395625591278, 24.17620623111725, 24.316991448402405, 24.071393370628357, 23.823890328407288, 24.022017002105713, 24.041824460029602, 23.94088363647461, 23.968626737594604, 23.866985321044922, 23.770228624343872, 23.607797741889954, 23.583186984062195, 23.505361080169678, 23.403079390525818, 23.27573013305664, 23.19099259376526, 23.135236740112305, 23.160932898521423, 23.16985034942627, 22.989188313484192, 23.047630429267883, 22.98386037349701, 22.8057941198349, 22.832869052886963, 22.87212562561035, 22.86933970451355, 22.699980974197388, 22.661298513412476, 22.601114749908447, 22.620424032211304, 22.498024463653564, 22.49942684173584, 22.47190535068512, 22.570743680000305, 22.50003170967102, 22.423088669776917, 22.32352864742279, 22.31738245487213, 22.26833951473236, 22.06803011894226, 22.128700613975525, 22.075816869735718, 22.121039390563965, 22.201932549476624, 22.04873251914978, 21.88249981403351, 22.022701501846313, 21.78764772415161, 21.759904503822327, 21.88652777671814, 21.75571918487549, 21.738248467445374, 21.77440047264099, 21.663258910179138, 21.652565002441406, 21.61453628540039, 21.60036301612854, 21.658589243888855, 21.62218463420868, 21.56895625591278, 21.58965289592743, 21.48962140083313, 21.44208514690399, 21.478206872940063, 21.58577859401703, 21.434306859970093, 21.376586437225342, 21.411349773406982, 21.302170872688293, 21.47479259967804, 21.326022624969482, 21.29829227924347, 21.353867173194885, 21.23945152759552, 21.22333526611328, 21.311106324195862, 21.215120792388916, 21.176257610321045, 21.13210952281952], "ae_eval_losses": [62.248974609375, 46.88383464813232, 42.0883807182312, 38.029968643188475, 36.2742579460144, 33.60527067184448, 31.682396554946898, 29.710940885543824, 28.834999227523802, 27.312399911880494, 26.70590224266052, 26.360858583450316, 25.643303775787352, 25.28253130912781, 25.366701459884645, 25.34423017501831, 24.990291166305543, 25.011337804794312, 24.57459936141968, 24.72668342590332, 24.135140705108643, 24.222490501403808, 24.442407417297364, 24.039397192001342, 24.068218326568605, 24.292328548431396, 23.95168023109436, 23.889072513580324, 23.81483941078186, 23.835396099090577, 23.934142446517946, 23.83028655052185, 23.606385374069212, 23.7202507019043, 23.2507821559906, 23.432830715179442, 23.25821723937988, 23.014886569976806, 23.083055353164674, 23.173837995529176, 22.98885793685913, 23.161110353469848, 23.040196180343628, 23.077534341812132, 22.75468506813049, 22.88960132598877, 22.58937463760376, 22.745985794067384, 22.74287109375, 22.648817157745363, 22.58898468017578, 22.684746646881102, 22.386312246322632, 22.39652328491211, 22.557889032363892, 22.544659042358397, 22.51973423957825, 22.46915292739868, 22.676724338531493, 22.17241487503052, 22.183097267150877, 22.285953712463378, 22.411348056793212, 22.307890510559083, 22.061182928085326, 22.272536849975587, 22.020978689193726, 21.836042356491088, 21.899275398254396, 21.803188228607176, 22.058458137512208, 21.803715801239015, 21.890797519683836, 21.892064332962036, 21.723843574523926, 21.65816659927368, 21.7634316444397, 21.566085052490234, 21.65629644393921, 21.532114267349243, 21.52091817855835, 21.610253381729127, 21.545623111724854, 21.56775035858154, 21.868125200271606, 21.61715121269226, 21.578425693511964, 21.391539478302, 21.43786492347717, 21.410798692703246, 21.51283793449402, 21.30636067390442, 21.374813842773438, 21.33517484664917, 21.23669981956482, 21.318101358413696, 21.366955709457397, 21.43780975341797, 21.257039880752565, 21.189371728897093]}