{"ae_train_losses": [98.21119976043701, 51.46996574401855, 44.46329402923584, 42.49116764068604, 34.1086220741272, 30.421279621124267, 27.783996391296387, 25.836436176300047, 25.045932388305665, 24.465763282775878, 24.150148487091066, 24.15167169570923, 23.921464252471925, 23.736445236206055, 23.712667179107665, 23.606444454193117, 23.41731414794922, 23.258736228942873, 23.031966781616212, 22.809483814239503, 22.68482913970947, 22.382848453521728, 22.335402393341063, 21.995910930633546, 21.92414379119873, 21.861187171936034, 21.665968894958496, 21.48873233795166, 21.4994215965271, 21.243762302398682, 21.278352165222167, 21.063884925842284, 21.0637113571167, 21.052211189270018, 20.85268783569336, 20.853574752807617, 20.556523418426515, 20.665240573883057, 20.64581518173218, 20.460121059417723, 20.445936107635497, 20.343280124664307, 20.406319999694823, 20.3933313369751, 20.37704792022705, 20.186830234527587, 20.07803421020508, 20.212298774719237, 20.132407188415527, 20.14508399963379, 20.100355243682863, 20.08436279296875, 19.875532722473146, 19.934948635101318, 19.89109992980957, 19.84389238357544, 19.77945194244385, 19.851337146759032, 19.834063625335695, 19.81122245788574, 19.853896045684813, 19.71226634979248, 19.68150520324707, 19.458849239349366, 19.5913236618042, 19.663787364959717, 19.507308292388917, 19.486469554901124, 19.483415603637695, 19.480470657348633, 19.486083602905275, 19.52835988998413, 19.44700422286987, 19.355349731445312, 19.348886013031006, 19.408248043060304, 19.41301507949829, 19.348060417175294, 19.28070650100708, 19.234583377838135, 19.29006052017212, 19.27732334136963, 19.26540584564209, 19.195183181762694, 19.213298988342284, 19.1556037902832, 19.220904541015624, 19.193638420104982, 19.141088008880615, 19.17315788269043, 19.14204034805298, 19.190208911895752, 19.1341459274292, 19.153646183013915, 19.03094596862793, 19.11512870788574, 19.130554676055908, 19.05037832260132, 18.948040771484376, 19.009595680236817], "ae_eval_losses": [55.131776332855225, 51.75758466720581, 39.29489650726318, 34.44587464332581, 31.30457272529602, 28.693519115447998, 26.686674880981446, 25.407801485061647, 24.647549867630005, 24.344707107543947, 24.131990480422974, 24.127550220489503, 23.899444818496704, 23.84079294204712, 23.675908422470094, 23.397672367095947, 23.33776788711548, 23.35807595252991, 22.95702996253967, 23.105612325668336, 22.398073434829712, 22.478764152526857, 22.383107709884644, 21.94879674911499, 21.789372062683107, 22.17871928215027, 21.480408573150633, 21.669244861602785, 21.36283450126648, 21.35941982269287, 21.23708930015564, 21.109542226791383, 21.14971766471863, 20.926470708847045, 20.869822311401368, 20.850301933288574, 20.780386781692506, 20.622026681900024, 20.71731033325195, 20.510659790039064, 20.46122627258301, 20.38050308227539, 20.525211143493653, 20.39336061477661, 20.20317873954773, 20.259110021591187, 20.310981655120848, 20.376097249984742, 20.1747793674469, 20.157668542861938, 20.110521697998045, 20.44522123336792, 20.00555076599121, 20.152218723297118, 19.905807065963746, 19.917166709899902, 19.849076080322266, 20.09627833366394, 20.105365419387816, 19.99181995391846, 20.022032070159913, 19.813283729553223, 19.67575945854187, 19.80222969055176, 19.71724772453308, 19.74786796569824, 19.775387811660767, 19.695689630508422, 19.67607989311218, 19.734943151474, 19.687817907333375, 19.59925708770752, 19.64607353210449, 19.763691329956053, 19.60116934776306, 19.52676362991333, 19.66280770301819, 19.611455583572386, 19.531067991256712, 19.49319396018982, 19.402866697311403, 19.486497020721437, 19.5283935546875, 19.365500259399415, 19.327219200134277, 19.366913318634033, 19.45086851119995, 19.389187860488892, 19.396233987808227, 19.27305645942688, 19.403936004638673, 19.411226749420166, 19.295741701126097, 19.303050565719605, 19.352319622039794, 19.348904657363892, 19.428411960601807, 19.368424940109254, 19.21982297897339, 19.214887809753417]}