{"ae_train_losses": [113.70464668273925, 59.176225090026854, 49.11419906616211, 46.62250690460205, 39.543634223937985, 33.05211248397827, 29.262999057769775, 27.607176971435546, 26.517158603668214, 25.443957138061524, 24.684265613555908, 24.343016338348388, 24.225292873382568, 24.1389630317688, 23.774720287323, 23.537479591369628, 23.244994640350342, 23.12036304473877, 23.036123180389403, 22.770876312255858, 22.717105770111083, 22.39234380722046, 22.36584939956665, 22.07211570739746, 21.97881269454956, 21.91359386444092, 21.844576930999757, 21.634426593780518, 21.651034450531007, 21.68620252609253, 21.342430973052977, 21.39991331100464, 21.291780376434325, 21.258362293243408, 21.212182903289794, 21.140872955322266, 21.02779350280762, 20.910986137390136, 20.90474452972412, 20.928146076202392, 20.890860652923585, 20.71960210800171, 20.692292594909667, 20.65872755050659, 20.501273155212402, 20.63163528442383, 20.590350914001466, 20.41823263168335, 20.398588752746583, 20.311470127105714, 20.314497566223146, 20.15307331085205, 20.232089233398437, 20.13397388458252, 20.152937412261963, 20.206902503967285, 20.114362049102784, 20.115060997009277, 20.093544673919677, 20.01646089553833, 20.055213832855223, 19.98880043029785, 19.942882537841797, 19.736877918243408, 19.84890995025635, 19.89212837219238, 19.80973262786865, 19.805167293548585, 19.746541690826415, 19.874531555175782, 19.86643257141113, 19.823997974395752, 19.832397365570067, 19.838772773742676, 19.724704360961915, 19.758532524108887, 19.57259511947632, 19.683565425872803, 19.540184593200685, 19.590288734436037, 19.556809997558595, 19.539406394958498, 19.491622829437254, 19.46552257537842, 19.391252708435058, 19.39904651641846, 19.45274543762207, 19.338344764709472, 19.249669742584228, 19.20229892730713, 19.328767776489258, 19.34647903442383, 19.29193172454834, 19.321099758148193, 19.23673734664917, 19.177524471282958, 19.255683135986327, 19.234568977355956, 19.151284217834473, 19.226123237609862], "ae_eval_losses": [100.87749328613282, 65.91262102127075, 47.66703062057495, 42.85552358627319, 36.02513761520386, 30.800370168685912, 28.23482165336609, 26.99819598197937, 26.05311369895935, 24.789212942123413, 24.44651288986206, 24.154100227355958, 24.06012358665466, 23.751095485687255, 23.57032713890076, 23.24902138710022, 23.170287466049196, 22.97950921058655, 22.911284065246583, 22.71262550354004, 22.420441722869874, 22.475243186950685, 22.07308268547058, 22.165885257720948, 21.886677837371828, 22.095305252075196, 21.55281901359558, 21.455832290649415, 21.485028743743896, 21.309321069717406, 21.456375455856325, 21.3112361907959, 21.07226014137268, 21.393910312652586, 20.904409551620482, 21.180736780166626, 20.943725109100342, 20.92534132003784, 20.875395822525025, 21.085981035232543, 20.6347797870636, 20.72895493507385, 20.79446439743042, 20.72232093811035, 20.885315227508546, 20.43944444656372, 20.34541344642639, 20.296598815917967, 20.338792514801025, 20.36072416305542, 20.21072039604187, 20.30667734146118, 20.390925073623656, 20.150225019454957, 20.153735637664795, 20.32161808013916, 20.265205144882202, 20.18219699859619, 20.101646518707277, 20.214705896377563, 20.00251865386963, 20.22619471549988, 19.935547065734863, 19.984517192840578, 19.963613986968994, 19.96219687461853, 19.8336238861084, 19.94250807762146, 19.86684513092041, 20.025914859771728, 19.857436418533325, 19.735706186294557, 19.8438759803772, 19.76220259666443, 19.75267267227173, 19.724305963516237, 19.729344749450682, 19.539264488220216, 19.770138597488405, 19.6479371547699, 19.599123764038087, 19.73418970108032, 19.504629373550415, 19.612540006637573, 19.565851354598998, 19.50642247200012, 19.78530111312866, 19.610266065597536, 19.40118451118469, 19.336610412597658, 19.43347039222717, 19.524100923538207, 19.365643405914305, 19.375729703903197, 19.512949991226197, 19.36881227493286, 19.477739000320433, 19.261052989959715, 19.23010997772217, 19.357198858261107]}