{"ae_train_losses": [125.6329755783081, 91.31205463409424, 61.73417377471924, 53.175729751586914, 51.770450592041016, 49.555217266082764, 46.40210962295532, 43.59315776824951, 41.13867902755737, 38.484177589416504, 36.034752368927, 33.54678201675415, 31.79332995414734, 30.80432438850403, 29.681098699569702, 28.647578477859497, 27.730478763580322, 26.97606897354126, 26.171977281570435, 25.710293769836426, 25.343364715576172, 25.243915796279907, 24.92330002784729, 24.81426763534546, 24.60942506790161, 24.33449387550354, 24.34277033805847, 24.051968336105347, 23.98086142539978, 24.050395965576172, 23.866358757019043, 23.842427253723145, 23.60005784034729, 23.607621669769287, 23.436396598815918, 23.450536012649536, 23.302806854248047, 23.384023427963257, 23.198124885559082, 23.084273099899292, 22.822909593582153, 22.966123342514038, 22.78653049468994, 22.8694326877594, 22.711141109466553, 22.611549854278564, 22.533847332000732, 22.38383722305298, 22.436026334762573, 22.307191371917725, 22.38624906539917, 22.27396583557129, 22.103979349136353, 22.00615620613098, 21.888208627700806, 22.024258852005005, 22.08030915260315, 22.085533142089844, 21.77925992012024, 21.697466611862183, 21.599048614501953, 21.41907548904419, 21.42804503440857, 21.421608686447144, 21.338018894195557, 21.403496742248535, 21.24166202545166, 21.108516693115234, 21.10147714614868, 21.23862338066101, 21.116641998291016, 21.105525970458984, 21.005085229873657, 21.091720581054688, 20.865269660949707, 20.87822699546814, 20.909149646759033, 20.837493181228638, 20.889101028442383, 20.801392316818237, 20.68402934074402, 20.74191117286682, 20.79526424407959, 20.692299127578735, 20.595133781433105, 20.60657811164856, 20.688812971115112, 20.414180040359497, 20.380978107452393, 20.52001953125, 20.617717266082764, 20.562968492507935, 20.46034288406372, 20.239331007003784, 20.359570264816284, 20.233158588409424, 20.24662494659424, 20.369734048843384, 20.263527631759644, 20.255653142929077], "ae_eval_losses": [104.59930667877197, 107.91989421844482, 66.40801343917846, 56.265451717376706, 71.90860939025879, 57.46512336730957, 45.15375337600708, 42.773862266540526, 39.710178470611574, 34.89144639968872, 33.081782531738284, 31.46004695892334, 31.78425531387329, 29.528470373153688, 28.513128662109374, 27.95386528968811, 26.658318853378297, 26.314785718917847, 25.861861991882325, 25.319931983947754, 25.21510968208313, 25.14339237213135, 24.942428874969483, 24.618737983703614, 24.470674085617066, 24.40583372116089, 24.286043214797974, 24.080152606964113, 23.988847780227662, 23.84075574874878, 23.7867329120636, 23.68657488822937, 23.637502574920653, 23.572743272781373, 23.489064359664916, 23.354831314086915, 23.35419120788574, 23.12679877281189, 23.197197437286377, 23.188610315322876, 22.928937721252442, 22.878038120269775, 22.901338624954224, 22.89719352722168, 22.796716117858885, 22.63367328643799, 22.489135694503783, 22.534547328948975, 22.40020170211792, 22.205296087265015, 22.24559540748596, 22.438407325744627, 22.294276094436647, 22.007752895355225, 22.065076398849488, 22.645381355285643, 22.35517010688782, 21.981262540817262, 22.021157646179198, 21.76787667274475, 21.73589172363281, 21.828789615631102, 21.521652126312254, 21.55292444229126, 21.67452621459961, 21.537220239639282, 21.34448790550232, 21.293118286132813, 21.355389070510864, 21.455735826492308, 21.251869487762452, 21.305774116516112, 21.302361583709718, 21.34555959701538, 21.05203766822815, 21.02299928665161, 21.147266244888307, 21.22360692024231, 21.067429304122925, 21.28858880996704, 21.05793113708496, 20.87834997177124, 20.92580590248108, 20.905044555664062, 20.963769388198852, 20.895357942581178, 20.75522518157959, 20.774957513809206, 20.891307878494263, 20.951732301712035, 21.037649822235107, 20.77015414237976, 20.537681341171265, 20.740725708007812, 20.59519281387329, 20.580111360549928, 20.693185663223268, 20.580118656158447, 20.75025005340576, 20.4893807888031]}