{"ae_train_losses": [131.23635864257812, 162.80625915527344, 123.72818756103516, 101.6960220336914, 89.16067504882812, 78.508544921875, 70.95606231689453, 67.45265197753906, 63.951171875, 60.71434020996094, 58.12846374511719, 56.22104263305664, 54.20625305175781, 54.37051773071289, 51.57418441772461, 50.74168014526367, 49.83994674682617, 48.23067092895508, 47.69769287109375, 45.30304718017578, 49.183563232421875, 44.134456634521484, 43.63262939453125, 43.55141067504883, 44.22197341918945, 42.57548904418945, 42.24440383911133, 40.72110366821289, 40.08698272705078, 41.367576599121094, 39.36896514892578, 38.35147476196289, 36.856689453125, 36.65054702758789, 36.10041809082031, 35.335853576660156, 35.37234878540039, 34.46290588378906, 33.35380172729492, 33.17311096191406, 32.570594787597656, 32.27669906616211, 31.70823097229004, 30.93739128112793, 30.515792846679688, 30.96648406982422, 30.587459564208984, 29.550580978393555, 28.85069465637207, 29.007591247558594, 29.986440658569336, 27.654062271118164, 27.68405532836914, 27.698408126831055, 26.83875846862793, 27.496877670288086, 27.12676239013672, 27.20804214477539, 26.03141975402832, 26.288408279418945, 27.21805191040039, 24.843875885009766, 25.516942977905273, 25.105873107910156, 25.293413162231445, 25.11139678955078, 25.139461517333984, 24.93962860107422, 24.03057861328125, 23.914541244506836, 24.6348876953125, 24.508983612060547, 24.342546463012695, 23.458158493041992, 23.1382999420166, 23.713138580322266, 23.05913734436035, 23.224855422973633, 22.41538429260254, 22.465932846069336, 22.181381225585938, 22.033315658569336, 23.402067184448242, 21.90431022644043, 22.549560546875, 22.127695083618164, 22.11676788330078, 21.894243240356445, 21.206966400146484, 21.338241577148438, 20.892005920410156, 21.65880584716797, 20.696353912353516, 20.476404190063477, 21.773420333862305, 19.83818817138672, 20.070045471191406, 20.52412986755371, 20.122631072998047, 20.535167694091797], "ae_eval_losses": [152.9240295410156, 155.43070449829102, 142.90624351501464, 131.0800510406494, 118.67118988037109, 111.78436374664307, 104.72894687652588, 93.35116539001464, 82.09850616455078, 71.38777179718018, 61.17864637374878, 56.34342632293701, 54.30130252838135, 51.85367336273193, 49.33271894454956, 47.21719207763672, 45.587734127044676, 44.28227920532227, 43.293052959442136, 42.39133024215698, 42.94599714279175, 43.41180782318115, 43.98457202911377, 43.241823768615724, 42.19022750854492, 40.96495761871338, 39.37279624938965, 38.06721277236939, 37.34073209762573, 37.16005144119263, 36.87569389343262, 36.57882499694824, 36.31203193664551, 36.372531223297116, 35.52792100906372, 34.660383987426755, 34.16999521255493, 33.453856992721555, 33.06741771697998, 32.6167227268219, 32.09562435150146, 32.069342041015624, 32.01683931350708, 31.875583124160766, 31.45245018005371, 31.386543655395506, 31.196642112731933, 31.371223592758177, 31.270647859573366, 30.87317509651184, 30.342487859725953, 30.070156717300414, 29.63042755126953, 29.628981018066405, 29.649244403839113, 29.814172744750977, 29.699476289749146, 29.37066431045532, 29.18704810142517, 28.833191013336183, 28.60492548942566, 28.700583124160765, 28.68931641578674, 28.675216388702392, 28.82702112197876, 28.827453088760375, 28.607762575149536, 28.403080177307128, 28.43763437271118, 28.463932847976686, 28.386322689056396, 28.399186372756958, 28.39326047897339, 28.230984020233155, 28.070419120788575, 28.011339569091795, 28.024320983886717, 27.998245811462404, 28.054201507568358, 27.994283199310303, 27.895215606689455, 27.7534019947052, 27.627260303497316, 27.765317153930663, 27.796425533294677, 27.744718933105467, 27.576177263259886, 27.529246234893797, 27.45493984222412, 27.55524401664734, 27.580807828903197, 27.546331453323365, 27.52041015625, 27.361188840866088, 27.29282112121582, 27.329539394378664, 27.540130376815796, 27.74979019165039, 27.86473889350891, 27.792921686172484]}