{"ae_train_losses": [145.67592163085936, 100.98900756835937, 90.82527770996094, 77.40132751464844, 62.454891204833984, 53.8951530456543, 52.35212097167969, 50.42288818359375, 48.32082824707031, 46.990899658203126, 45.12522964477539, 44.23642120361328, 43.14908294677734, 43.9530647277832, 42.34633865356445, 41.88075180053711, 40.156011962890624, 38.49659805297851, 36.24357376098633, 35.43748931884765, 34.63919372558594, 33.33081283569336, 31.69788017272949, 31.14217300415039, 31.22656707763672, 30.344427490234374, 29.652708435058592, 29.419221496582033, 29.492201232910155, 28.79063301086426, 28.572740173339845, 29.140882110595705, 28.286647415161134, 27.46208953857422, 28.112109375, 27.420421600341797, 27.02812614440918, 27.52325859069824, 27.083863067626954, 26.638471603393555, 26.54018630981445, 26.830390548706056, 26.723233032226563, 27.14527359008789, 26.15496063232422, 26.219628143310548, 26.432535552978514, 25.602959823608398, 26.018191146850587, 26.41903076171875, 26.856586837768553, 26.101298904418947, 25.564813995361327, 25.376410293579102, 25.566413497924806, 25.62269172668457, 25.824292373657226, 25.992806243896485, 26.45409812927246, 25.938134765625, 26.91933250427246, 26.077032470703124, 25.726324462890624, 25.969566345214844, 25.431855392456054, 25.631041717529296, 25.18608283996582, 25.199241638183594, 25.9778076171875, 25.750296783447265, 25.063504028320313, 25.69338493347168, 25.8561767578125, 25.221240234375, 25.236268615722658, 25.3336238861084, 24.697464370727538, 25.299710083007813, 24.97895278930664, 25.11305465698242, 25.7062744140625, 26.08639907836914, 25.33829574584961, 24.75160026550293, 25.670634078979493, 24.851941680908205, 24.879070663452147, 25.698433685302735, 25.241940307617188, 25.50911674499512, 24.938026428222656, 25.35666732788086, 25.159950256347656, 24.95600471496582, 25.366575622558592, 25.586507034301757, 24.874377822875978, 25.659016036987303, 24.994541931152344, 25.558853149414062], "ae_eval_losses": [106.05202178955078, 94.87203044891358, 87.54796600341797, 84.95015239715576, 67.58257484436035, 68.11651554107667, 63.335629081726076, 55.32992668151856, 51.744362926483156, 53.61177368164063, 45.9448320388794, 45.08329277038574, 46.43144626617432, 44.89608917236328, 45.68974409103394, 38.277366161346436, 37.41027860641479, 35.76107912063598, 35.7507942199707, 34.44580516815186, 32.953280448913574, 34.923988342285156, 34.96020069122314, 31.22450966835022, 32.2477765083313, 31.23198471069336, 29.57445344924927, 30.34006290435791, 29.19594473838806, 29.02439942359924, 28.727463960647583, 28.49668960571289, 28.147912740707397, 28.637979745864868, 27.70859112739563, 26.960860633850096, 27.409819555282592, 27.314649868011475, 27.233990955352784, 26.477821493148802, 26.322475957870484, 26.83727684020996, 27.414939594268798, 26.997879934310912, 26.214505100250243, 26.575360774993896, 26.5499014377594, 26.104762029647826, 26.193026065826416, 26.67434492111206, 26.035652446746827, 26.076820421218873, 25.642848443984985, 25.9363374710083, 25.65930848121643, 25.617298698425294, 25.956923627853392, 25.722505617141724, 25.898328447341918, 26.338520765304565, 25.876665306091308, 25.572947788238526, 25.690066003799437, 25.541021203994752, 25.777786588668825, 25.478400325775148, 25.164826488494874, 25.69001784324646, 25.622816038131713, 25.145411729812622, 25.375394296646117, 26.16103940010071, 25.56950125694275, 25.218802833557127, 25.251025009155274, 25.432213640213014, 25.604309797286987, 25.536065816879272, 25.928404903411867, 25.59076519012451, 25.3305712223053, 25.474109268188478, 25.239397382736207, 25.097126531600953, 24.891302347183228, 25.233647727966307, 25.195293712615968, 25.26444058418274, 24.903136110305788, 24.797769403457643, 25.520380067825318, 25.218769454956053, 25.13010354042053, 24.855503845214844, 24.81090121269226, 24.875425148010255, 24.681083250045777, 24.786323499679565, 25.00411190986633, 25.170477676391602]}