{"ae_train_losses": [138.51906127929686, 102.8791000366211, 88.36409606933594, 66.280859375, 57.706414794921876, 53.73433151245117, 52.044654846191406, 50.02131271362305, 48.756211853027345, 48.41876220703125, 45.34336853027344, 43.91237258911133, 43.578528594970706, 42.57259902954102, 40.57729644775391, 38.4071044921875, 37.453671264648435, 35.61288909912109, 33.928910446166995, 33.50295562744141, 33.265245056152345, 32.79317779541016, 31.277199935913085, 31.478248596191406, 33.89575004577637, 30.84233283996582, 30.135155487060548, 29.657307434082032, 30.446404266357423, 28.18995590209961, 28.333877563476562, 27.10196876525879, 26.500798797607423, 25.91176872253418, 25.794334411621094, 25.615091705322264, 25.313255310058594, 25.581092834472656, 25.135025787353516, 26.017546463012696, 25.010570526123047, 24.828166198730468, 24.894030380249024, 25.487926864624022, 24.796698379516602, 24.687919235229494, 24.597392654418947, 24.533507537841796, 24.45732765197754, 24.46919403076172, 24.958119583129882, 24.749552536010743, 24.693852996826173, 24.444391632080077, 25.053215789794923, 25.319382858276366, 24.996126556396483, 24.753126525878905, 25.07298698425293, 25.015578079223634, 25.634293365478516, 24.98532371520996, 24.403770446777344, 25.185400009155273, 25.39364547729492, 25.279926681518553, 24.78934440612793, 24.729802703857423, 24.728212356567383, 24.52738037109375, 24.37500915527344, 25.159786987304688, 24.499079513549805, 24.340029907226562, 24.373257064819335, 24.407856750488282, 23.668532943725587, 24.395130920410157, 23.926921081542968, 24.093318939208984, 24.16000747680664, 24.803278350830077, 24.404845809936525, 23.37327461242676, 24.908712768554686, 24.16920166015625, 23.84286575317383, 24.188034439086913, 24.284083557128906, 24.276129913330077, 24.234083938598634, 24.154583358764647, 23.82674560546875, 23.932481384277345, 23.829074096679687, 24.802421951293944, 24.27203369140625, 24.06609687805176, 23.94147071838379, 24.102783203125], "ae_eval_losses": [114.29122104644776, 100.81394386291504, 106.73274688720703, 66.96396684646606, 66.59934167861938, 80.01944885253906, 66.91569080352784, 61.082367992401124, 59.36807909011841, 50.801630115509035, 52.40049648284912, 43.622510719299314, 44.750255489349364, 39.43830528259277, 38.28873701095581, 35.39846339225769, 35.63062620162964, 34.442984676361085, 32.981662607192995, 33.39702658653259, 34.018688106536864, 31.431620502471922, 32.47108759880066, 33.70727100372314, 31.946242809295654, 30.904335069656373, 29.25477476119995, 30.21423625946045, 28.468759059906006, 27.90077962875366, 27.490112161636354, 26.54415726661682, 26.35150055885315, 26.09074697494507, 25.965726137161255, 25.587204265594483, 25.69238963127136, 25.53218936920166, 25.368134546279908, 25.342811822891235, 25.168378591537476, 25.22815580368042, 25.411187887191772, 25.318723487854005, 25.155327606201173, 25.00781421661377, 24.738347816467286, 24.76882185935974, 24.82634754180908, 24.84435029029846, 24.691643285751343, 24.706289291381836, 24.586489725112916, 24.89170060157776, 25.06761255264282, 24.88726439476013, 24.757706212997437, 24.885848140716554, 24.947615766525267, 24.93310170173645, 24.982197332382203, 24.84173731803894, 24.73061637878418, 25.478267097473143, 25.24887971878052, 25.162857341766358, 24.750816440582277, 24.690466737747194, 24.53091354370117, 24.394951629638673, 24.3201856136322, 24.46244888305664, 24.61905770301819, 24.482658529281615, 24.392248678207398, 24.45554127693176, 24.44096169471741, 24.331232404708864, 24.15677399635315, 24.071849966049193, 24.347813224792482, 24.344055318832396, 24.14244556427002, 24.209622049331664, 24.03960962295532, 24.175673723220825, 24.265483236312868, 24.378741979599, 24.231303453445435, 24.04652452468872, 24.04185848236084, 24.04336562156677, 23.92579221725464, 24.008269023895263, 24.306546449661255, 24.080904626846312, 24.07172393798828, 23.984246253967285, 24.07441391944885, 24.0606059551239]}