{"ae_train_losses": [117.3894214630127, 57.90505790710449, 50.63684558868408, 46.4881986618042, 42.382596015930176, 37.96768569946289, 34.11865768432617, 30.96915912628174, 29.13239154815674, 28.048094940185546, 27.196040630340576, 26.449339866638184, 26.046104526519777, 25.641648483276366, 25.421117782592773, 25.185040855407713, 24.807831859588624, 24.884692001342774, 24.756014156341553, 24.67625789642334, 24.616681861877442, 24.588588333129884, 24.494467067718507, 24.343471431732176, 24.339293479919434, 24.32323875427246, 24.278557109832764, 24.210500049591065, 24.146647644042968, 24.222620487213135, 24.340086364746092, 24.15343885421753, 24.347959804534913, 23.995584869384764, 23.931246089935303, 23.958843994140626, 23.96121530532837, 23.933079719543457, 24.183673858642578, 24.45624723434448, 24.181014156341554, 24.18235788345337, 23.9902624130249, 23.935471725463866, 23.881063747406007, 23.935976219177245, 24.104094219207763, 23.88957452774048, 23.90938310623169, 23.92597379684448, 23.738628005981447, 23.578183364868163, 23.72234992980957, 23.727305030822755, 23.686162090301515, 23.624183559417723, 23.715301704406738, 23.487714767456055, 23.65032739639282, 23.50984239578247, 23.500598621368407, 23.457252311706544, 23.409101963043213, 23.40831775665283, 23.589885330200197, 23.507034587860108, 23.43895540237427, 23.347599697113036, 23.355602073669434, 23.369827938079833, 23.471169185638427, 23.450508022308348, 23.37893400192261, 23.23829221725464, 23.36858711242676, 23.378841876983643, 23.389540481567384, 23.37465343475342, 23.28626184463501, 23.370786094665526, 23.147999000549316, 23.21345720291138, 23.204196643829345, 23.166011142730714, 23.085059547424315, 23.171444606781005, 23.30563669204712, 23.016336536407472, 23.00127534866333, 23.008073139190675, 23.252331447601318, 23.082371616363524, 23.03079147338867, 23.07065620422363, 23.032915115356445, 23.13382577896118, 23.120749950408936, 23.10493383407593, 22.942743396759035, 23.001483345031737], "ae_eval_losses": [120.97588081359864, 50.8276650428772, 50.01342849731445, 41.63455581665039, 39.049682426452634, 35.842200946807864, 32.77681798934937, 30.00877046585083, 28.468494510650636, 27.41486701965332, 26.887489318847656, 26.700255107879638, 25.64502935409546, 25.478732967376708, 25.238762617111206, 24.945045757293702, 24.982569408416747, 24.712722063064575, 24.608063745498658, 24.432385540008546, 24.571780729293824, 24.470315647125243, 24.25153856277466, 24.2859308719635, 24.35041813850403, 24.413743591308595, 24.21416425704956, 23.95837550163269, 23.966212797164918, 23.948111057281494, 24.981059885025026, 24.373475360870362, 24.003312253952025, 24.222397804260254, 23.832161712646485, 23.80918378829956, 23.969508695602418, 24.125947093963624, 32.34789934158325, 24.416209125518797, 24.162540483474732, 24.02038993835449, 24.020234060287475, 23.783052110671996, 23.766904258728026, 24.25979208946228, 23.83212881088257, 23.834109163284303, 23.8761137008667, 23.744092082977296, 23.380097770690917, 23.625428867340087, 23.661109924316406, 23.54837727546692, 23.59276509284973, 23.425366640090942, 23.38204231262207, 23.66149444580078, 23.46957631111145, 23.55893979072571, 23.500625228881837, 23.57628426551819, 23.511155796051025, 23.35525813102722, 23.349342012405394, 23.432967281341554, 23.303534603118898, 23.266607999801636, 23.28714566230774, 23.473226404190065, 23.446418476104736, 23.262256336212157, 23.197533130645752, 23.158446502685546, 23.32384648323059, 23.241864585876463, 23.235321283340454, 23.07218747138977, 23.29501814842224, 23.090753984451293, 23.11576638221741, 23.119313764572144, 22.95656108856201, 23.1118070602417, 23.03245930671692, 23.33524708747864, 23.066847324371338, 23.078767204284667, 23.13884925842285, 22.99217758178711, 23.006402921676635, 22.892025232315063, 23.040232515335084, 22.90816464424133, 23.12144284248352, 22.984328174591063, 22.961134147644042, 22.928685092926024, 22.90173649787903, 22.862005710601807]}