{"ae_train_losses": [177.95997467041016, 105.55475158691407, 92.09214630126954, 77.22645721435546, 64.65486221313476, 59.92830581665039, 55.094564056396486, 54.05576629638672, 51.960157012939455, 49.23235549926758, 51.248652648925784, 50.69971542358398, 48.969903564453126, 47.1149398803711, 47.117916870117185, 44.38109588623047, 44.07413330078125, 42.86258239746094, 41.734378814697266, 42.977256774902344, 40.0297134399414, 38.900553131103514, 38.35723342895508, 38.072985076904295, 38.06663055419922, 36.753962707519534, 35.568112182617185, 35.03712921142578, 32.96288299560547, 32.64899253845215, 32.14222755432129, 32.51267433166504, 32.59481925964356, 32.60871353149414, 30.92288475036621, 30.73990478515625, 30.5924129486084, 29.561314010620116, 28.886357498168945, 29.262827682495118, 29.50301628112793, 29.024983596801757, 28.30357208251953, 29.512030029296874, 28.103916931152344, 27.644277572631836, 27.9758544921875, 28.083284378051758, 27.531634521484374, 27.852748489379884, 27.519677734375, 28.182205581665038, 27.43807945251465, 27.04912872314453, 26.556896591186522, 26.875469970703126, 26.75091667175293, 26.57685546875, 26.533489608764647, 26.71204528808594, 26.101612091064453, 26.220256423950197, 26.394093704223632, 27.014366149902344, 26.626838302612306, 26.472676849365236, 26.193674087524414, 26.04106903076172, 25.90378189086914, 26.44878158569336, 26.83130226135254, 26.47482795715332, 26.468552780151366, 26.480436706542967, 26.27942657470703, 26.074602127075195, 25.443589401245116, 26.353604888916017, 25.828114700317382, 25.61003303527832, 25.097024154663085, 25.54119453430176, 25.598647689819337, 26.561909484863282, 25.99733123779297, 26.00774383544922, 25.93498992919922, 25.97455711364746, 26.532177734375, 26.332486724853517, 26.306645965576173, 25.926860809326172, 26.200981903076173, 25.572573852539062, 25.514283752441408, 25.585900115966798, 25.65840377807617, 24.681695175170898, 25.346743774414062, 26.148992156982423], "ae_eval_losses": [111.10995540618896, 103.60082130432129, 96.56542949676513, 96.87697410583496, 74.33775310516357, 73.1404049873352, 60.008484268188475, 62.672198963165286, 50.888307762146, 49.20528373718262, 52.06530075073242, 53.07468605041504, 46.78416376113891, 45.20340423583984, 44.57654285430908, 57.65067958831787, 52.76808032989502, 47.775030040740965, 44.37824373245239, 43.659350299835204, 39.476172637939456, 38.01834650039673, 39.355832195281984, 37.1090428352356, 35.978353881835936, 36.87949695587158, 35.65058345794678, 33.987851524353026, 32.97592377662659, 32.209075927734375, 32.21408853530884, 32.34292106628418, 31.17733769416809, 30.815738582611083, 30.586245203018187, 30.621810007095338, 30.163298892974854, 29.63496379852295, 29.42276797294617, 29.301919174194335, 28.39494276046753, 28.64706153869629, 29.123033666610716, 28.570293998718263, 28.364640045166016, 28.33580265045166, 27.70628504753113, 28.080808448791505, 27.713587093353272, 27.62089114189148, 27.246472549438476, 27.544442415237427, 27.18272705078125, 26.67231559753418, 26.912174940109253, 27.23833203315735, 26.924907875061034, 27.776232099533082, 27.054026460647584, 26.829106426239015, 26.368694448471068, 26.996528768539427, 26.672606325149538, 26.75147705078125, 26.12156744003296, 26.18886637687683, 27.95717611312866, 27.067060470581055, 26.04677610397339, 26.80412850379944, 27.1260947227478, 26.623171091079712, 26.717195177078246, 26.46937265396118, 25.572605752944945, 25.955368947982787, 25.53191590309143, 26.181825351715087, 27.427020502090453, 26.19479012489319, 25.717315912246704, 25.46170320510864, 25.98459873199463, 25.74095664024353, 25.44805974960327, 25.482173347473143, 25.85012369155884, 27.10253772735596, 26.430924892425537, 26.24798216819763, 26.433681535720826, 26.344169521331786, 26.051544189453125, 25.635119438171387, 25.10933108329773, 25.41644787788391, 25.115014171600343, 25.736353731155397, 25.10046625137329, 25.162907361984253]}