{"ae_train_losses": [122.58088874816895, 78.76827653249104, 54.81134192148844, 49.14030742645264, 51.242380460103355, 46.21931393941244, 41.672919273376465, 38.08507537841797, 34.338476498921715, 31.783807913462322, 30.155530611673992, 29.00288661321004, 28.200403054555256, 27.29319890340169, 26.345448970794678, 25.75797971089681, 25.33314259847005, 25.15855900446574, 25.013765335083008, 24.913127899169922, 24.656775951385498, 24.582377274831135, 24.50176731745402, 24.548603693644207, 24.434820969899494, 24.433679898579914, 24.37528959910075, 24.405871550242107, 24.36701504389445, 24.2346936861674, 24.138409455617268, 24.21677875518799, 24.006014347076416, 24.08878469467163, 24.139626026153564, 24.25464614232381, 24.03986183802287, 23.98974339167277, 23.970002969106037, 23.988826115926106, 24.061926523844402, 23.942467371622723, 23.897974967956543, 23.815579255421955, 23.976166248321533, 23.858232975006104, 23.92191282908122, 24.033753236134846, 23.83472474416097, 23.75079870223999, 23.619621912638348, 23.605483373006184, 23.627262433369953, 23.621527036031086, 23.5432554880778, 23.6287841796875, 23.495688438415527, 23.51144504547119, 23.607334931691486, 23.73651917775472, 23.473278522491455, 23.53537368774414, 23.480913321177166, 23.474416573842365, 23.488858222961426, 23.39408318201701, 23.41521708170573, 23.47283871968587, 23.265246232350666, 23.43041165669759, 23.378193696339924, 23.349694569905598, 23.322453022003174, 23.370298544565838, 23.20539379119873, 23.22232723236084, 23.245198249816895, 23.24879201253255, 23.29084825515747, 23.178044478098553, 23.437527815500896, 23.160179615020752, 23.05453093846639, 23.217617511749268, 23.1140193939209, 23.16779677073161, 23.173312346140545, 23.1124210357666, 22.986183007558186, 23.036157608032227, 23.027669111887615, 23.166449228922527, 23.315101782480877, 23.355868816375732, 23.26694393157959, 23.283997058868408, 22.968000570933025, 23.217321554819744, 23.066455841064453, 23.105345408121746], "ae_eval_losses": [97.29052047729492, 74.78606395721435, 57.53708162307739, 50.35058126449585, 59.77679634094238, 43.487876415252686, 39.72672910690308, 37.11739358901978, 32.317940139770506, 30.634242010116576, 29.480399942398073, 28.405006980895998, 27.855629014968873, 26.69388589859009, 26.19560432434082, 25.470141220092774, 25.368428421020507, 25.240544652938844, 24.90355920791626, 24.894205570220947, 24.659450626373292, 24.508782052993773, 24.593559503555298, 24.819707822799682, 24.501511812210083, 24.59060893058777, 24.31284999847412, 24.342259550094603, 24.1802321434021, 24.311275672912597, 24.34983558654785, 24.12757625579834, 24.256212615966795, 24.443321561813356, 24.012656211853027, 24.156249856948854, 24.189539909362793, 24.23524889945984, 24.396593809127808, 24.310956764221192, 23.920840358734132, 23.821782255172728, 23.825497961044313, 23.985927677154542, 23.687726736068726, 23.737214040756225, 24.19532117843628, 24.189103889465333, 23.935695743560792, 23.68021478652954, 23.721297693252563, 23.758956480026246, 24.00777940750122, 23.640787649154664, 23.864372205734252, 23.781765270233155, 23.600927448272706, 23.64409794807434, 23.55557961463928, 23.68406867980957, 23.594291973114014, 23.60919647216797, 23.849700927734375, 23.523698806762695, 23.424007844924926, 23.433344221115114, 23.753476715087892, 23.64824786186218, 23.303039741516113, 23.570140409469605, 23.41441078186035, 23.36971035003662, 23.437010478973388, 23.298771715164186, 23.30614047050476, 23.274537229537962, 23.31500859260559, 23.26461067199707, 23.34460253715515, 23.472298669815064, 23.47847924232483, 23.09901614189148, 23.25262713432312, 23.307920598983763, 23.10503969192505, 23.342635822296142, 23.241880941390992, 23.193244409561157, 23.287489557266234, 23.07993116378784, 23.171988487243652, 23.277162265777587, 24.313822937011718, 23.501915788650514, 23.104779100418092, 23.205910015106202, 23.246297359466553, 23.064423274993896, 23.095029211044313, 22.980522012710573]}