{"ae_train_losses": [147.17122650146484, 106.09388580322266, 91.21807250976562, 74.96102600097656, 59.89326477050781, 53.664179992675784, 51.33029403686523, 51.44765014648438, 48.97963638305664, 46.288998413085935, 45.56049499511719, 44.8414665222168, 43.11768341064453, 40.10753326416015, 39.73979187011719, 37.971955108642575, 37.35171203613281, 36.11431350708008, 34.84047317504883, 35.057386016845705, 33.8198844909668, 33.24654693603516, 32.555464553833005, 31.869352340698242, 31.22075996398926, 31.253992080688477, 30.427471160888672, 29.991354370117186, 29.65751953125, 29.34427833557129, 29.539187622070312, 29.769053268432618, 29.182827758789063, 29.09032783508301, 28.59651908874512, 27.89755859375, 28.30309066772461, 27.40807991027832, 27.271628189086915, 28.36142234802246, 29.161605453491212, 28.029835891723632, 27.094174194335938, 28.028079223632812, 27.016253662109374, 26.989316558837892, 26.645447158813475, 27.0642391204834, 26.911891174316406, 26.436427688598634, 26.755169296264647, 26.974708557128906, 25.859201431274414, 25.830530166625977, 25.544435882568358, 26.4248477935791, 26.400770950317384, 26.208023452758788, 25.967486572265624, 26.134124755859375, 25.78044891357422, 25.83756790161133, 25.721760940551757, 26.536483764648438, 25.75849380493164, 25.54423713684082, 25.37455024719238, 25.048966217041016, 24.95685577392578, 25.945297622680663, 25.273867416381837, 25.16176414489746, 25.827821731567383, 25.610964584350587, 25.023640060424803, 25.504447555541994, 24.9076847076416, 25.56304473876953, 24.912728118896485, 24.78684730529785, 24.860741424560548, 24.87934112548828, 25.466884994506835, 25.0801944732666, 25.477988052368165, 24.99415054321289, 24.812511825561522, 25.31925277709961, 25.475011825561523, 24.988138580322264, 25.48144874572754, 24.97767791748047, 25.28338508605957, 25.013846969604494, 24.704903030395506, 25.559099197387695, 25.156068420410158, 24.5212043762207, 24.42626495361328, 25.602297592163087], "ae_eval_losses": [113.11311111450195, 97.87133827209473, 92.08845195770263, 109.36225700378418, 65.64273014068604, 68.09677438735962, 61.27036361694336, 49.57302808761597, 48.391791343688965, 48.909206295013426, 51.26738920211792, 43.97915735244751, 43.341726016998294, 40.68872194290161, 41.731272506713864, 38.066390943527225, 37.719394493103025, 36.25427961349487, 35.35179615020752, 36.20038862228394, 34.77659921646118, 33.091350841522214, 33.22562336921692, 31.863329267501832, 31.41367244720459, 30.61831021308899, 30.560528182983397, 29.89060320854187, 29.778918933868407, 29.667599630355834, 29.20227460861206, 28.545091438293458, 28.239357423782348, 28.185791397094725, 28.093213081359863, 27.80505223274231, 27.504016494750978, 27.27426242828369, 27.847809553146362, 28.17254481315613, 27.75232615470886, 28.10202512741089, 27.366636276245117, 26.99562406539917, 26.68107190132141, 27.541885566711425, 26.925929260253906, 26.867477226257325, 27.026799154281616, 26.82183952331543, 26.48561086654663, 26.263587141036986, 26.030568838119507, 25.88674464225769, 25.610036182403565, 26.58714327812195, 26.168446445465086, 26.778125, 26.01583127975464, 25.936474657058717, 25.788776922225953, 26.193342399597167, 26.160686826705934, 25.774813413619995, 25.326481056213378, 25.396089172363283, 25.36814308166504, 25.330279779434203, 25.529855728149414, 25.60338077545166, 26.28027367591858, 26.939115524291992, 25.810884857177733, 25.108118963241576, 25.288384008407593, 25.292731094360352, 25.424577903747558, 25.121232318878175, 24.884314012527465, 25.081044292449953, 25.04486699104309, 25.066948556900023, 25.173883533477785, 25.333610630035402, 24.87369499206543, 24.79168305397034, 25.021514415740967, 24.978170967102052, 24.892023849487305, 25.397424077987672, 25.018243980407714, 25.060148096084596, 25.096581506729127, 25.074451971054078, 24.7857666015625, 24.987585735321044, 24.91528935432434, 24.69441075325012, 24.58414363861084, 24.459814977645873]}