{"ae_train_losses": [232.35659790039062, 191.23695373535156, 141.58822631835938, 124.35698699951172, 117.62191009521484, 113.43750762939453, 110.76688385009766, 109.17620086669922, 107.17676544189453, 105.03196716308594, 102.9852294921875, 100.70159912109375, 99.03431701660156, 97.75437927246094, 95.1152114868164, 92.99365234375, 89.0612564086914, 87.36502075195312, 84.14757537841797, 82.01958465576172, 78.86800384521484, 77.700439453125, 76.0052490234375, 74.1776123046875, 72.9735336303711, 70.6911392211914, 69.33525085449219, 67.50299072265625, 66.15433502197266, 63.44004821777344, 62.186161041259766, 61.149559020996094, 60.15647506713867, 57.92447280883789, 57.42801284790039, 58.31850814819336, 54.140472412109375, 58.75405502319336, 52.86445999145508, 53.99842834472656, 53.86985397338867, 51.923377990722656, 52.84885025024414, 49.91569137573242, 49.40144348144531, 48.49010467529297, 48.4287109375, 48.49784469604492, 48.16302490234375, 48.46582794189453, 46.935585021972656, 49.350608825683594, 46.80734634399414, 47.13692855834961, 47.47901153564453, 46.44580078125, 45.86033248901367, 46.17934036254883, 45.75503921508789, 46.89662170410156, 45.16270446777344, 45.74763488769531, 44.77008819580078, 43.607669830322266, 44.21294021606445, 44.01513671875, 45.067909240722656, 44.18321990966797, 43.12114334106445, 42.660213470458984, 43.31426239013672, 42.93480682373047, 44.89207458496094, 44.65467834472656, 43.11345672607422, 42.24676513671875, 40.74445724487305, 42.93865203857422, 39.84751510620117, 41.56949234008789, 41.86557388305664, 41.25011444091797, 40.17192459106445, 39.58636474609375, 39.876487731933594, 38.92939758300781, 38.25531005859375, 38.40216064453125, 38.84602355957031, 37.59830093383789, 39.635860443115234, 38.00176239013672, 38.24920654296875, 37.488861083984375, 38.561946868896484, 38.71354293823242, 38.256126403808594, 38.00245666503906, 36.9986457824707, 37.07395553588867], "ae_eval_losses": [144.85087661743165, 129.8806339263916, 119.00543632507325, 112.57213077545165, 108.76832332611085, 106.58689250946045, 105.53435440063477, 104.76695747375489, 103.72541847229004, 102.41025657653809, 101.06764392852783, 99.6858507156372, 98.27256546020507, 96.57559261322021, 94.77658176422119, 93.05669994354248, 92.04608669281006, 89.8579526901245, 87.10433349609374, 85.09218616485596, 83.7105115890503, 82.37532978057861, 80.50492458343506, 78.84730281829835, 77.96114864349366, 76.46209602355957, 73.5154233932495, 71.6323034286499, 70.34527130126953, 68.70875148773193, 67.90799961090087, 67.13947010040283, 64.91150331497192, 64.4439995765686, 63.10982370376587, 59.50531167984009, 59.3718822479248, 58.59986248016357, 62.9794843673706, 62.6596920967102, 57.533577346801756, 53.92649164199829, 54.17714519500733, 55.30028238296509, 54.42773103713989, 52.834939289093015, 51.84915533065796, 52.41092958450317, 52.196506595611574, 50.149068641662595, 47.885429763793944, 47.819296264648436, 47.65117349624634, 48.12513093948364, 48.42104253768921, 48.48093395233154, 48.67348318099975, 48.83856563568115, 48.88342027664184, 49.691544723510745, 49.95059461593628, 48.775521183013915, 46.97337322235107, 45.50401134490967, 47.56193704605103, 49.133016395568845, 47.77553176879883, 45.33948936462402, 43.691330432891846, 43.48366470336914, 46.19235792160034, 48.82779722213745, 48.88899641036987, 45.94132919311524, 42.601675796508786, 41.7748854637146, 41.754973316192626, 42.70018072128296, 45.07896881103515, 46.10025196075439, 44.84865837097168, 42.10860452651978, 40.51590061187744, 40.73311071395874, 40.97663688659668, 40.792404651641846, 40.03155097961426, 39.81963977813721, 39.613576126098636, 39.85835332870484, 41.380452728271486, 41.456181049346924, 40.250688552856445, 39.0637770652771, 38.7956919670105, 39.4517822265625, 40.184095001220705, 40.07350406646729, 39.02590970993042, 38.07977418899536]}