{"ae_train_losses": [109.26581954956055, 64.5863660176595, 49.448997815450035, 46.01512622833252, 43.01856549580892, 39.28070513407389, 36.634833017985024, 34.72928778330485, 32.75368086496989, 30.957884152730305, 29.416808764139812, 28.4124010403951, 27.48919216791789, 26.78577979405721, 26.539441108703613, 26.10901673634847, 25.74896542231242, 25.551979859670002, 25.523178259531658, 25.291572093963623, 25.15201473236084, 25.03055461247762, 25.061595916748047, 24.616610685984295, 24.50649865468343, 24.454739252726238, 24.21436373392741, 24.293667952219646, 24.11482858657837, 23.98565149307251, 24.05333137512207, 23.886712392171223, 23.986040274302166, 24.077601273854572, 24.007823785146076, 23.813791433970135, 23.683918317159016, 23.682301203409832, 23.593825340270996, 23.650891939798992, 23.62035099665324, 23.32775417963664, 23.5823868115743, 23.33228651682536, 23.352307478586834, 23.185118039449055, 23.05222511291504, 23.07217852274577, 22.928308804829914, 22.868439038594563, 22.857484976450603, 22.762330055236816, 22.762612024943035, 22.472707748413086, 22.338032881418865, 22.583709875742596, 22.430891195933025, 22.40890296300252, 22.456453323364258, 22.26830784479777, 22.213372071584065, 22.05292574564616, 22.15801254908244, 22.042471249898274, 22.132047812143963, 22.02804485956828, 21.985698699951172, 21.95615307490031, 21.895123322804768, 21.934402465820312, 21.90696128209432, 21.821400324503582, 21.76526625951131, 21.69243319829305, 21.49153423309326, 21.353248914082844, 21.452430089314777, 21.2614426612854, 21.25924841562907, 21.254140853881836, 21.094212690989178, 21.0466472307841, 21.057260036468506, 21.052984714508057, 21.045876502990723, 20.908425172170002, 20.742136637369793, 20.785555680592854, 20.73507006963094, 20.77029037475586, 20.713367303212483, 20.68635908762614, 20.58463939030965, 20.559930483500164, 20.794774055480957, 20.816434860229492, 20.63382879892985, 20.46438757578532, 20.445412000020344, 20.575584252675373], "ae_eval_losses": [90.88610610961913, 72.3931676864624, 54.32531099319458, 44.93026714324951, 41.723525810241696, 38.24846181869507, 36.015255737304685, 35.198555850982665, 32.648056983947754, 29.803007984161376, 28.531881856918336, 27.676847743988038, 27.128200674057005, 26.611937856674196, 26.45419602394104, 26.04936957359314, 25.834753131866456, 25.586890363693236, 25.373161458969115, 25.264555788040163, 25.39100260734558, 24.951302242279052, 24.79191360473633, 24.645353317260742, 24.27235903739929, 24.450705099105836, 24.348290348052977, 24.526066875457765, 23.982057905197145, 23.940777158737184, 23.95910406112671, 23.831115770339967, 24.042591714859007, 24.167423439025878, 23.85450668334961, 23.744932699203492, 23.90217180252075, 23.503691482543946, 23.409575033187867, 23.58188042640686, 23.38798303604126, 23.365766048431396, 23.446232938766478, 23.248459911346437, 23.147675037384033, 23.040722703933717, 23.20909004211426, 22.90183424949646, 22.976290225982666, 22.797745800018312, 22.901083993911744, 22.736469984054565, 22.453204965591432, 22.49646806716919, 22.55661277770996, 22.495872974395752, 22.57686319351196, 22.532078218460082, 22.6178279876709, 22.253412437438964, 22.084839200973512, 22.175141096115112, 22.26245722770691, 22.145730590820314, 22.112926721572876, 22.0982985496521, 22.056007814407348, 22.06026945114136, 21.976295900344848, 21.825361013412476, 21.98528437614441, 21.83054451942444, 21.964835262298585, 21.513989877700805, 21.41861653327942, 21.47674980163574, 21.351257514953613, 21.239093637466432, 21.223950910568238, 21.3172598361969, 21.238807344436644, 20.979232597351075, 21.138258695602417, 21.03424906730652, 21.050891590118407, 20.940063762664796, 20.961974573135375, 20.901766538619995, 21.070230436325073, 20.932976245880127, 20.839690685272217, 20.84959740638733, 20.74143853187561, 20.696706008911132, 20.873269891738893, 20.880622148513794, 20.607819271087646, 20.852346754074098, 20.652625846862794, 20.90462646484375]}