{"ae_train_losses": [150.48109912872314, 91.89517593383789, 67.27865695953369, 54.76804494857788, 50.64248466491699, 49.20592212677002, 49.009804248809814, 51.064905643463135, 47.81069040298462, 45.97082233428955, 42.16005325317383, 38.536540508270264, 36.72594594955444, 35.506529808044434, 34.101139068603516, 32.82427263259888, 31.657103300094604, 30.944913387298584, 30.080969095230103, 29.450512170791626, 28.787445783615112, 28.384555101394653, 27.98003888130188, 27.529642343521118, 27.2237286567688, 26.933593273162842, 26.538819551467896, 26.309513807296753, 26.25920867919922, 26.001498460769653, 26.041706085205078, 25.564767837524414, 25.374675035476685, 25.41622805595398, 25.20999574661255, 25.025296688079834, 25.14813756942749, 25.09545660018921, 25.14156723022461, 24.845144271850586, 24.708614110946655, 24.635164737701416, 24.55585241317749, 24.649866104125977, 24.459298849105835, 24.52345585823059, 24.360015869140625, 24.281776905059814, 24.428231239318848, 24.306134939193726, 24.41217017173767, 24.2026150226593, 24.131415605545044, 24.14090132713318, 24.011884927749634, 24.23089575767517, 24.250839710235596, 24.080071926116943, 24.356348752975464, 24.09831976890564, 23.93233585357666, 24.072481393814087, 24.046903133392334, 24.075966358184814, 24.063036918640137, 23.74207615852356, 24.009634494781494, 24.003334522247314, 24.03689932823181, 23.875028133392334, 23.938830137252808, 23.757256269454956, 23.790423154830933, 24.103145122528076, 23.820509910583496, 23.848666667938232, 23.79944086074829, 23.779982089996338, 23.743944883346558, 23.844014644622803, 23.820459127426147, 23.991422176361084, 23.957059621810913, 23.745975971221924, 23.708694458007812, 23.66351079940796, 23.8898868560791, 23.751590490341187, 23.96392512321472, 23.96839666366577, 24.34399151802063, 23.939133167266846, 24.22484564781189, 24.3699631690979, 24.430695295333862, 24.152071714401245, 23.914839506149292, 23.70807409286499, 23.908037900924683, 23.568626165390015], "ae_eval_losses": [99.17920112609863, 90.9992769241333, 72.1497974395752, 59.016650676727295, 56.37876062393188, 50.59789686203003, 56.66618461608887, 54.614950275421144, 49.81577806472778, 40.63592977523804, 40.7215178489685, 37.92788896560669, 36.37734451293945, 34.82125024795532, 33.705802822113036, 32.139540386199954, 31.466736030578613, 30.9126455783844, 29.768278312683105, 29.08881974220276, 28.39706697463989, 27.929310989379882, 27.901836538314818, 27.153177213668823, 27.049904680252077, 26.722990131378175, 26.372824001312257, 26.30428557395935, 26.2333065032959, 25.837946796417235, 25.82266011238098, 25.409846115112305, 25.188596153259276, 25.461016941070557, 25.141049528121947, 25.147256088256835, 25.073558807373047, 24.81305718421936, 25.007023191452028, 24.92381157875061, 24.442715787887572, 24.750421619415285, 24.85032114982605, 24.713182973861695, 24.218485355377197, 24.544966173171996, 24.231826400756837, 24.541489362716675, 24.358718872070312, 24.155699825286867, 24.7250515460968, 24.276139402389525, 24.058007764816285, 24.11034541130066, 24.18158016204834, 24.458934688568114, 24.252484130859376, 24.090395641326904, 24.279991006851198, 24.209441804885863, 23.913881254196166, 24.232719802856444, 24.20842432975769, 24.175115871429444, 24.175928783416747, 24.02972545623779, 24.12218885421753, 24.127777338027954, 23.80387372970581, 24.157904291152953, 23.91745457649231, 23.87125654220581, 24.24604425430298, 23.82970643043518, 23.757810878753663, 24.08995246887207, 23.864103698730467, 23.73004822731018, 23.85476369857788, 23.83859701156616, 23.853032779693603, 23.71850528717041, 23.785832023620607, 23.773145532608034, 23.912612676620483, 23.76495690345764, 23.805566215515135, 23.68651075363159, 26.10728187561035, 39.77810916900635, 27.192490434646608, 24.56264772415161, 24.28266363143921, 24.63420190811157, 24.914847326278686, 24.51323781013489, 23.88718361854553, 23.92523589134216, 23.869662475585937, 23.744565153121947]}