{"ae_train_losses": [167.72325744628907, 117.95959777832032, 101.23165435791016, 81.61785125732422, 68.800732421875, 59.88868942260742, 55.054690551757815, 51.90719146728516, 52.05391006469726, 52.57093048095703, 49.2916374206543, 50.07455062866211, 47.69411926269531, 47.83070755004883, 47.539834594726564, 46.46455688476563, 45.47944564819336, 43.580055236816406, 42.510955810546875, 41.447966766357425, 42.10841674804688, 40.65504608154297, 38.95933227539062, 38.204595947265624, 36.95135650634766, 36.90177612304687, 36.043949127197266, 35.14501724243164, 34.994970703125, 34.48873519897461, 34.01884536743164, 32.97946395874023, 32.067583084106445, 31.91324653625488, 30.972057723999022, 30.34926834106445, 30.770078659057617, 30.89313659667969, 29.77679862976074, 30.78036994934082, 30.77344512939453, 29.2387451171875, 29.021438217163087, 28.969121551513673, 29.26094627380371, 28.25575485229492, 27.93973579406738, 27.359283447265625, 28.010914993286132, 28.490975189208985, 28.161716079711915, 28.011567306518554, 27.039976119995117, 28.325397491455078, 27.52324333190918, 27.56369552612305, 27.25551872253418, 27.216737747192383, 26.65937156677246, 26.756117630004884, 25.926334381103516, 27.14077491760254, 27.25809440612793, 27.070188140869142, 27.129436874389647, 26.308064651489257, 26.33069953918457, 25.946235275268556, 26.922875213623048, 26.939923095703126, 25.90229721069336, 25.89620704650879, 25.593605041503906, 26.26568260192871, 26.905614852905273, 25.74272575378418, 26.09442558288574, 26.839893341064453, 26.69230537414551, 25.95029983520508, 25.967605209350587, 26.264348220825195, 26.23738021850586, 26.49286003112793, 25.57617073059082, 26.20788993835449, 26.179711151123048, 25.331306076049806, 26.276782608032228, 26.069294738769532, 25.501103591918945, 25.53822898864746, 25.256903076171874, 25.461754608154298, 25.411803436279296, 25.25061798095703, 25.28108329772949, 25.387641525268556, 25.693738555908205, 25.2435245513916], "ae_eval_losses": [112.67469444274903, 107.52514419555663, 98.39899635314941, 90.53833827972412, 63.26622819900513, 56.024374294281, 56.35345792770386, 51.81389970779419, 59.98446273803711, 45.62296590805054, 47.660851287841794, 45.945298767089845, 51.91294412612915, 46.44790134429932, 49.09821834564209, 47.45298690795899, 42.79497919082642, 43.28491096496582, 42.62035026550293, 40.54920511245727, 40.42256736755371, 39.191058254241945, 38.37733736038208, 37.84155683517456, 36.36413021087647, 36.08909158706665, 34.84906158447266, 33.77287254333496, 34.82515935897827, 34.40738897323608, 33.24712448120117, 31.744929361343384, 31.107076358795165, 31.365667867660523, 30.459890937805177, 30.046693563461304, 29.844905662536622, 30.397174072265624, 29.231921482086182, 30.78745937347412, 28.327628755569457, 30.205681371688843, 29.727240753173827, 29.93853168487549, 28.68354206085205, 29.307198524475098, 27.81390733718872, 27.35993375778198, 27.588951301574706, 27.07829647064209, 27.54212908744812, 27.57859077453613, 27.113095712661742, 27.29773302078247, 27.084071683883668, 26.644186878204344, 26.73762149810791, 26.46942267417908, 26.327698755264283, 26.395069646835328, 25.892474603652953, 26.376059770584106, 27.73670973777771, 26.680040073394775, 26.54839630126953, 26.471493339538576, 26.37218737602234, 26.309947443008422, 26.380062437057497, 26.23726682662964, 26.215806579589845, 25.67181043624878, 26.37947025299072, 26.339266443252562, 25.802028560638426, 26.125866889953613, 25.873191833496094, 25.98225817680359, 25.832122611999512, 25.785692501068116, 26.351377248764038, 26.228766775131227, 26.13049578666687, 25.588796281814574, 25.274602127075195, 25.299472904205324, 25.40557794570923, 25.716393852233885, 25.370071363449096, 25.333002901077272, 25.158018398284913, 25.120414209365844, 24.9353910446167, 24.96200051307678, 25.130776119232177, 25.013696146011352, 24.900679111480713, 24.893127059936525, 24.711536741256715, 25.10834846496582]}