{"ae_train_losses": [119.07940721511841, 56.37063407897949, 46.28057241439819, 42.60401892662048, 39.06775879859924, 36.35317039489746, 34.685808181762695, 32.97600769996643, 31.30139410495758, 29.574848532676697, 28.581135511398315, 27.79758369922638, 27.370877861976624, 26.705576419830322, 26.074095845222473, 25.67706859111786, 25.42599928379059, 25.156877994537354, 25.03411900997162, 24.885398745536804, 24.818041920661926, 24.70086419582367, 24.74226939678192, 24.76906931400299, 24.46903419494629, 24.398799300193787, 24.663255095481873, 24.69518280029297, 24.46775448322296, 24.45677638053894, 24.11567187309265, 24.171899914741516, 24.00817120075226, 24.256267309188843, 24.167119026184082, 23.891064167022705, 24.12359344959259, 24.037957549095154, 23.960114240646362, 23.813889861106873, 23.915938019752502, 24.008429050445557, 23.955175399780273, 23.855944871902466, 23.65510642528534, 23.85092532634735, 23.7836571931839, 23.894273281097412, 23.827769875526428, 23.890910744667053, 23.696311593055725, 23.84514558315277, 23.700913906097412, 23.56433129310608, 23.554661989212036, 23.538254022598267, 23.541930675506592, 23.422987937927246, 23.553969502449036, 24.1736159324646, 23.88489830493927, 23.446853756904602, 23.45309829711914, 23.36732053756714, 23.40634298324585, 23.305545210838318, 23.349470853805542, 23.2957980632782, 23.28537905216217, 23.307557940483093, 23.220592260360718, 23.13169801235199, 23.28533363342285, 23.344285249710083, 23.231093525886536, 23.161349654197693, 23.177592277526855, 23.155778884887695, 23.050408601760864, 23.334938764572144, 23.303552865982056, 23.308404445648193, 23.307788252830505, 23.081921696662903, 23.11330997943878, 23.05213236808777, 23.058920860290527, 23.07270324230194, 23.02358055114746, 22.985710382461548, 23.077748775482178, 22.993954300880432, 23.031435251235962, 23.053706884384155, 22.998672485351562, 22.99884295463562, 23.153209805488586, 23.317533135414124, 23.486879467964172, 23.42370116710663], "ae_eval_losses": [82.84887447357178, 52.42048482894897, 46.10018825531006, 41.33563756942749, 38.678404331207275, 36.01356220245361, 34.535535621643064, 32.75173487663269, 30.54267897605896, 29.435717487335204, 28.21002197265625, 27.60931529998779, 26.870152282714844, 26.361975383758544, 26.11777791976929, 25.528380107879638, 25.575505590438844, 25.593694162368774, 25.352405738830566, 25.13014645576477, 24.749048709869385, 25.921857404708863, 25.30828652381897, 24.47934546470642, 24.433009338378906, 25.40301933288574, 24.63181586265564, 24.69684247970581, 24.648343563079834, 24.307525300979613, 24.435327100753785, 24.27427864074707, 24.513855981826783, 24.356711912155152, 24.05564150810242, 25.095257568359376, 24.16813383102417, 23.96024308204651, 24.284796237945557, 24.034684944152833, 24.27482924461365, 23.97178659439087, 24.121522665023804, 23.93058557510376, 23.761769008636474, 24.229759216308594, 23.665466260910033, 24.050241804122926, 24.463607788085938, 23.70603108406067, 23.933496284484864, 23.722090101242067, 23.58987441062927, 23.44167447090149, 23.612019729614257, 23.5257709980011, 23.588476371765136, 23.507146167755128, 31.39953761100769, 24.042727518081666, 23.86648154258728, 23.622679042816163, 23.75422248840332, 23.345879125595093, 23.49589624404907, 23.401343631744385, 23.493559074401855, 23.32662467956543, 23.336755561828614, 23.33571696281433, 23.355229902267457, 23.35440888404846, 23.495531845092774, 23.348022651672363, 23.283156538009642, 23.362750387191774, 23.305770444869996, 23.452264404296876, 23.278738594055177, 23.337887287139893, 23.81438446044922, 23.290393018722533, 23.09744644165039, 23.179600858688353, 23.11774778366089, 23.06516032218933, 23.301537322998048, 23.075885438919066, 23.182861471176146, 23.05489945411682, 23.09122500419617, 23.155565214157104, 23.121247386932374, 22.99397406578064, 22.957501935958863, 23.056476879119874, 23.02621011734009, 24.438508987426758, 23.420794820785524, 23.194271039962768]}