{"ae_train_losses": [149.58172861735025, 67.42222023010254, 55.77542368570963, 51.3889414469401, 48.78629652659098, 46.57079823811849, 42.49919764200846, 38.98028882344564, 36.56667613983154, 34.68763415018717, 33.57191848754883, 32.47097142537435, 31.319942792256672, 30.46021827061971, 29.496726830800373, 28.80662663777669, 28.375237941741943, 27.930116335550945, 27.46084467569987, 27.2104393641154, 26.772828261057537, 26.617562770843506, 26.119592666625977, 25.869560559590656, 25.677669048309326, 25.539825121561687, 25.328525066375732, 25.134552160898846, 25.127517064412434, 25.077959219614666, 24.926562150319416, 24.794573465983074, 24.718058268229168, 24.64681847890218, 24.522814114888508, 24.490232308705647, 24.585087458292644, 24.533935070037842, 24.31771643956502, 24.32839759190877, 24.32122786839803, 24.373764673868816, 24.270427227020264, 24.248784224192303, 24.307820955912273, 24.271878083546955, 24.220617930094402, 24.2558437983195, 24.150324662526447, 24.022271156311035, 24.072463512420654, 24.10372829437256, 24.096898237864178, 24.174704551696777, 24.04731210072835, 23.955385367075603, 24.093650658925373, 23.97962236404419, 23.823287804921467, 23.92327578862508, 23.960009733835857, 24.15870253245036, 24.328615188598633, 24.29283873240153, 24.144001007080078, 24.019654115041096, 24.07684103647868, 23.794841925303142, 23.797780831654865, 23.763914585113525, 23.79283332824707, 23.832755247751873, 23.909619967142742, 23.775443077087402, 23.705536365509033, 23.661794185638428, 23.74984534581502, 23.626970926920574, 23.65109856923421, 23.551329294840496, 23.50920057296753, 23.6424659093221, 23.69861062367757, 23.738286177317303, 23.463002681732178, 23.56235933303833, 23.59339666366577, 23.53361749649048, 23.783297220865887, 23.52157433827718, 23.5710031191508, 23.50234842300415, 23.54822031656901, 23.653828303019207, 23.464335759480793, 23.555735905965168, 23.33600107828776, 23.417866230010986, 23.40440559387207, 23.332741896311443], "ae_eval_losses": [114.69766273498536, 61.44111671447754, 51.134199714660646, 49.45648078918457, 46.34464569091797, 48.045050048828124, 39.88612489700317, 38.19820528030395, 35.78808670043945, 34.11744022369385, 33.315872478485105, 32.18994331359863, 31.18955636024475, 29.968255376815797, 29.1116162776947, 28.433128786087035, 28.312805080413817, 27.884909677505494, 27.27790198326111, 26.931405305862427, 26.51422266960144, 26.262549877166748, 25.87415771484375, 25.87487859725952, 25.516817903518678, 25.490274667739868, 24.99341998100281, 25.154094076156618, 25.186654233932494, 24.87098135948181, 24.836718368530274, 25.030950450897215, 24.68649287223816, 24.447781562805176, 24.43403558731079, 24.765680074691772, 24.27605810165405, 24.430809116363527, 24.247455310821532, 24.213871908187866, 24.409251356124877, 24.096467447280883, 24.50998797416687, 24.147663497924803, 24.155098915100098, 24.199813175201417, 24.07976336479187, 24.447257947921752, 24.339153814315797, 24.09535140991211, 24.55087003707886, 24.10796437263489, 24.01936802864075, 23.929922914505006, 24.248355627059937, 23.95275750160217, 24.872927951812745, 23.75753140449524, 24.019900369644166, 23.8683837890625, 29.908219432830812, 25.364919710159302, 24.399817276000977, 24.153589391708373, 24.216612386703492, 24.166956233978272, 23.9971905708313, 24.116520738601686, 23.78075270652771, 23.835412645339964, 23.944632959365844, 23.887413024902344, 24.112907934188843, 23.953553628921508, 23.68589081764221, 23.83596816062927, 23.72405333518982, 23.71287136077881, 23.606263208389283, 23.838677835464477, 23.612491607666016, 23.54439663887024, 23.45089602470398, 23.64629716873169, 23.434636735916136, 23.53630175590515, 24.639137029647827, 24.085671520233156, 23.38804488182068, 23.68078179359436, 23.82809920310974, 23.484532403945924, 23.572807216644286, 23.5109881401062, 23.653695154190064, 23.591136121749877, 23.545258712768554, 23.469516849517824, 23.58549861907959, 23.342534399032594]}