{"ae_train_losses": [109.01156082153321, 49.97023944854736, 43.22557392120361, 38.85891761779785, 35.634383010864255, 34.068175315856934, 32.368839263916016, 30.46301727294922, 28.716025829315186, 27.58925199508667, 26.961398124694824, 26.129014587402345, 25.68201961517334, 25.417069244384766, 25.158705139160155, 24.865368938446046, 24.941942405700683, 24.7082049369812, 24.45685033798218, 24.63863048553467, 24.55714464187622, 24.315063667297363, 24.350375366210937, 24.159550762176515, 24.14876432418823, 24.28009204864502, 24.021048545837402, 24.068408203125, 24.021555805206297, 23.878875923156738, 23.95732488632202, 23.91095209121704, 23.7405592918396, 23.635765266418456, 23.73591661453247, 23.560128593444823, 23.688843250274658, 23.622993564605714, 23.62021722793579, 23.537349128723143, 23.498794174194337, 23.543823146820067, 23.47876396179199, 23.499511337280275, 23.490185070037843, 23.42138214111328, 23.288302421569824, 23.26826238632202, 23.2805908203125, 23.316479873657226, 23.257058525085448, 23.26213207244873, 23.19143075942993, 23.20805768966675, 23.27245979309082, 23.362286949157713, 23.332309532165528, 23.044883918762206, 23.22593994140625, 23.029317092895507, 23.13814859390259, 23.07553310394287, 23.123595237731934, 23.040218925476076, 23.10237045288086, 23.056493282318115, 23.106234741210937, 23.076000022888184, 23.40125741958618, 23.273895835876466, 23.133723735809326, 23.082840633392333, 22.916866302490234, 23.038588523864746, 22.863837051391602, 22.965462017059327, 22.88669033050537, 22.806799507141115, 22.982257843017578, 22.908034992218017, 22.83581829071045, 22.976613903045653, 22.890599632263182, 22.913026809692383, 22.798259258270264, 22.87752523422241, 22.89274377822876, 22.887293434143068, 22.90811433792114, 23.1307279586792, 23.2278263092041, 22.833285999298095, 22.83429021835327, 22.785076236724855, 22.756725597381593, 22.792740058898925, 22.781818675994874, 22.91341733932495, 22.768206787109374, 22.687207984924317], "ae_eval_losses": [77.55908870697021, 53.476845836639406, 42.248647403717044, 37.185421752929685, 35.31376676559448, 33.72538871765137, 31.961274099349975, 30.285459899902342, 28.04620227813721, 27.157177782058717, 26.610930061340333, 26.236081266403197, 25.770850276947023, 25.47267484664917, 25.44826211929321, 24.664599704742432, 25.159017705917357, 24.660648393630982, 24.746463203430174, 24.61204538345337, 24.79108281135559, 24.44962782859802, 24.46504888534546, 24.337075090408327, 24.608059310913085, 24.55730791091919, 24.15034818649292, 23.9090980052948, 23.922278261184694, 24.09928126335144, 24.61444411277771, 23.920413208007812, 23.708402109146117, 23.85044732093811, 23.840496253967284, 23.671180534362794, 23.858586597442628, 23.835317611694336, 23.716499185562135, 23.526514625549318, 23.545407199859618, 23.400530958175658, 23.61291923522949, 23.741162967681884, 23.465189838409422, 23.45446138381958, 23.295526599884035, 23.67361912727356, 23.550992965698242, 23.423248624801637, 23.320775699615478, 23.343089866638184, 23.258355045318602, 23.306971168518068, 23.26128969192505, 23.546761655807494, 23.261029958724976, 23.196986865997314, 23.241198587417603, 23.132913017272948, 23.313113927841187, 23.28073000907898, 23.28632616996765, 23.111324882507326, 23.148097467422485, 23.202402544021606, 23.064795541763306, 23.2115948677063, 23.752046966552733, 23.359719657897948, 23.13728494644165, 23.135169363021852, 23.056750202178954, 23.033506202697755, 22.863791131973265, 23.09393963813782, 22.995405769348146, 23.144894647598267, 23.101575803756713, 23.013767385482787, 22.928560972213745, 22.904878187179566, 22.847206020355223, 22.97846655845642, 22.908196210861206, 22.931053400039673, 23.060314846038818, 23.010407495498658, 22.98494472503662, 23.289073324203493, 23.083472061157227, 22.88959593772888, 22.933074760437012, 22.90085678100586, 22.92982530593872, 22.903685331344604, 22.90126943588257, 22.928688049316406, 22.883271169662475, 22.79739317893982]}