{"ae_train_losses": [154.18560886383057, 105.41936111450195, 68.3520736694336, 54.795631885528564, 50.83369731903076, 51.94030141830444, 50.737613677978516, 47.86435842514038, 45.982253074645996, 44.09782075881958, 41.95805835723877, 40.799930572509766, 39.95833396911621, 39.07517099380493, 38.24497842788696, 37.21985578536987, 36.4667387008667, 35.37061786651611, 34.36510467529297, 33.09608268737793, 32.13722467422485, 31.277425050735474, 30.429224491119385, 29.78898811340332, 29.120056629180908, 28.582493782043457, 28.315577507019043, 27.825809001922607, 27.550403594970703, 27.075648069381714, 26.821865558624268, 26.417945861816406, 26.114616870880127, 25.748119831085205, 25.390265941619873, 25.134597301483154, 25.180908918380737, 25.026422023773193, 24.962806940078735, 25.094481468200684, 24.85092306137085, 24.68522882461548, 24.650334358215332, 24.6118381023407, 24.820971250534058, 24.672187089920044, 24.70307970046997, 24.34758973121643, 24.619657516479492, 24.43998098373413, 24.415900468826294, 24.397048234939575, 24.300939798355103, 24.53266191482544, 24.39062190055847, 24.31868577003479, 24.21389102935791, 24.25972557067871, 24.450204133987427, 24.43383288383484, 24.43950843811035, 24.286142587661743, 24.23220133781433, 24.10855793952942, 24.01067566871643, 24.203113794326782, 24.137253046035767, 23.940712928771973, 24.112598180770874, 23.93328332901001, 23.96037268638611, 23.839526891708374, 23.92425274848938, 23.73179054260254, 23.81484341621399, 23.8753604888916, 23.860116481781006, 23.926167011260986, 23.870360374450684, 23.776716470718384, 23.774155616760254, 23.66959571838379, 23.80645179748535, 23.816802501678467, 23.91966938972473, 23.797311544418335, 23.70344591140747, 23.741337776184082, 23.7150821685791, 23.83057951927185, 23.726306915283203, 23.621885776519775, 23.702678442001343, 23.711914777755737, 23.61244511604309, 23.70103406906128, 23.69663405418396, 23.7800612449646, 23.807406187057495, 23.86488699913025], "ae_eval_losses": [115.46593837738037, 101.88257694244385, 63.550693130493165, 57.12190265655518, 49.526784324645995, 49.28042907714844, 43.630716514587405, 45.08514347076416, 42.440928840637206, 44.040703201293944, 45.23214702606201, 44.93049554824829, 41.10835628509521, 39.27048749923706, 38.31135997772217, 37.51924810409546, 35.773130893707275, 35.034882354736325, 34.099324798583986, 32.742384624481204, 31.548156929016113, 30.63871841430664, 29.90261855125427, 29.222120571136475, 28.68518853187561, 28.371003007888795, 28.021791219711304, 27.628261756896972, 27.027696323394775, 27.20919942855835, 26.6605103969574, 26.003432273864746, 26.011185026168825, 25.718112182617187, 25.359587621688842, 25.275303459167482, 25.091583919525146, 24.86916298866272, 24.909474086761474, 25.03430757522583, 24.730203056335448, 24.66119999885559, 24.78129849433899, 24.884661626815795, 24.83745069503784, 24.85391411781311, 24.357587909698488, 24.758911609649658, 24.49329466819763, 24.21409707069397, 24.36461749076843, 24.44972720146179, 24.61219267845154, 24.323317575454713, 24.50431399345398, 24.17652373313904, 24.325481510162355, 24.350230741500855, 24.78947114944458, 24.98726682662964, 24.24530997276306, 24.442561388015747, 24.410414695739746, 23.94635691642761, 24.33786807060242, 24.178175687789917, 24.114686155319212, 24.191118574142457, 23.978697681427, 24.45523886680603, 23.98653392791748, 23.86101198196411, 24.004856967926024, 23.727582359313963, 23.71367015838623, 23.850978231430055, 24.23916416168213, 23.72116618156433, 23.64263653755188, 24.18205165863037, 23.757649993896486, 23.75841932296753, 23.621783828735353, 23.81524267196655, 23.451521158218384, 23.699019193649292, 23.83652901649475, 23.852567148208617, 24.157522869110107, 23.967219400405884, 23.5489541053772, 23.69470977783203, 23.709822559356688, 23.948757123947143, 23.666189241409302, 23.71811714172363, 23.56863398551941, 24.697979640960693, 24.16113438606262, 23.583440208435057]}