{"ae_train_losses": [116.72370719909668, 69.57295099894206, 52.93454138437907, 49.750009536743164, 45.56236743927002, 40.834381103515625, 36.99761486053467, 33.76473585764567, 31.43315855662028, 29.787214120229084, 28.19461456934611, 26.85065793991089, 25.969496568044026, 25.370824813842773, 24.92222722371419, 24.759955883026123, 24.494972387949627, 24.38950252532959, 24.18279774983724, 24.00552988052368, 23.89341942469279, 23.723207155863445, 23.607470989227295, 23.425389130910236, 23.297786076863606, 23.184868494669598, 23.075170199076336, 23.111050764719646, 22.90174611409505, 22.658547242482502, 22.574278672536213, 22.58131996790568, 22.450104077657063, 22.241604804992676, 21.938424587249756, 22.211915493011475, 22.064061641693115, 21.966895580291748, 21.879422028859455, 21.840339183807373, 21.809986273447674, 21.585843404134113, 21.600192228953045, 21.60204315185547, 21.444413979848225, 21.49041446050008, 21.250976085662842, 21.327832857767742, 21.135063807169598, 21.012844562530518, 21.116349856058758, 20.972137610117596, 20.970316886901855, 20.93547185262044, 20.81662368774414, 20.762971878051758, 20.791847229003906, 20.62963803609212, 20.49002679189046, 20.54623619715373, 20.58431037267049, 20.514455159505207, 20.564444541931152, 20.484932740529377, 20.431796709696453, 20.489067395528156, 20.399700959523518, 20.37992827097575, 20.22897942860921, 20.21067937215169, 20.321711540222168, 20.139599641164143, 20.127668221791584, 20.036922772725422, 20.09345515569051, 20.10266335805257, 20.031663099924724, 20.213923295338947, 20.013235092163086, 19.859522183736164, 19.843364874521892, 19.84250529607137, 19.923405329386394, 19.83956003189087, 19.912484486897785, 19.78338050842285, 19.914608001708984, 19.77886374791463, 19.616971015930176, 19.750773906707764, 19.649401505788166, 19.507381280263264, 19.704226970672607, 19.80924654006958, 19.613861401875813, 19.65898561477661, 19.70485830307007, 19.63664944966634, 19.586143334706623, 19.712993144989014], "ae_eval_losses": [101.35423564910889, 58.79938097000122, 53.41887454986572, 47.30154428482056, 43.645184707641604, 39.03850965499878, 34.558587074279785, 31.989936685562135, 30.39647078514099, 28.262091159820557, 27.350822496414185, 26.20939784049988, 25.632866287231444, 24.986485147476195, 24.971193170547487, 24.39260654449463, 24.490314960479736, 24.404244709014893, 24.07501664161682, 23.994071769714356, 23.78611102104187, 23.747410106658936, 23.586958837509155, 23.360248470306395, 23.446246957778932, 23.194570446014403, 22.911820220947266, 22.83762288093567, 22.798684930801393, 22.759787368774415, 22.879667043685913, 22.52634243965149, 22.568811464309693, 22.221937084197997, 22.102733898162843, 22.338234233856202, 22.158852434158327, 22.08490490913391, 21.97811985015869, 21.990191984176636, 21.707814502716065, 21.555604028701783, 21.838002967834473, 21.65210418701172, 21.549052047729493, 21.457096576690674, 21.233877658843994, 21.352268075942995, 21.222512197494506, 21.1840838432312, 21.218778467178346, 21.216055631637573, 21.093299293518065, 20.826092195510864, 20.897060012817384, 21.00764865875244, 20.908526611328124, 20.701223134994507, 20.927745151519776, 20.71290464401245, 20.632605361938477, 20.620817804336546, 20.711782455444336, 20.482023334503175, 20.632669401168823, 20.631275367736816, 20.666629314422607, 20.690972805023193, 20.258970165252684, 20.560695075988768, 20.38592095375061, 20.5111394405365, 20.188198137283326, 20.296084213256837, 20.395507526397704, 20.422746658325195, 20.38173418045044, 20.410339450836183, 20.18276858329773, 20.254105186462404, 20.032574033737184, 20.150257873535157, 20.082219314575195, 20.26528401374817, 20.045327949523926, 20.0989905834198, 20.008670234680174, 20.07347903251648, 20.07074899673462, 20.055735540390014, 19.973431205749513, 19.828434038162232, 20.17354521751404, 20.03662872314453, 19.882572746276857, 20.257372283935545, 19.894473171234132, 19.797676277160644, 19.96930890083313, 19.98073410987854]}