{"ae_train_losses": [114.18801975250244, 65.7417140007019, 48.556275606155396, 45.08206248283386, 41.912821769714355, 39.74814224243164, 36.06342267990112, 31.248271107673645, 28.862029552459717, 27.329591393470764, 26.006579637527466, 25.30915927886963, 25.050841212272644, 25.0602844953537, 24.829179883003235, 24.590367197990417, 24.551451086997986, 24.35009777545929, 24.42453646659851, 24.346590995788574, 24.274717569351196, 24.142314434051514, 24.202521085739136, 24.264689564704895, 24.043272256851196, 24.229830741882324, 24.330272793769836, 24.20381987094879, 24.023610711097717, 23.965195059776306, 23.945183634757996, 23.830255031585693, 23.82105052471161, 23.769246697425842, 23.737191796302795, 23.652084708213806, 23.59795081615448, 23.616748690605164, 23.931065797805786, 23.74981665611267, 23.532784342765808, 23.77398955821991, 23.699301838874817, 23.54262864589691, 23.41423201560974, 23.559666872024536, 23.59872817993164, 23.383547067642212, 23.521347880363464, 23.452069640159607, 23.479290008544922, 23.42789661884308, 23.37633466720581, 23.4374680519104, 23.409359455108643, 23.393178701400757, 23.24245285987854, 23.257474422454834, 23.33322501182556, 23.380977272987366, 23.19264030456543, 23.211531162261963, 23.3285915851593, 23.30066752433777, 23.157061457633972, 23.168402791023254, 23.233762860298157, 23.1643248796463, 22.997080087661743, 22.86766004562378, 23.153109073638916, 22.83187210559845, 22.933571815490723, 22.908670663833618, 22.9205539226532, 22.70165205001831, 22.68719220161438, 22.592564463615417, 22.591625809669495, 22.506412148475647, 22.408896923065186, 22.520061016082764, 22.53573250770569, 22.336143374443054, 22.35974609851837, 22.298654794692993, 22.229698657989502, 22.136185884475708, 22.135928511619568, 22.01424765586853, 22.0813649892807, 21.975225806236267, 22.067096710205078, 21.968954920768738, 21.888789296150208, 21.79534149169922, 21.813015937805176, 22.212393879890442, 22.09745705127716, 21.910718083381653], "ae_eval_losses": [89.12194004058838, 59.52552080154419, 46.604390144348145, 46.49696054458618, 42.35176134109497, 39.750246906280516, 35.3097110748291, 29.684762525558472, 27.858186721801758, 26.482781648635864, 25.86001091003418, 25.422574853897096, 25.261321449279784, 25.024225807189943, 24.950576400756837, 24.624630308151247, 24.56097469329834, 24.568875360488892, 24.335439014434815, 24.62452073097229, 24.26517186164856, 24.247355890274047, 24.808957958221434, 24.247678804397584, 24.196523094177245, 25.328701877593993, 24.139698791503907, 24.075228357315062, 24.02793593406677, 23.8162043094635, 24.17975640296936, 23.90658917427063, 23.785095310211183, 23.7850013256073, 23.648729658126832, 23.796033430099488, 23.786186027526856, 23.72879433631897, 24.043273782730104, 23.797291612625123, 23.58583207130432, 27.139062023162843, 23.742079734802246, 23.503591203689574, 23.585739135742188, 23.579085779190063, 23.47746124267578, 23.58013300895691, 23.579370260238647, 23.614241695404054, 23.403746700286867, 23.540527153015137, 23.73692669868469, 23.59874677658081, 23.394678783416747, 23.243669939041137, 23.418409299850463, 23.29906644821167, 24.55401430130005, 23.23822340965271, 23.247214317321777, 23.563394451141356, 23.37925519943237, 23.376515293121336, 23.305763053894044, 23.183993339538574, 23.37084035873413, 23.146524095535277, 23.25291504859924, 23.002923011779785, 23.13191075325012, 23.107409763336182, 23.07122974395752, 23.23449969291687, 22.96701846122742, 22.900356197357176, 22.768264389038087, 22.63290328979492, 22.791716957092284, 22.50849666595459, 22.53166856765747, 22.473512268066408, 22.594547176361083, 22.42323508262634, 22.36788272857666, 22.28315672874451, 22.22158627510071, 22.161827039718627, 22.290061950683594, 22.111185598373414, 22.22479114532471, 21.974210023880005, 22.06391124725342, 21.954786491394042, 21.932860231399538, 21.861846208572388, 21.88880124092102, 23.749013662338257, 22.16882104873657, 22.216214609146117]}