{"ae_train_losses": [128.4890694618225, 59.89074683189392, 46.14069485664368, 41.7871036529541, 38.891271352767944, 36.788150787353516, 34.90057420730591, 32.99465787410736, 30.780402660369873, 28.776129484176636, 27.44485640525818, 26.464038610458374, 25.629629611968994, 25.060362100601196, 24.710949420928955, 24.49700903892517, 24.33627414703369, 24.346763968467712, 24.258756518363953, 24.398995876312256, 24.346238613128662, 24.04654085636139, 24.048479676246643, 24.11760437488556, 23.87469220161438, 23.761378169059753, 23.558163285255432, 23.585482239723206, 23.466099977493286, 23.30776035785675, 23.145891427993774, 23.14438772201538, 22.988128662109375, 23.1158789396286, 22.945732831954956, 22.943049907684326, 22.727038860321045, 22.78364074230194, 22.722799062728882, 22.63378381729126, 22.546805500984192, 22.59311616420746, 22.356191039085388, 22.300795793533325, 22.286537289619446, 22.187397599220276, 22.085507035255432, 22.16252100467682, 22.154054522514343, 22.118865132331848, 22.120222330093384, 21.89005160331726, 21.795526146888733, 21.874882698059082, 21.62551975250244, 21.617256999015808, 21.536522388458252, 21.45979869365692, 21.416642546653748, 21.316370010375977, 21.232457280158997, 21.169483423233032, 21.060540080070496, 20.933769941329956, 20.91558825969696, 20.97238254547119, 20.876736402511597, 20.863993048667908, 20.785211443901062, 20.67934548854828, 20.632522463798523, 20.713616728782654, 20.612606525421143, 20.544960141181946, 20.536949276924133, 20.45614230632782, 20.372875332832336, 20.36507487297058, 20.30245876312256, 20.420924425125122, 20.27723503112793, 20.16106152534485, 20.08320915699005, 20.18594002723694, 20.052931666374207, 20.08273470401764, 19.99718451499939, 20.019855260849, 19.920262336730957, 19.990445852279663, 19.993900060653687, 19.91985034942627, 19.859748363494873, 19.964930176734924, 19.788231372833252, 19.790418028831482, 19.752489805221558, 19.8058522939682, 19.881506323814392, 19.771114468574524], "ae_eval_losses": [106.77385101318359, 58.22397336959839, 43.274517345428464, 40.04225044250488, 38.3034948348999, 36.223685359954835, 34.299932193756106, 31.51488790512085, 29.932617568969725, 28.009577560424805, 27.148782348632814, 26.120170068740844, 25.396954250335693, 24.843266820907594, 24.58836188316345, 24.231306171417238, 24.313403797149657, 24.32150468826294, 24.409628295898436, 24.27748246192932, 24.221187829971313, 23.974797010421753, 23.856353425979613, 23.941132593154908, 23.804311513900757, 23.59451107978821, 23.732560443878175, 23.7780800819397, 23.64529776573181, 23.35421633720398, 23.301904821395873, 23.057032537460326, 22.812583255767823, 23.359342765808105, 22.940866708755493, 22.815787267684936, 22.750970983505248, 22.960417699813842, 22.54812479019165, 22.94843211174011, 22.665367364883423, 22.494980239868163, 22.519990825653075, 22.427851295471193, 22.35427885055542, 22.21741223335266, 22.171859216690063, 22.14845108985901, 22.368004941940306, 22.096349668502807, 21.939344501495363, 21.989771366119385, 22.02648754119873, 21.818513441085816, 21.99716787338257, 21.514775848388673, 21.596857595443726, 21.45764355659485, 21.492258739471435, 21.274767637252808, 21.2102548122406, 21.40073866844177, 21.13672094345093, 20.969442749023436, 20.843473291397096, 21.098087739944457, 20.93986611366272, 20.82782378196716, 20.775021696090697, 20.710131549835204, 21.00841555595398, 20.67379446029663, 20.714952325820924, 20.51151418685913, 20.61132106781006, 20.488583469390868, 20.56481018066406, 20.345531940460205, 20.630935382843017, 20.410541582107545, 20.443113708496092, 20.166261672973633, 20.31469597816467, 20.260041999816895, 20.284832239151, 20.206561040878295, 20.1061411857605, 20.12775602340698, 20.10759596824646, 20.076961278915405, 20.06215634346008, 19.96257348060608, 19.89109025001526, 19.936257553100585, 19.887941122055054, 20.01394929885864, 19.95064687728882, 19.96928424835205, 19.80186309814453, 19.958265638351442]}