{"ae_train_losses": [119.86511611938477, 71.53276920318604, 50.391615867614746, 48.132179260253906, 46.756377855936684, 42.661915143330894, 39.457191467285156, 37.52416737874349, 35.79505252838135, 33.87712891896566, 32.04471015930176, 30.465261936187744, 28.89345057805379, 27.585071245829266, 26.871965726216633, 26.45032024383545, 26.0834534962972, 25.655640125274658, 25.64233382542928, 25.283740361531574, 25.081909497578938, 24.770403226216633, 24.787476062774658, 24.636887709299724, 24.63196563720703, 24.603949387868244, 24.52324374516805, 24.432146072387695, 24.417713165283203, 24.20280917485555, 24.291204929351807, 24.265772660573322, 24.14747699101766, 24.281969865163166, 24.21152687072754, 24.02242437998454, 24.06221628189087, 24.1291602452596, 23.953949133555096, 24.113239924112957, 23.9733985265096, 23.8061424891154, 23.753428141276043, 23.906144777933758, 23.83789809544881, 23.868302981058758, 23.735631306966145, 23.740482966105144, 23.835110505421955, 23.907142480214436, 23.65876070658366, 23.676121552785236, 23.578462918599445, 23.65563456217448, 23.54950491587321, 23.547961076100666, 23.56373866399129, 23.6269056002299, 23.328221162160236, 23.29202349980672, 23.278684775034588, 23.01755968729655, 23.162318388621014, 23.019522190093994, 22.854949792226154, 22.885820070902508, 22.76151434580485, 22.72163661321004, 22.666831016540527, 22.69409163792928, 22.62345091501872, 22.69888909657796, 22.525276978810627, 22.475895881652832, 22.295814514160156, 22.38277514775594, 22.250885645548504, 22.363609472910564, 22.332605679829914, 22.380971431732178, 22.26438347498576, 22.096360683441162, 22.182758967081707, 22.255037625630695, 22.16972239812215, 22.08560276031494, 21.945967356363933, 21.98790629704793, 21.926437854766846, 21.998557090759277, 21.860393047332764, 21.798485279083252, 21.829502900441486, 21.945702075958252, 22.040589968363445, 22.01898177464803, 21.88171847661336, 22.035977045694988, 21.787073771158855, 21.929540475209553], "ae_eval_losses": [95.22974128723145, 67.85190343856812, 52.66683397293091, 47.90516653060913, 45.8939115524292, 39.900360870361325, 39.33231134414673, 36.72649440765381, 35.21176977157593, 33.442911052703856, 31.328099966049194, 29.610170221328737, 28.117202758789062, 27.21339955329895, 26.56694073677063, 26.062430143356323, 25.798188400268554, 25.636404609680177, 25.39284567832947, 25.199473762512206, 25.055754470825196, 24.70088658332825, 24.621919536590575, 24.753335189819335, 24.596883678436278, 24.55030937194824, 24.277019262313843, 24.273075151443482, 24.229603052139282, 24.31816530227661, 24.278250551223756, 24.11808023452759, 24.117573833465578, 24.240432500839233, 24.285970878601074, 24.001570987701417, 24.542869758605956, 23.961714839935304, 23.86051344871521, 24.25745735168457, 23.790572452545167, 23.758557558059692, 23.800722646713258, 23.7227698802948, 23.587229108810426, 23.893991422653198, 23.519029283523558, 23.718338203430175, 23.8328547000885, 23.90603585243225, 23.506830501556397, 23.587877702713012, 23.64017310142517, 23.794471168518065, 23.512300157546996, 23.87309103012085, 23.54349842071533, 23.25856409072876, 23.515335035324096, 23.086786556243897, 23.464762592315672, 23.16062970161438, 22.99187970161438, 22.838137340545654, 22.964393663406373, 22.892094564437866, 22.715361642837525, 22.64111108779907, 22.591404294967653, 22.54001579284668, 22.6676287651062, 22.50553889274597, 22.657462882995606, 22.305411911010744, 22.28517541885376, 22.21082797050476, 22.28903183937073, 22.247713613510133, 22.348170137405397, 22.186472129821777, 22.229899454116822, 22.089352655410767, 23.1197979927063, 22.133325242996214, 21.95574312210083, 22.119811725616454, 22.081806468963624, 22.054268264770506, 22.36450114250183, 21.806510543823244, 21.948334455490112, 21.88491287231445, 21.958261823654176, 21.779099655151366, 21.942427158355713, 21.855925226211546, 21.76854290962219, 23.73701720237732, 22.12835841178894, 21.865856742858888]}