{"ae_train_losses": [120.33827018737793, 79.3808987935384, 55.7032896677653, 49.634010314941406, 47.173556327819824, 46.54462210337321, 46.2295773824056, 40.263928731282554, 37.01870187123617, 35.049317359924316, 33.96824582417806, 32.94273885091146, 32.107545693715416, 31.540795008341473, 30.70705763498942, 29.995721181233723, 29.31311543782552, 28.345772584279377, 27.639479478200276, 26.9081605275472, 26.385266304016113, 25.9222731590271, 25.844600200653076, 25.63519811630249, 25.337860584259033, 25.073206901550293, 24.99257167180379, 24.939590295155842, 24.914875348409016, 24.692304611206055, 24.794034639994305, 24.56336275736491, 24.5638689994812, 24.45781898498535, 24.394458452860516, 24.517919381459553, 24.51943365732829, 24.29368193944295, 24.28681166966756, 24.281638940175373, 24.15706729888916, 24.285216013590496, 24.26549768447876, 24.32706610361735, 24.20037825902303, 24.355895519256592, 24.1873041788737, 24.35363229115804, 24.1654372215271, 24.232013702392578, 24.186834812164307, 24.028024037679035, 23.935721079508465, 23.89740292231242, 23.98086341222127, 23.927366733551025, 23.860930919647217, 23.824538230895996, 23.81003999710083, 23.842101256052654, 24.097951253255207, 23.869662284851074, 23.95617659886678, 23.86928955713908, 23.775471687316895, 23.765727202097576, 23.62521568934123, 23.707913875579834, 23.681136926015217, 23.69839906692505, 23.57177988688151, 23.73816951115926, 23.63656711578369, 23.706085046132404, 23.641396522521973, 23.609536170959473, 23.504200140635174, 23.339519659678142, 23.517041365305584, 23.37677462895711, 23.6931635538737, 23.5293231010437, 23.411882718404133, 23.350386142730713, 23.46852986017863, 23.385388215382893, 23.296638647715252, 23.44009812672933, 23.459231694539387, 23.493277231852215, 23.252886931101482, 23.343383471171062, 23.386850833892822, 23.60975392659505, 23.568318525950115, 23.53507947921753, 23.361396948496502, 23.359890937805176, 23.25380802154541, 23.49200677871704], "ae_eval_losses": [91.01328182220459, 91.92026138305664, 56.58430109024048, 47.57165946960449, 46.519789695739746, 68.55000562667847, 41.22589321136475, 38.54434509277344, 37.025502395629886, 34.68075437545777, 33.786467933654784, 32.909333324432374, 32.12296171188355, 31.42500786781311, 30.852206802368165, 29.49708495140076, 28.772838640213013, 28.43440008163452, 27.4235800743103, 26.673053169250487, 26.31171007156372, 25.920402002334594, 25.75100955963135, 25.61301736831665, 25.168405723571777, 25.227027273178102, 24.943238019943237, 24.77503356933594, 24.81308755874634, 24.752759313583375, 24.49901614189148, 24.786398029327394, 24.71879072189331, 24.603274297714233, 24.38443503379822, 24.823855066299437, 24.374072217941283, 24.342703676223756, 24.528375005722047, 24.600713300704957, 24.340567541122436, 24.302446269989012, 24.485981273651124, 24.289980173110962, 24.425734949111938, 24.139350032806398, 24.531317615509032, 25.193547439575195, 24.020622634887694, 24.10402307510376, 23.93551449775696, 24.032101440429688, 24.55999813079834, 23.810049724578857, 24.221075916290282, 23.952667140960692, 23.681478118896486, 23.728035068511964, 24.06183123588562, 24.87942228317261, 24.218194246292114, 23.90710582733154, 24.12388858795166, 24.128991317749023, 23.67851800918579, 24.01192636489868, 23.743638229370116, 24.77540636062622, 23.734807825088502, 23.580152463912963, 23.681874084472657, 23.752021741867065, 23.64148449897766, 23.66161141395569, 23.536827850341798, 23.432706832885742, 23.46493020057678, 23.43200511932373, 23.358617544174194, 23.61775493621826, 23.69625883102417, 23.47246894836426, 23.29941620826721, 23.584922122955323, 23.34797959327698, 23.61639838218689, 23.834291648864745, 23.403722476959228, 23.530799198150635, 23.522517919540405, 23.404576110839844, 23.376334762573244, 24.293526315689085, 23.956410551071166, 23.733102369308472, 23.752217245101928, 23.45875449180603, 23.367145776748657, 23.425864601135252, 23.30843563079834]}